{"model":{"version":3,"nodes":[{"name":"RootNode","position":[0,0,0],"rotation":[0,0,0],"scale":[0.01,0.01,0.01],"scaleCompensation":false},{"name":"obstacle-ropefence_01_H1","position":[0,0,0],"rotation":[2.50448e-06,-0,0],"scale":[1,1,1],"scaleCompensation":false}],"parents":[-1,0],"skins":[],"morphs":[],"vertices":[{"position":{"type":"float32","components":3,"data":[3.32521,175.652,563.267,3.84938,195.282,553.185,17.528,176.022,569.73,23.9351,195.806,562.326,-11.2941,176.263,568.702,-16.8255,196.147,560.871,-25.9784,197.893,580.882,-17.7662,177.498,582.852,-12.2998,178.632,597.428,-18.2477,199.497,601.496,1.83807,200.021,610.637,1.903,179.002,603.892,16.5223,178.391,598.457,22.5129,199.156,602.951,31.6658,197.41,582.94,22.9944,177.157,584.307,17.9872,216.671,566.394,3.78446,216.301,559.93,-10.8349,216.912,565.365,-17.307,218.146,579.515,-11.8405,219.281,594.092,2.36224,219.651,600.556,16.9816,219.04,595.121,23.4536,217.805,580.97,3.16846,226.395,579.552,-8.75041,176.575,572.126,-17.4308,172.335,583.289,-13.0884,177.518,583.014,-11.946,171.143,569.523,-8.75978,178.453,594.999,-11.9578,173.517,598.443,1.85844,173.81,603.923,2.16769,178.685,599.333,13.3709,178.268,595.789,16.0234,173.283,599.442,23.5417,171.992,584.752,19.3173,177.247,584.17,14.1707,176.384,572.944,17.0346,170.9,570.558,3.25317,170.525,564.083,14.1707,176.384,572.944,17.0346,170.9,570.558,3.27081,176.086,567.823,-18.9731,174.051,603.994,10.6353,-18.8622,610.707,22.633,173.703,605.479,-10.5987,-18.6845,609.949,22.633,173.703,605.479,24.0847,170.283,564.011,-18.9731,174.051,603.994,-17.5214,170.632,562.526,-9.85785,-20.4299,588.785,-17.5214,170.632,562.526,11.3762,-20.6075,589.543,24.0847,170.283,564.011,11.3762,-20.6075,589.543,24.0847,170.283,564.011,10.6353,-18.8622,610.707,22.633,173.703,605.479,-18.9731,174.051,603.994,-9.85785,-20.4299,588.785,-10.5987,-18.6845,609.949,-17.5214,170.632,562.526,-11.2942,177.268,284.1,-12.6261,197.805,276.116,3.12998,178.046,290.014,7.7728,198.904,284.48,-25.6537,176.224,290.129,-32.9334,196.328,284.643,-41.2534,195.339,305.065,-31.5368,175.524,304.57,-25.4973,175.58,318.963,-32.7123,195.417,325.42,-12.3134,196.517,333.784,-11.0731,176.357,324.877,3.28633,177.402,318.848,7.99391,197.994,325.257,16.3139,198.983,304.835,9.16945,178.101,304.407,0.557798,218.742,290.937,-13.8664,217.964,285.023,-28.2258,216.92,291.052,-34.109,216.221,305.493,-28.0695,216.276,319.886,-13.6453,217.054,325.8,0.714146,218.098,319.771,6.59726,218.797,305.33,-14.2886,225.937,305.602,-30.8171,170.384,304.451,-22.983,176.377,293.467,-25.903,171.012,290.435,-26.8697,175.88,304.553,-22.0694,175.914,316.394,-24.7478,170.428,319.423,-10.7487,171.2,324.366,-10.9973,176.526,320.304,0.0318179,177.313,316.306,3.19607,172.196,319.311,10.1007,172.973,304.287,5.49281,177.928,304.423,-0.092519,177.825,293.375,3.03887,172.844,290.319,-10.9656,172.093,284.377,-0.092519,177.825,293.375,3.03887,172.844,290.319,-11.1688,177.232,288.675,-31.5196,169.867,325.266,8.92419,-19.9575,310.596,10.0309,172.497,325.1,-12.2815,-21.2997,310.681,9.80525,173.427,283.477,-31.5196,169.867,325.266,10.0309,172.497,325.1,-31.7453,170.797,283.643,-9.37998,-20.8253,289.438,9.80525,173.427,283.477,11.8257,-19.4831,289.353,-31.7453,170.797,283.643,11.8257,-19.4831,289.353,9.80525,173.427,283.477,8.92419,-19.9575,310.596,10.0309,172.497,325.1,-12.2815,-21.2997,310.681,-31.7453,170.797,283.643,-9.37998,-20.8253,289.438,-31.5196,169.867,325.266,-0.0829172,122.219,71.3387,-0.115136,148.756,4.04698,-8.88461,117.551,69.2151,-8.91421,143.623,4.04698,-0.371792,110.749,118.43,-9.17503,105.786,117.149,-1.15675,109.742,167.676,-9.97105,104.643,167.408,-3.05604,120.904,222.728,-11.8942,115.887,223.421,-7.07502,146.104,289.601,-15.9409,141.256,290.888,-8.869,133.437,4.04698,-8.84465,108.296,64.9593,-9.13839,95.898,114.702,-9.95832,94.4595,167.151,-11.937,105.895,225.399,-16.0578,131.715,294.455,-0.00299001,103.709,62.8269,-0.0247063,128.383,4.047,-0.298496,90.9725,113.536,-1.13128,89.3754,167.161,-3.14165,100.92,226.686,-7.30888,127.023,296.736,8.77437,133.515,4.047,8.7987,108.377,64.9504,8.50474,95.9351,114.816,7.68302,94.4745,167.429,5.6965,105.937,225.993,1.55698,131.871,295.45,8.72915,143.702,4.04698,8.75874,117.631,69.2063,8.46809,105.823,117.264,7.67029,104.658,167.686,5.73931,115.929,224.014,1.67391,141.412,291.882,-0.115136,148.756,4.04698,-0.0829172,122.219,71.3387,-0.371792,110.749,118.43,-1.15675,109.742,167.676,-3.05604,120.904,222.728,-7.07502,146.104,289.601,-12.0138,117.446,365.247,-12.1051,129.768,317.109,-12.0392,108.438,360.971,-12.1051,139.74,317.109,-11.1423,105.662,413.252,-11.1392,95.9827,410.856,-9.92728,104.479,462.712,-9.62286,94.5096,462.707,-7.4281,106.042,514.485,-7.85149,115.826,512.343,-4.00507,132.067,578.611,-4.3917,141.414,575.161,-3.41696,103.956,358.735,-3.46957,124.782,317.109,-2.50336,91.1812,409.515,-0.873293,89.597,462.279,1.33506,101.191,514.739,4.74852,127.328,579.2,5.16597,129.768,317.109,5.23071,108.482,360.776,6.12934,96.0591,410.57,7.53175,94.6546,461.812,9.67448,106.124,512.85,13.1155,131.936,576.339,5.16597,139.74,317.109,5.25613,117.49,365.051,6.1262,105.738,412.966,7.24237,104.624,461.834,9.25146,115.908,510.708,12.7288,141.284,572.889,-3.46957,144.725,317.109,-3.36611,121.972,367.287,-2.50963,110.54,414.307,-1.49066,109.537,462.28,0.48871,120.759,510.455,3.97526,146.023,572.3,-3.36611,121.972,367.287,-3.46957,144.725,317.109,-2.50963,110.54,414.307,-1.49066,109.537,462.28,0.48871,120.759,510.455,3.97526,146.023,572.3]},"normal":{"type":"float32","components":3,