{"model":{"version":3,"nodes":[{"name":"RootNode","position":[0,0,0],"rotation":[0,0,0],"scale":[0.0254,0.0254,0.0254],"scaleCompensation":false},{"name":"endless1","position":[0,0,0],"rotation":[-90,-0,0],"scale":[1,1,1],"scaleCompensation":false}],"parents":[-1,0],"skins":[],"morphs":[],"vertices":[{"position":{"type":"float32","components":3,"data":[-126.638,-1.02145e-05,40.0471,-126.638,-4.43072e-06,4.5467,15.3617,-8.80392e-06,40.0471,15.3617,-3.02018e-06,4.5467,16.3457,-1.99095e-07,4.5467,114.201,9.15709e-08,4.5467,114.201,-5.69217e-06,40.0471,16.3457,-5.98284e-06,40.0471,15.3617,-8.80392e-06,40.0471,15.3617,-3.02018e-06,4.5467,126.564,6.729e-07,4.5467,126.564,-5.11084e-06,40.0471,114.201,-5.69217e-06,40.0471,114.201,9.15709e-08,4.5467]},"normal":{"type":"float32","components":3,"data":[9.93343e-09,-1,-1.62921e-07,9.93343e-09,-1,-1.62921e-07,1.43846e-06,-1,-1.62921e-07,1.43848e-06,-1,-1.62921e-07,1.43499e-06,-1,-1.62921e-07,2.49961e-08,-1,-1.62921e-07,2.49961e-08,-1,-1.62921e-07,1.43501e-06,-1,-1.62921e-07,1.43846e-06,-1,-1.62921e-07,1.43848e-06,-1,-1.62921e-07,4.70218e-08,-1,-1.62921e-07,4.70219e-08,-1,-1.62921e-07,2.49961e-08,-1,-1.62921e-07,2.49961e-08,-1,-1.62921e-07]},"color":{"type":"uint8","components":4,"data":[255,255,255,255,255,255,255,255,255,255,255,255,255,255,255,255,0,0,0,0,0,0,0,0,0,0,0,0,0,0,0,0,0,0,0,0,0,0,0,0,0,0,0,0,0,0,0,0,0,0,0,0,0,0,0,0]},"texCoord0":{"type":"float32","components":2,"data":[0,1,0,0.75,1,1,1,0.75,0,0.510888,0.689112,0.510888,0.689112,0.760888,0,0.760888,0,0.760888,0,0.510888,0.131216,0.25,0.131216,0.5,0.0441529,0.5,0.0441529,0.25]}}],"meshes":[{"aabb":{"min":[-126.638,-1.02145e-05,4.5467],"max":[126.564,6.729e-07,40.0471]},"vertices":0,"indices":[0,1,2,3,2,1,4,5,6,6,7,4,8,9,4,4,7,8,10,11,12,12,13,10],"type":"triangles","base":0,"count":24}],"meshInstances":[{"node":1,"mesh":0}]}}