{"model":{"version":3,"nodes":[{"name":"RootNode","position":[0,0,0],"rotation":[0,0,0],"scale":[0.01,0.01,0.01],"scaleCompensation":false},{"name":"Cylinder.001","position":[-34.3267,64.6919,16.4421],"rotation":[-90,0,0],"scale":[100,100,100],"scaleCompensation":false},{"name":"Lamp","position":[407.625,590.386,-100.545],"rotation":[47.5336,107.221,10.7437],"scale":[100,100,100],"scaleCompensation":false},{"name":"Camera","position":[748.113,534.367,650.764],"rotation":[22.7688,142.108,34.3485],"scale":[100,100,100],"scaleCompensation":false}],"parents":[-1,0,0,0],"skins":[],"morphs":[],"vertices":[{"position":{"type":"float32","components":3,"data":[0.15455,1.34696,1.3558,-6.05857e-08,1.3558,-1.3558,-6.05857e-08,1.3558,1.3558,0.15455,1.34696,-1.3558,0.307085,1.32057,1.3558,0.15455,1.34696,-1.3558,0.15455,1.34696,1.3558,0.307085,1.32057,-1.3558,0.455616,1.27695,1.3558,0.307085,1.32057,-1.3558,0.307085,1.32057,1.3558,0.455616,1.27695,-1.3558,0.598208,1.21669,1.3558,0.455616,1.27695,-1.3558,0.455616,1.27695,1.3558,0.598208,1.21669,-1.3558,0.733001,1.14057,1.3558,0.598208,1.21669,-1.3558,0.598208,1.21669,1.3558,0.733001,1.14057,-1.3558,0.858239,1.04958,1.3558,0.733001,1.14057,-1.3558,0.733001,1.14057,1.3558,0.858239,1.04958,-1.3558,0.972288,0.944909,1.3558,0.858239,1.04958,-1.3558,0.858239,1.04958,1.3558,0.972288,0.944909,-1.3558,1.07366,0.827917,1.3558,0.972288,0.944909,-1.3558,0.972288,0.944909,1.3558,1.07366,0.827917,-1.3558,1.16104,0.700132,1.3558,1.07366,0.827917,-1.3558,1.07366,0.827917,1.3558,1.16104,0.700132,-1.3558,1.23328,0.56322,1.3558,1.16104,0.700132,-1.3558,1.16104,0.700132,1.3558,1.23328,0.56322,-1.3558,1.28944,0.418966,1.3558,1.23328,0.56322,-1.3558,1.23328,0.56322,1.3558,1.28944,0.418966,-1.3558,1.3288,0.269249,1.3558,1.28944,0.418966,-1.3558,1.28944,0.418966,1.3558,1.3288,0.269249,-1.3558,1.35083,0.116023,1.3558,1.3288,0.269249,-1.3558,1.3288,0.269249,1.3558,1.35083,0.116023,-1.3558,1.35525,-0.0387161,1.3558,1.35083,0.116023,-1.3558,1.35083,0.116023,1.3558,1.35525,-0.0387161,-1.3558,1.342,-0.19295,1.3558,1.35525,-0.0387161,-1.3558,1.35525,-0.0387161,1.3558,1.342,-0.19295,-1.3558,1.31126,-0.344669,1.3558,1.342,-0.19295,-1.3558,1.342,-0.19295,1.3558,1.31126,-0.344669,-1.3558,1.26342,-0.491895,1.3558,1.31126,-0.344669,-1.3558,1.31126,-0.344669,1.3558,1.26342,-0.491895,-1.3558,1.19912,-0.632708,1.3558,1.26342,-0.491895,-1.3558,1.26342,-0.491895,1.3558,1.19912,-0.632708,-1.3558,1.11918,-0.765272,1.3558,1.19912,-0.632708,-1.3558,1.19912,-0.632708,1.3558,1.11918,-0.765272,-1.3558,1.02465,-0.88786,1.3558,1.11918,-0.765272,-1.3558,1.11918,-0.765272,1.3558,1.02465,-0.88786,-1.3558,0.916759,-0.998874,1.3558,1.02465,-0.88786,-1.3558,1.02465,-0.88786,1.3558,0.916759,-0.998874,-1.3558,0.79692,-1.09687,1.3558,0.916759,-0.998874,-1.3558,0.916759,-0.998874,1.3558,0.79692,-1.09687,-1.3558,0.666692,-1.18056,1.3558,0.79692,-1.09687,-1.3558,0.79692,-1.09687,1.3558,0.666692,-1.18056,-1.3558,0.527773,-1.24886,1.3558,0.666692,-1.18056,-1.3558,0.666692,-1.18056,1.3558,0.527773,-1.24886,-1.3558,0.381974,-1.30088,1.3558,0.527773,-1.24886,-1.3558,0.527773,-1.24886,1.3558,0.381974,-1.30088,-1.3558,0.231195,-1.33594,1.3558,0.381974,-1.30088,-1.3558,0.381974,-1.30088,1.3558,0.231195,-1.33594,-1.3558,0.0774018,-1.35359,1.3558,0.231195,-1.33594,-1.3558,0.231195,-1.33594,1.3558,0.0774018,-1.35359,-1.3558,-0.0774002,-1.35359,1.3558,0.0774018,-1.35359,-1.3558,0.0774018,-1.35359,1.3558,-0.0774002,-1.35359,-1.3558,-0.231193,-1.33594,1.3558,-0.0774002,-1.35359,-1.3558,-0.0774002,-1.35359,1.3558,-0.231193,-1.33594,-1.3558,-0.381972,-1.30088,1.3558,-0.231193,-1.33594,-1.3558,-0.231193,-1.33594,1.3558,-0.381972,-1.30088,-1.3558,-0.527772,-1.24886,1.3558,-0.381972,-1.30088,-1.3558,-0.381972,-1.30088,1.3558,-0.527772,-1.24886,-1.3558,-0.666691,-1.18056,1.3558,-0.527772,-1.24886,-1.3558,-0.527772,-1.24886,1.3558,-0.666691,-1.18056,-1.3558,-0.796919,-1.09687,1.3558,-0.666691,-1.18056,-1.3558,-0.666691,-1.18056,1.3558,-0.796919,-1.09687,-1.3558,-0.916758,-0.998875,1.3558,-0.796919,-1.09687,-1.3558,-0.796919,-1.09687,1.3558,-0.916758,-0.998875,-1.3558,-1.02465,-0.887862,1.3558,-0.916758,-0.998875,-1.3558,-0.916758,-0.998875,1.3558,-1.02465,-0.887862,-1.3558,-1.11917,-0.765274,1.3558,-1.02465,-0.887862,-1.3558,-1.02465,-0.887862,1.3558,-1.11917,-0.765274,-1.3558,-1.19911,-0.632709,1.3558,-1.11917,-0.765274,-1.3558,-1.11917,-0.765274,1.3558,-1.19911,-0.632709,-1.3558,-1.26342,-0.491896,1.3558,-1.19911,-0.632709,-1.3558,-1.19911,-0.632709,1.3558,-1.26342,-0.491896,-1.3558,-1.31126,-0.344671,1.3558,-1.26342,-0.491896,-1.3558,-1.26342,-0.491896,1.3558,-1.31126,-0.344671,-1.3558,-1.342,-0.192952,1.3558,-1.31126,-0.344671,-1.3558,-1.31126,-0.344671,1.3558,-1.342,-0.192952,-1.3558,-1.35525,-0.0387178,1.3558,-1.342,-0.192952,-1.3558,-1.342,-0.192952,1.3558,-1.35525,-0.0387178,-1.3558,-1.35083,0.116021,1.3558,-1.35525,-0.0387178,-1.3558,-1.35525,-0.0387178,1.3558,-1.35083,0.116021,-1.3558,-1.3288,0.269248,1.3558,-1.35083,0.116021,-1.3558,-1.35083,0.116021,1.3558,-1.3288,0.269248,-1.3558,-1.28944,0.418964,1.3558,-1.3288,0.269248,-1.3558,-1.3288,0.269248,1.3558,-1.28944,0.418964,-1.3558,-1.23328,0.563219,1.3558,-1.28944,0.418964,-1.3558,-1.28944,0.418964,1.3558,-1.23328,0.563219,-1.3558,-1.16104,0.700131,1.3558,-1.23328,0.563219,-1.3558,-1.23328,0.563219,1.3558,-1.16104,0.700131,-1.3558,-1.07366,0.827916,1.3558,-1.16104,0.700131,-1.3558,-1.16104,0.700131,1.3558,-1.07366,0.827916,-1.3558,-0.972289,0.944907,1.3558,-1.07366,0.827916,-1.3558,-1.07366,0.827916,1.3558,-0.972289,0.944907,-1.3558,-0.858241,1.04958,1.3558,-0.972289,0.944907,-1.3558,-0.972289,0.944907,1.3558,-0.858241,1.04958,-1.3558,-0.733003,1.14057,1.3558,-0.858241,1.04958,-1.3558,-0.858241,1.04958,1.3558,-0.733003,1.14057,-1.3558,-0.59821,1.21669,1.3558,-0.733003,1.14057,-1.3558,-0.733003,1.14057,1.3558,-0.59821,1.21669,-1.3558,-0.455618,1.27695,1.3558,-0.59821,1.21669,-1.3558,-0.59821,1.21669,1.3558,-0.455618,1.27695,-1.3558,-0.307087,1.32057,1.3558,-0.455618,1.27695,-1.3558,-0.455618,1.27695,1.3558,-0.307087,1.32057,-1.3558,1.342,-0.19295,1.3558,-1.19911,-0.632709,1.3558,-0.381972,-1.30088,1.3558,0.381974,-1.30088,1.3558,-0.455618,1.27695,1.3558,0.455616,1.27695,1.3558,1.23328,0.56322,1.3558,-1.342,-0.192952,1.3558,-1.3288,0.269248,1.3558,-1.35083,0.116021,1.3558,-1.28944,0.418964,1.3558,-0.733003,1.14057,1.3558,-0.972289,0.944907,1.3558,1.3288,0.269249,1.3558,-0.916758,-0.998875,1.3558,-0.666691,-1.18056,1.3558,-0.231193,-1.33594,1.3558,-6.05857e-08,1.3558,1.3558,0.307085,1.32057,1.3558,0.15455,1.34696,1.3558,-0.307087,1.32057,1.3558,-0.154552,1.34696,1.3558,-0.59821,1.21669,1.3558,-0.858241,1.04958,1.3558,-1.16104,0.700131,1.3558,-1.07366,0.827916,1.3558,-1.23328,0.563219,1.3558,-1.35525,-0.0387178,1.3558,-1.26342,-0.491896,1.3558,-1.31126,-0.344671,1.3558,-1.11917,-0.765274,1.3558,-1.02465,-0.887862,1.3558,-0.796919,-1.09687,1.3558,-0.527772,-1.24886,1.3558,1.02465,-0.88786,1.3558,1.19912,-0.632708,1.3558,0.0774018,-1.35359,1.3558,-0.0774002,-1.35359,1.3558,0.231195,-1.33594,1.3558,0.666692,-1.18056,1.3558,0.527773,-1.24886,1.3558,0.916759,-0.998874,1.3558,0.79692,-1.09687,1.3558,1.11918,-0.765272,1.3558,1.31126,-0.344669,1.3558,1.26342,-0.491895,1.3558,1.35525,-0.0387161,1.3558,1.35083,0.116023,1.3558,1.28944,0.418966,1.3558,1.07366,0.827917,1.3558,0.858239,1.04958,1.3558,1.16104,0.700132,1.3558,0.972288,0.944909,1.3558,0.733001,1.14057,1.3558,0.598208,1.21669,1.3558,-0.154552,1.34696,1.3558,-0.307087,1.32057,-1.3558,-0.307087,1.32057,1.3558,-0.154552,1.34696,-1.3558,-6.05857e-08,1.3558,1.3558,-0.154552,1.34696,-1.3558,-0.154552,1.34696,1.3558,-6.05857e-08,1.3558,-1.3558,0.381974,-1.30088,-1.3558,1.342,-0.19295,-1.3558,1.02465,-0.88786,-1.3558,0.455616,1.27695,-1.3558,1.23328,0.56322,-1.3558,-0.455618,1.27695,-1.3558,0.733001,1.14057,-1.3558,-1.19911,-0.632709,-1.3558,-0.381972,-1.30088,-1.3558,-0.916758,-0.998875,-1.3558,-1.342,-0.192952,-1.3558,-1.28944,0.418964,-1.3558,-0.972289,0.944907,-1.3558,-0.733003,1.14057,-1.3558,