{"model":{"version":3,"nodes":[{"name":"RootNode","position":[0,0,0],"rotation":[0,0,0],"scale":[0.0254,0.0254,0.0254],"scaleCompensation":false},{"name":"stage1-gradiente","position":[-5.91267,487.031,-92.8308],"rotation":[91.0542,8.65142e-06,-180],"scale":[16.8764,281.709,281.709],"scaleCompensation":false}],"parents":[-1,0],"skins":[],"morphs":[],"vertices":[{"position":{"type":"float32","components":3,"data":[-24.7203,-4.91142e-05,1.61069,24.7203,-4.91142e-05,1.61069,24.7198,-5.00679e-05,-1.61069,24.7198,-5.00679e-05,-1.61069,-24.098,-5.00679e-05,-1.61069,-24.7203,-4.91142e-05,1.61069]},"normal":{"type":"float32","components":3,"data":[-2.85525e-15,1,-2.96046e-07,-2.85526e-15,1,-2.96046e-07,-2.85525e-15,1,-2.96046e-07,7.22922e-16,1,-2.96046e-07,7.22922e-16,1,-2.96046e-07,7.22922e-16,1,-2.96046e-07]},"texCoord0":{"type":"float32","components":2,"data":[0.00227036,0.998253,0.00218313,0.998253,0.00218313,0.00750541,0.00218313,0.00750541,0.00226925,0.00750541,0.00227036,0.998253]}}],"meshes":[{"aabb":{"min":[-24.7203,-5.00679e-05,-1.61069],"max":[24.7203,-4.91142e-05,1.61069]},"vertices":0,"indices":[0,1,2,3,4,5],"type":"triangles","base":0,"count":6}],"meshInstances":[{"node":1,"mesh":0}]}}