{"model":{"version":3,"nodes":[{"name":"RootNode","position":[0,0,0],"rotation":[0,0,0],"scale":[0.0254,0.0254,0.0254],"scaleCompensation":false},{"name":"completed-30","position":[0,0,0],"rotation":[-90,-0,0],"scale":[1,1,1],"scaleCompensation":false}],"parents":[-1,0],"skins":[],"morphs":[],"vertices":[{"position":{"type":"float32","components":3,"data":[-30.8112,-4.30207e-05,40.4006,-30.8112,-4.28101e-05,3.62523,12.5815,-4.28771e-05,40.4006,12.5815,-4.27363e-05,3.62607,12.5815,-4.27363e-05,3.62607,38.3262,-4.24416e-05,3.62776,12.5815,-4.28771e-05,40.4006,38.3262,-4.24427e-05,40.4006]},"normal":{"type":"float32","components":3,"data":[3.31044e-09,-1,-5.72565e-09,2.59034e-09,-1,-4.87596e-09,8.59212e-09,-1,-3.09165e-09,6.5745e-09,-1,-3.82718e-09,6.5745e-09,-1,-3.82718e-09,1.35567e-08,-1,-2.35068e-09,8.59212e-09,-1,-3.09165e-09,1.68717e-08,-1,-2.98767e-11]},"texCoord0":{"type":"float32","components":2,"data":[0.650905,0.998859,0.650905,0.734922,0.976425,0.998859,0.976425,0.734922,0.44706,0.20459,0.44706,0.00065548,0.698577,0.20459,0.698577,0.00065548]}}],"meshes":[{"aabb":{"min":[-30.8112,-4.30207e-05,3.62523],"max":[38.3262,-4.24416e-05,40.4006]},"vertices":0,"indices":[0,1,2,3,2,1,4,5,6,7,6,5],"type":"triangles","base":0,"count":12}],"meshInstances":[{"node":1,"mesh":0}]}}