{"model":{"version":3,"nodes":[{"name":"RootNode","position":[0,0,0],"rotation":[0,0,0],"scale":[0.0254,0.0254,0.0254],"scaleCompensation":false},{"name":"mandala-stage4","position":[0,0,0],"rotation":[-1.11559e-05,1.27222e-14,-1.27222e-14],"scale":[13.1788,219.987,219.987],"scaleCompensation":false}],"parents":[-1,0],"skins":[],"morphs":[],"vertices":[{"position":{"type":"float32","components":3,"data":[-19.8022,1.16345,-6.85453e-07,19.8129,-1.16345,6.55651e-07,19.8128,1.16345,-6.55651e-07,-19.8235,-1.16345,6.85453e-07]},"normal":{"type":"float32","components":3,"data":[0,5.76348e-07,1,0,5.76348e-07,1,0,5.76348e-07,1,0,5.76348e-07,1]},"texCoord0":{"type":"float32","components":2,"data":[0.0415753,0.994682,0.964752,0.0906275,0.96475,0.994682,0.0410799,0.0906275]}}],"meshes":[{"aabb":{"min":[-19.8235,-1.16345,-6.85453e-07],"max":[19.8129,1.16345,6.85453e-07]},"vertices":0,"indices":[0,1,2,1,0,3],"type":"triangles","base":0,"count":6}],"meshInstances":[{"node":1,"mesh":0}]}}