{"model":{"version":3,"nodes":[{"name":"RootNode","position":[0,0,0],"rotation":[0,0,0],"scale":[0.01,0.01,0.01],"scaleCompensation":false},{"name":"cloud02_m_root","position":[0,0,0],"rotation":[0,0,0],"scale":[1,1,1],"scaleCompensation":false},{"name":"default","position":[0,0,0],"rotation":[0,0,0],"scale":[1,1,1],"scaleCompensation":false}],"parents":[-1,0,1],"skins":[],"morphs":[],"vertices":[{"position":{"type":"float32","components":3,"data":[-1.56913,-1.20554,-0.387895,-1.30005,-1.20406,-1.29606,-1.25522,-1.20554,-0.387895,-1.89299,-1.26535,-1.2589,-1.37434,-1.14699,-1.75762,-1.90479,-1.23787,-1.79202,-2.5763,-1.24828,-1.5248,-2.5763,-1.24828,-1.78645,-2.84309,-0.628435,-1.79363,-3.25467,-0.430358,-1.77035,-2.80224,-0.116133,-1.77331,-3.25467,-0.210768,-1.77035,-3.37047,-0.412066,-0.424047,-3.30487,-0.13692,-1.29606,-3.30487,-0.464404,-1.29606,-3.33894,0.095414,-0.421956,-2.7768,-0.650655,-0.424047,-2.84309,-0.792802,-1.33776,-3.08923,0.444218,-0.421956,-2.81345,0.207996,-1.4091,-3.34452,1.13329,-0.421955,-3.43755,1.93485,-0.424047,-3.34014,1.37725,-0.935042,-3.33867,1.93485,-0.952455,-3.08923,0.784483,-0.421955,-2.79534,1.07709,-1.0665,-2.7768,1.93485,-0.999499,-1.86189,0.158323,-2.05934,-1.19413,-0.681176,-1.93653,-1.90479,-0.681176,-2.00017,-1.04224,0.088019,-2.12888,-0.604216,-0.235914,-0.813827,-0.883803,-0.681176,-1.29606,-0.616539,-0.20819,-1.29606,-0.858533,-0.791349,-0.443476,-1.90479,1.93485,-1.06671,-1.36802,1.25768,-1.58117,-1.94051,1.00534,-1.45417,-1.05953,1.98346,-1.47629,-2.17579,-1.04812,-0.943457,-1.91793,-0.959249,-0.387895,-1.67366,0.676336,-1.81843,-1.05953,1.00534,-1.89517,-0.786685,1.7252,-1.74801,-2.255,0.516827,-1.66747,-1.78903,-1.21743,1.31997,-1.62864,-1.21399,0.447962,-1.22003,-1.21743,1.31997,-1.24972,-1.21399,0.447962,-1.72422,-1.18299,1.87714,-1.20379,-1.18299,1.87714,-3.37013,-0.373979,0.447962,-3.29324,-0.116985,0.95699,-3.37013,-0.023751,0.447962,-3.29324,-0.301513,0.95699,-2.7768,-0.474466,0.447962,-2.70652,-0.469886,1.27658,-2.7798,0.139579,1.35648,-3.11314,0.412254,0.447962,-2.59215,1.93869,1.12038,-3.10711,1.03241,0.572908,-2.72645,0.996235,1.29446,-2.94095,1.93869,0.773677,-3.28195,1.2352,0.417378,-3.31169,1.93485,0.3101,-1.98139,0.075486,2.14784,-0.952659,-0.668328,1.93279,-1.01558,0.188561,2.25444,-1.96378,-0.676195,2.11336,-1.53337,1.72094,1.76569,-1.03649,1.10107,2.3692,-1.06274,1.85092,1.94482,-1.82126,0.988433,1.87782,-2.22503,-0.919813,1.31997,-2.06464,-0.781664,0.447962,-2.369,-0.525879,1.84769,-2.36921,0.139617,1.8152,-2.05624,1.2295,1.70496,-1.87941,1.93993,1.53804,-0.748297,0.622293,2.63058,-0.748297,0.835877,2.63058,-1.37339,2.08564,1.72545,-2.35996,0.648156,1.76297,-0.813719,-0.970819,0.447962,-0.809422,-0.852466,1.40717,-3.26655,2.722,-0.502761,-3.24015,3.3043,-0.92525,-3.25351,2.75234,-0.928099,-3.32021,3.59838,-0.438674,-3.12297,3.59838,-0.438674,-2.7893,3.62853,-1.10122,-2.864,2.75234,-1.0352,-3.17144,2.89757,-0.324116,-2.51432,5.01376,-0.606231,-2.59556,4.55088,-1.05204,-2.80131,4.56921,-0.378385,-2.51432,5.01376,-0.938063,-0.998438,2.78618,-1.40224,-1.90479,2.80686,-1.06097,-0.998438,3.59395,-1.3106,-1.90479,3.67887,-1.16319,-1.81286,5.30336,-0.923107,-1.88324,4.81218,-0.432062,-1.83757,4.47405,-1.04429,-1.88434,5.22424,-0.539059,-0.96702,4.8072,-0.822237,-0.96702,4.45839,-0.951982,-0.96702,5.1086,-0.822237,-0.96702,5.45741,-0.916374,-3.40026,4.22755,-0.150538,-0.684871,3.24666,-1.73389,-0.684871,3.06305,-1.73389,-1.03278,6.26833,-0.424046,-1.54228,5.94253,-0.908149,-1.67822,6.08198,-0.424046,-1.03278,5.99316,-0.930455,-2.6625,2.80686,1.14428,-3.11357,3.68479,0.539836,-3.08827,2.75955,0.449342,-2.77802,3.73222,1.09901,-1.8171,3.54853,1.14159,-1.06274,2.87745,1.58766,-1.11998,3.60966,1.20237,-1.85709,2.80686,1.36515,-1.68335,5.14827,1.07846,-2.22641,4.84226,0.447963,-1.94633,4.56798,1.15551,-1.84953,5.43252,0.442331,-1.03278,5.21675,1.14135,-1.03278,5.65276,0.704954,-1.03278,4.55088,1.29085,-2.55664,4.28871,1.04966,-2.81911,4.41558,0.471009,-3.35339,3.90576,0.367769,-3.40026,4.22755,0.195702,-1.67453,6.0727,0.147907,-1.03278,6.13407,0.268949,-0.418513,-0.235914,-0.813827,-0.141016,-0.151056,-1.27176,0.162827,-0.331135,-0.964896,-0.141016,-0.554441,-0.483513,0.711236,-0.735422,-0.424047,0.696784,-0.519198,-1.27176,0.66812,0.163412,-1.61448,0.961342,1.42224,-0.424047,0.365816,1.93485,-1.02602,0.682929,1.93485,-0.424047,0.63379,1.10933,-1.34292,0.045909,1.39114,-1.58447,-0.19023,2.04803,-1.52315,1.5752,-0.08101,-2.21381,2.16311,-0.406994,-1.98019,1.5752,-0.437815,-2.21381,2.16311,-0.099846,-1.98019,2.25491,-0.393423,-0.424047,2.32928,0.190828,-1.28233,2.53483,0.190833,-0.424047,2.2877,-0.463276,-1.29606,1.58325,-0.662345,-0.424047,1.58325,-0.741337,-1.29606,2.29917,0.804401,-0.424047,2.17805,0.75411,-0.982509,1.58325,1.16379,-0.424047,1.58325,0.872801,-1.13289,0.66812,0.163412,-1.87416,0.977819,-0.404422,-1.99618,-0.160773,0.301534,-1.87428,0.35842,0.809805,-1.75214,-0.211165,1.08542,-1.8554,1.58325,0.396035,-1.56889,-0.422961,1.88662,-1.74402,-0.409778,-0.568285,1.31997,-0.115493,-0.602371,0.533314,0.205362,-0.244086,0.880885,0.026227,-0.17505,1.31997,0.720882,0.2227,1.17464,0.856778,0.116257,0.829265,0.760137,-0.458896,0.478059,0.649976,1.93485,1.31997,1.11163,1.2021,0.435448,0.953417,1.84765,0.365226,0.688083,1.1052,1.40717,0.33736,1.93485,1.87459,-0.012508,1.09237,2.37559,0.359322,1.06544,2.06588,-0.160773,1.93485,2.10093,1.49604,0.260177,0.714183,2.11939,-0.313857,0.242278,2.25518,0.190833,0.329152,1.58325,-0.406984,0.333632,2.23368,0.736317,0.204562,1.49604,1.03403,0.286905,-0.396161,0.622293,2.63058,-0.191534,0.234765,2.18569,-0.228313,0.843571,2.62994,0.390932,0.428578,2.01282,-0.568246,-0.510144,1.77722,0.2744,3.23061,-0.858876,-0.148793,2.78683,-1.36711,-0.20722,3.64021,-1.20179,0.217269,3.71741,-0.859325,0.343421,2.64928,-0.938266,0.481966,2.88671,-0.510542,0.375164,3.71741,-0.510521,0.32549,4.52645,-0.368651,-0.01496,4.58105,-0.669909,0.343633,5.16857,-0.167955,-0.19744,5.45746,-0.492901,-0.232603,4.41341,-0.936651,-0.593066,3.24666,-1.73389,-0.466188,2.89001,-1.73343,-0.433776,6.04524,-0.424046,-0.574952,5.74636,-0.905824,-0.574952,5.95427,-0.905824,0.432557,3.61305,1.30603,0.748338,2.80686,0.447963,0.568303,3.67887,0.447963,0.59233,2.80686,1.31997,0.11558,3.2785,1.78369,0.3265,2.80686,1.84115,0.313232,3.2785,1.78369,-0.169363,2.87745,1.85842,0.240129,4.7535,0.64279,-0.352912,5.13198,1.03265,-0.101655,4.56076,1.11061,-0.08642,5.44095,0.535866,0.300013,4.27668,1.00606,0.337881,4.54063,0.432513,0.343633,5.16857,0.271728,-0.169363,3.61305,1.53033,-0.46576,3.21518,1.73219,-0.79205,2.63385,1.81315,-0.401268,6.01198,0.218664,-3.25245,2.43734,0.159592]},"normal":{"type":"float32","components":3,