{"model":{"version":3,"nodes":[{"name":"RootNode","position":[0,0,0],"rotation":[0,0,0],"scale":[0.01,0.01,0.01],"scaleCompensation":false},{"name":"beach_star_m_root","position":[0,0,0],"rotation":[0,0,0],"scale":[1,1,1],"scaleCompensation":false},{"name":"default","position":[0,0,0],"rotation":[0,0,0],"scale":[1,1,1],"scaleCompensation":false}],"parents":[-1,0,1],"skins":[],"morphs":[],"vertices":[{"position":{"type":"float32","components":3,"data":[0.037017,0,-0.143812,0.010956,0,-0.212112,0.019856,0.031386,-0.120193,0.088771,0,0.028843,0.089276,0.030709,0.086645,0.11559,0,0.100108,0.033238,0.033308,0.0108,0.054863,0,-0.075513,0.110145,0.031386,-0.057243,0.130103,0,-0.078552,0.020542,0.033308,-0.028274,-0.121244,0.031386,-0.018961,-0.088771,0,0.028843,-0.033238,0.033308,0.0108,-0.150125,0,-0.014688,0,0,0.093339,-0.061988,0.031386,0.102008,-0.056021,0,0.130587,0,0.033308,0.034948,0.142521,0,-0.013914,0.205452,0,-0.048359,0.116088,0.031386,-0.02631,0.057274,0,0.130627,0.108392,0.000905,0.180951,0.061369,0.0308,0.101251,-0.116054,0,0.103599,-0.124035,0,0.174895,-0.090718,0.031386,0.089093,-0.119646,0,-0.073026,-0.190347,0,-0.085195,-0.106658,0.031386,-0.046879,-0.020542,0.033308,-0.028274,0,0.038886,0,-0.200495,0,-0.065774,-0.011643,0.031386,-0.120193,-0.054863,0,-0.075513,-0.028803,0,-0.143812,-0.010956,0,-0.212112,0.201318,0,-0.069878,0.127807,0.000842,0.170791,-0.104048,0,0.18388,0.054863,0,-0.075513,-0.088771,0,0.028843,0.037017,0,-0.143812,0.019856,-0.031386,-0.120193,0.010956,0,-0.212112,0.088771,0,0.028843,0.11559,0,0.100108,0.089276,-0.030709,0.086645,0.033238,-0.033308,0.0108,0.054863,0,-0.075513,0.110145,-0.031386,-0.057243,0.020542,-0.033308,-0.028274,0.130103,0,-0.078552,-0.088771,0,0.028843,-0.121244,-0.031386,-0.018961,-0.033238,-0.033308,0.0108,-0.150125,0,-0.014688,0,0,0.093339,-0.061988,-0.031386,0.102008,0,-0.033308,0.034948,-0.056021,0,0.130587,0.142521,0,-0.013914,0.116088,-0.031386,-0.02631,0.205452,0,-0.048359,0.057274,0,0.130627,0.061369,-0.0308,0.101251,0.108392,-0.000905,0.180951,-0.116054,0,0.103599,-0.090718,-0.031386,0.089093,-0.124035,0,0.174895,-0.119646,0,-0.073026,-0.106658,-0.031386,-0.046879,-0.190347,0,-0.085195,-0.020542,-0.033308,-0.028274,0,-0.038886,0,-0.200495,0,-0.065774,-0.011643,-0.031386,-0.120193,-0.054863,0,-0.075513,-0.028803,0,-0.143812,-0.010956,0,-0.212112,0.201318,0,-0.069878,0.127807,-0.000842,0.170791,-0.104048,0,0.18388,0.054863,0,-0.075513,-0.088771,0,0.028843]},"normal":{"type":"float32","components":3,"data":[0.7369,0.6415,-0.2132,0.1572,0.9298,-0.3327,0.3934,0.9035,-0.1701,0.5862,0.8007,0.1235,0.4307,0.8982,-0.088,0.7445,0.6311,-0.2176,0.1861,0.9809,0.0569,-0.1349,0.6651,-0.7345,0.0529,0.8992,-0.4343,0.016,0.6274,-0.7786,0.109,0.9826,-0.1505,-0.3069,0.8988,0.3128,-0.3352,0.6669,0.6655,-0.1809,0.9818,0.0571,-0.492,0.6285,0.6024,0.005,0.8182,0.5749,0.194,0.9219,0.3353,0.5367,0.6567,0.5299,0.0025,0.9793,0.2024,0.3738,0.6517,0.66,0.3517,0.9307,0.1006,0.2716,0.9182,0.2882,-0.515,0.6612,0.5455,0.0013,0.9365,0.3505,-0.1864,0.922,0.3393,-0.7592,0.6245,-0.1835,-0.2844,0.9307,0.23,-0.4388,0.8952,-0.0778,0.1077,0.6531,-0.7495,-0.2128,0.9307,-0.2975,-0.0429,0.9194,-0.391,-0.1183,0.9796,-0.1622,0,1,0,-0.3658,0.9307,-0.0048,-0.3614,0.9142,-0.1836,-0.3461,0.8104,-0.4726,-0.7496,0.6346,-0.1881,-0.1729,0.9317,-0.3194,0.2894,0.9307,-0.2237,0.2909,0.9358,0.199,0.0168,0.9307,0.3654,0.7274,0.68,-0.0923,-0.6668,0.6519,-0.3611,0.7369,-0.6415,-0.2132,0.3934,-0.9035,-0.1701,0.1572,-0.9298,-0.3327,0.5862,-0.8007,0.1235,0.7445,-0.6311,-0.2176,0.4307,-0.8982,-0.088,0.1861,-0.9809,0.0569,-0.1349,-0.6651,-0.7345,0.0529,-0.8992,-0.4343,0.109,-0.9826,-0.1505,0.016,-0.6274,-0.7786,-0.3352,-0.6669,0.6655,-0.3069,-0.8988,0.3128,-0.1809,-0.9818,0.0571,-0.492,-0.6285,0.6024,0.005,-0.8182,0.5749,0.194,-0.9219,0.3353,0.0025,-0.9793,0.2024,0.5367,-0.6567,0.5299,0.3738,-0.6517,0.66,0.2716,-0.9182,0.2882,0.3517,-0.9307,0.1006,-0.515,-0.6612,0.5455,-0.1864,-0.922,0.3393,0.0013,-0.9365,0.3505,-0.7592,-0.6245,-0.1835,-0.4388,-0.8952,-0.0778,-0.2844,-0.9307,0.23,0.1077,-0.6531,-0.7495,-0.0429,-0.9194,-0.391,-0.2128,-0.9307,-0.2975,-0.1183,-0.9796,-0.1622,0,-1,0,-0.3658,-0.9307,-0.0048,-0.3614,-0.9142,-0.1836,-0.3461,-0.8104,-0.4726,-0.7496,-0.6346,-0.1881,-0.1729,-0.9317,-0.3194,0.2894,-0.9307,-0.2237,0.2909,-0.9358,0.199,0.0168,-0.9307,0.3654,0.7274,-0.68,-0.0923,-0.6668,-0.6519,-0.3611]},"texCoord0":{"type":"float32","components":2,"data":[0.216169,0.572621,0.222218,0.577319,0.212622,0.573861,0.199128,0.560296,0.192683,0.560034,0.1926,0.556278,0.199295,0.567808,0.21012,0.567923,0.208377,0.561713,0.211923,0.560473,0.203027,0.570404,0.197947,0.585023,0.192886,0.581024,0.197167,0.574848,0.195807,0.588111,0.188477,0.568393,0.186237,0.574441,0.182639,0.57336,0.195673,0.570555,0.205465,0.555995,0.211802,0.551694,0.205549,0.559751,0.186345,0.561036,0.184213,0.55368,0.189943,0.562117,0.185231,0.580779,0.177577,0.580534,0.187372,0.577691,0.203664,0.587939,0.201065,0.595143,0.201388,0.584949,0.201711,0.574755,0.199375,0.571674,0.198727,0.595199,0.21163,0.577157,0.206262,0.580734,0.213905,0.580147,0.221548,0.57956,0.213727,0.553023,0.186071,0.552261,0.176801,0.578327,0.21012,0.567923,0.192886,0.581024,0.216169,0.572621,0.212622,0.573861,0.222218,0.577319,0.199128,0.560296,0.1926,0.556278,0.192683,0.560034,0.199295,0.567808,0.21012,0.567923,0.208377,0.561713,0.203027,0.570404,0.211923,0.560473,0.192886,0.581024,0.197947,0.585023,0.197167,0.574848,0.195807,0.588111,0.188477,0.568393,0.186237,0.574441,0.195673,0.570555,0.182639,0.57336,0.205465,0.555995,0.205549,0.559751,0.211802,0.551694,0.186345,0.561036,0.189943,0.562117,0.184213,0.55368,0.185231,0.580779,0.187372,0.577691,0.177577,0.580534,0.203664,0.587939,0.201388,0.584949,0.201065,0.595143,0.201711,0.574755,0.199375,0.571674,0.198727,0.595199,0.21163,0.577157,0.206262,0.580734,0.213905,0.580147,0.221548,0.57956,0.213727,0.553023,0.186071,0.552261,0.176801,0.578327,0.21012,0.567923,0.192886,0.581024]}}],"meshes":[{"aabb":{"min":[-0.200495,-0.038886,-0.212112],"max":[0.205452,0.038886,0.18388]},"vertices":0,"indices":[0,1,2,3,4,5,4,3,6,7,8,9,8,7,10,11,12,13,12,11,14,15,16,17,16,15,18,19,20,21,22,23,24,25,26,27,28,29,30,31,13,32,11,29,33,29,11,30,13,27,16,13,16,18,6,24,4,24,6,18,21,10,6,10,21,8,10,34,31,34,10,2,35,34,36,34,35,31,13,18,32,18,6,32,6,10,32,10,31,32,34,1,37,1,34,2,21,20,38,21,38,8,39,4,24,39,24,23,27,26,40,27,40,16,13,30,11,30,13,31,33,14,11,30,31,35,35,28,30,37,36,34,10,41,2,41,0,2,38,9,8,21,6,3,21,3,19,39,5,4,24,18,15,15,22,24,40,17,16,27,42,25,27,13,42,43,44,45,46,47,48,48,49,46,50,51,52,51,50,53,54,55,56,55,54,57,58,59,60,59,58,61,62,63,64,65,66,67,68,69,70,71,72,73,74,75,56,73,55,76,55,73,72,56,59,69,59,56,60,49,66,60,66,49,48,63,52,51,52,63,49,74,77,52,52,77,44,77,78,79,78,77,74,56,75,60,60,75,49,49,75,52,52,75,74,77,45,44,45,77,80,63,81,64,81,63,51,67,66,82,48,82,66,69,83,70,83,69,59,72,56,55,56,72,74,76,55,57,74,72,78,78,72,71,80,77,79,52,44,84,43,84,44,81,51,53,46,49,63,46,63,62,82,48,47,60,66,58,65,58,66,83,59,61,68,85,69,69,85,56],"type":"triangles","base":0,"count":330}],"meshInstances":[{"node":2,"mesh":0}]}}