{
  "model": {
    "version": 3,
    "nodes": [
      {
        "name": "RootNode",
        "position": [
          0,
          0,
          0
        ],
        "rotation": [
          0,
          0,
          0
        ],
        "scale": [
          0.01,
          0.01,
          0.01
        ],
        "scaleCompensation": false
      },
      {
        "name": "MSG-GOOD",
        "position": [
          0,
          0,
          0
        ],
        "rotation": [
          -90,
          0,
          0
        ],
        "scale": [
          1.19455,
          1.19455,
          1.19455
        ],
        "scaleCompensation": false
      }
    ],
    "parents": [
      -1,
      0
    ],
    "skins": [],
    "morphs": [],
    "vertices": [
      {
        "position": {
          "type": "float32",
          "components": 3,
          "data": [
            -579.148,
            0.00000926983,
            250,
            -576.999,
            0.0000907302,
            -250,
            579.148,
            0.00000926983,
            250,
            579.148,
            0.0000907302,
            -250
          ]
        },
        "normal": {
          "type": "float32",
          "components": 3,
          "data": [
            0,
            -1,
            -1.62921e-7,
            0,
            -1,
            -1.62921e-7,
            0,
            -1,
            -1.62921e-7,
            0,
            -1,
            -1.62921e-7
          ]
        },
        "texCoord0": {
          "type": "float32",
          "components": 2,
          "data": [
            0.267517,
            0.333333,
            0.268233,
            0,
            0.653615,
            0.333333,
            0.653615,
            0
          ]
        }
      }
    ],
    "meshes": [
      {
        "aabb": {
          "min": [
            -579.148,
            0.00000926983,
            -250
          ],
          "max": [
            579.148,
            0.0000907302,
            250
          ]
        },
        "vertices": 0,
        "indices": [
          0,
          1,
          2,
          3,
          2,
          1
        ],
        "type": "triangles",
        "base": 0,
        "count": 6
      }
    ],
    "meshInstances": [
      {
        "node": 1,
        "mesh": 0
      }
    ]
  }
}