{
  "model": {
    "version": 3,
    "nodes": [
      {
        "name": "RootNode",
        "position": [
          0,
          0,
          0
        ],
        "rotation": [
          0,
          0,
          0
        ],
        "scale": [
          0.01,
          0.01,
          0.01
        ],
        "scaleCompensation": false
      },
      {
        "name": "Cylinder007",
        "position": [
          0,
          0,
          0
        ],
        "rotation": [
          -90,
          0,
          0
        ],
        "scale": [
          1,
          1,
          1
        ],
        "scaleCompensation": false
      },
      {
        "name": "Dummy035",
        "position": [
          0,
          0,
          0.00000171215
        ],
        "rotation": [
          0.00000762939,
          0,
          0
        ],
        "scale": [
          1,
          1,
          1
        ],
        "scaleCompensation": false
      }
    ],
    "parents": [
      -1,
      0,
      0
    ],
    "skins": [
      {
        "inverseBindMatrices": [
          [
            1,
            0,
            0,
            0,
            0,
            1,
            -1.62921e-7,
            0,
            0,
            1.62921e-7,
            1,
            0,
            0,
            -2.78945e-13,
            -0.00000171215,
            1
          ]
        ],
        "boneNames": [
          "Dummy035"
        ]
      }
    ],
    "morphs": [],
    "vertices": [
      {
        "position": {
          "type": "float32",
          "components": 3,
          "data": [
            -0.0450897,
            -36.1475,
            0.00000213677,
            32.2013,
            20.9942,
            3.79523e-7,
            31.6888,
            24.8863,
            0.00000217507,
            30.1865,
            28.5131,
            0.00000137001,
            27.7965,
            31.6276,
            5.21895e-7,
            24.6818,
            34.0172,
            0.00000374373,
            21.0547,
            35.5194,
            0.000003161,
            17.1624,
            36.032,
            0.00000258372,
            -0.0450897,
            -36.1475,
            0.00000213677,
            17.1624,
            36.032,
            0.00000258372,
            -0.0451202,
            36.0326,
            1.30679e-7,
            -0.0450897,
            -36.1475,
            0.00000213677,
            32.2013,
            -36.1469,
            -0.0000105025,
            32.2013,
            20.9942,
            3.79523e-7,
            45.6801,
            -21.4832,
            -0.00000176375,
            45.6801,
            6.3305,
            -0.00000186316,
            32.2013,
            6.3305,
            -0.00000227532,
            32.2013,
            6.3305,
            -0.00000227532,
            32.2013,
            -21.4832,
            -0.00000368521,
            45.6801,
            -21.4832,
            -0.00000176375
          ]
        },
        "normal": {
          "type": "float32",
          "components": 3,
          "data": [
            1.05846e-7,
            -5.25485e-8,
            1,
            7.07025e-7,
            -3.68239e-7,
            1,
            -3.79213e-8,
            1.90894e-8,
            1,
            -2.18799e-7,
            1.14156e-7,
            1,
            4.33673e-7,
            -1.54323e-7,
            1,
            2.65105e-7,
            -1.16329e-7,
            1,
            -1.46564e-7,
            2.8859e-8,
            1,
            -1.44588e-7,
            2.82774e-8,
            1,
            -1.42556e-7,
            2.77928e-8,
            1,
            -1.42556e-7,
            2.77928e-8,
            1,
            -1.42556e-7,
            2.77928e-8,
            1,
            3.91964e-7,
            -1.90442e-7,
            1,
            3.91964e-7,
            -1.90442e-7,
            1,
            3.91964e-7,
            -1.90442e-7,
            1,
            -3.05783e-8,
            3.57428e-9,
            1,
            -3.05783e-8,
            3.57428e-9,
            1,
            -3.05783e-8,
            3.57428e-9,
            1,
            -1.42555e-7,
            -5.06906e-8,
            1,
            -1.42555e-7,
            -5.06906e-8,
            1,
            -1.42555e-7,
            -5.06906e-8,
            1
          ]
        },
        "blendIndices": {
          "type": "uint8",
          "components": 4,
          "data": [
            0,
            0,
            0,
            0,
            0,
            0,
            0,
            0,
            0,
            0,
            0,
            0,
            0,
            0,
            0,
            0,
            0,
            0,
            0,
            0,
            0,
            0,
            0,
            0,
            0,
            0,
            0,
            0,
            0,
            0,
            0,
            0,
            0,
            0,
            0,
            0,
            0,
            0,
            0,
            0,
            0,
            0,
            0,
            0,
            0,
            0,
            0,
            0,
            0,
            0,
            0,
            0,
            0,
            0,
            0,
            0,
            0,
            0,
            0,
            0,
            0,
            0,
            0,
            0,
            0,
            0,
            0,
            0,
            0,
            0,
            0,
            0,
            0,
            0,
            0,
            0,
            0,
            0,
            0,
            0
          ]
        },
        "blendWeight": {
          "type": "float32",
          "components": 4,
          "data": [
            1,
            0,
            0,
            0,
            1,
            0,
            0,
            0,
            1,
            0,
            0,
            0,
            1,
            0,
            0,
            0,
            1,
            0,
            0,
            0,
            1,
            0,
            0,
            0,
            1,
            0,
            0,
            0,
            1,
            0,
            0,
            0,
            1,
            0,
            0,
            0,
            1,
            0,
            0,
            0,
            1,
            0,
            0,
            0,
            1,
            0,
            0,
            0,
            1,
            0,
            0,
            0,
            1,
            0,
            0,
            0,
            1,
            0,
            0,
            0,
            1,
            0,
            0,
            0,
            1,
            0,
            0,
            0,
            1,
            0,
            0,
            0,
            1,
            0,
            0,
            0,
            1,
            0,
            0,
            0
          ]
        },
        "texCoord0": {
          "type": "float32",
          "components": 2,