{
  "model": {
    "version": 3,
    "nodes": [
      {
        "name": "RootNode",
        "position": [
          0,
          0,
          0
        ],
        "rotation": [
          0,
          0,
          0
        ],
        "scale": [
          0.01,
          0.01,
          0.01
        ],
        "scaleCompensation": false
      },
      {
        "name": "Plane",
        "position": [
          0,
          -6.37415,
          390.321
        ],
        "rotation": [
          -90,
          0,
          0
        ],
        "scale": [
          0.057108,
          0.057108,
          0.057108
        ],
        "scaleCompensation": false
      },
      {
        "name": "publicidad",
        "position": [
          0,
          6834.77,
          111.615
        ],
        "rotation": [
          0,
          0,
          0
        ],
        "scale": [
          1,
          1,
          1
        ],
        "scaleCompensation": false
      }
    ],
    "parents": [
      -1,
      0,
      1
    ],
    "skins": [],
    "morphs": [],
    "vertices": [
      {
        "position": {
          "type": "float32",
          "components": 3,
          "data": [
            25349.7,
            9115.3,
            1315.87,
            -25420.2,
            9115.3,
            1315.87,
            -25420.2,
            9115.3,
            14.3436,
            25349.7,
            9115.3,
            14.3436,
            -25420.5,
            -59147.2,
            1315.87,
            25348.5,
            -59147.2,
            1315.87,
            25348.5,
            -59136.3,
            14.3436,
            25348.5,
            -59136.3,
            14.3436,
            -25420.5,
            -59136.3,
            14.3436,
            -25420.5,
            -59147.2,
            1315.87,
            -25421.1,
            9116.11,
            14.3435,
            -25421.1,
            9116.11,
            1315.87,
            -25420.5,
            -59147.2,
            1315.87,
            -25420.5,
            -59147.2,
            1315.87,
            -25420.5,
            -59136.3,
            14.3436,
            -25421.1,
            9116.11,
            14.3435,
            25348.5,
            -59147.2,
            1315.87,
            25346.1,
            9116.1,
            1315.87,
            25346.1,
            9116.1,
            14.3436,
            25346.1,
            9116.1,
            14.3436,
            25348.5,
            -59136.3,
            14.3436,
            25348.5,
            -59147.2,
            1315.87
          ]
        },
        "normal": {
          "type": "float32",
          "components": 3,
          "data": [
            0,
            -1,
            0,
            0,
            -1,
            0,
            0,
            -1,
            0,
            0,
            -1,
            0,
            -1.53878e-7,
            0.999965,
            0.00837326,
            -1.53878e-7,
            0.999965,
            0.00837326,
            -1.53878e-7,
            0.999965,
            0.00837326,
            -1.53878e-7,
            0.999965,
            0.00837326,
            -1.53878e-7,
            0.999965,
            0.00837326,
            -1.53878e-7,
            0.999965,
            0.00837326,
            1,
            0.00000841182,
            0,
            1,
            0.00000841182,
            0,
            1,
            0.00000841182,
            0,
            1,
            0.00000841317,
            7.04481e-8,
            1,
            0.00000841317,
            7.04481e-8,
            1,
            0.00000841317,
            7.04481e-8,
            -1,
            -0.0000347059,
            0,
            -1,
            -0.0000347059,
            0,
            -1,
            -0.0000347059,
            0,
            -1,
            -0.0000347115,
            -2.90658e-7,
            -1,
            -0.0000347115,
            -2.90658e-7,
            -1,
            -0.0000347115,
            -2.90658e-7
          ]
        },
        "texCoord0": {
          "type": "float32",
          "components": 2,
          "data": [
            5.29239,
            0.9999,
            -4.29239,
            0.9999,
            -4.29239,
            0.0000999868,
            5.29239,
            0.0000999868,
            5.29239,
            0.9999,
            -4.29239,
            0.9999,
            -4.29239,
            0.0000999868,
            -4.29239,
            0.0000999868,
            5.29239,
            0.0000999868,
            5.29239,
            0.9999,
            3.76232,
            0.0000999868,
            3.76232,
            0.9999,
            -7.89521,
            0.9999,
            -7.89521,
            0.9999,
            -7.88337,
            0.0000999868,
            3.76232,
            0.0000999868,
            3.76232,
            0.9999,
            -7.89521,
            0.9999,
            -7.89521,
            0.0000999868,
            -7.89521,
            0.0000999868,
            3.75048,
            0.0000999868,
            3.76232,
            0.9999
          ]
        }
      }
    ],
    "meshes": [
      {
        "aabb": {
          "min": [
            -25421.1,
            -59147.2,
            14.3435
          ],
          "max": [
            25349.7,
            9116.11,
            1315.87
          ]
        },
        "vertices": 0,
        "indices": [
          0,
          1,
          2,
          2,
          3,
          0,
          4,
          5,
          6,
          7,
          8,
          9,
          10,
          11,
          12,
          13,
          14,
          15,
          16,
          17,
          18,
          19,
          20,
          21
        ],
        "type": "triangles",
        "base": 0,
        "count": 24
      }
    ],
    "meshInstances": [
      {
        "node": 2,
        "mesh": 0
      }
    ]
  }
}