{"model":{"version":3,"nodes":[{"name":"RootNode","position":[0,0,0],"rotation":[0,0,0],"scale":[0.01,0.01,0.01],"scaleCompensation":false},{"name":"obstacle-ropefence_01_rope_H1_shadow","position":[-300,0,600],"rotation":[2.50448e-06,-0,0],"scale":[1,1,1],"scaleCompensation":false}],"parents":[-1,0],"skins":[],"morphs":[],"vertices":[{"position":{"type":"float32","components":3,"data":[-22.1861,2,35.8179,-23.4637,2,47.7376,52.4366,2,30.4274,250.656,2,42.3558,253.927,2,31.0203,215.591,2,17.269,207.363,2,28.571,162.162,2,21.0107,170.156,2,12.4498,130.165,2,13.1507,114.162,2,22.9487,130.165,2,13.1507,61.9729,2,20.0749,-22.1861,2,35.8179,1.74632,2,61.763,-58.4982,2,76.9816,-58.5318,2,85.5044,2.56026,2,70.872,70.7028,2,61.584,71.997,2,51.9315,121.005,2,51.3603,115.719,2,62.8565,168.576,2,59.0593,121.005,2,51.3603,161.272,2,71.8935,217.073,2,78.7285,217.073,2,78.7285,211.494,2,90.4639,60.5508,2,10.1679,-21.1243,2,25.3631,-24.6966,2,58.6906,54.1791,2,40.2894,-23.4637,2,47.7376,-24.6966,2,58.6906,114.966,2,32.9244,161.532,2,31.0443,204.969,2,38.3095,248.165,2,52.4487,256.86,2,22.3253,217.941,2,7.46222,217.941,2,7.46222,170.597,2,2.44055,170.156,2,12.4498,215.591,2,17.269,129.572,2,3.15955,219.283,2,69.7051,171.368,2,49.3809,168.576,2,59.0593,219.283,2,69.7051,171.368,2,49.3809,121.751,2,41.351,71.2427,2,41.9396,-0.14093,2,51.9296,-57.7167,2,66.031,-58.4982,2,76.9816,-0.14093,2,51.9296,-57.831,2,94.9699,4.35596,2,80.7197,2.56026,2,70.872,-58.5318,2,85.5044,71.2404,2,71.6031,71.2404,2,71.6031,114.597,2,72.8287,114.597,2,72.8287,158.516,2,81.5416,205.273,2,99.1753,211.494,2,90.4639,158.516,2,81.5416]},"normal":{"type":"float32","components":3,"data":[0,1,6.12323e-17,0,1,6.12323e-17,0,1,6.12323e-17,0,1,6.12323e-17,0,1,6.12323e-17,0,1,6.12323e-17,0,1,6.12323e-17,0,1,6.12323e-17,0,1,6.12323e-17,0,1,6.12323e-17,0,1,6.12323e-17,0,1,6.12323e-17,0,1,6.12323e-17,0,1,6.12323e-17,0,1,6.12323e-17,0,1,6.12323e-17,0,1,6.12323e-17,0,1,6.12323e-17,0,1,6.12323e-17,0,1,6.12323e-17,0,1,6.12323e-17,0,1,6.12323e-17,0,1,6.12323e-17,0,1,6.12323e-17,0,1,6.12323e-17,0,1,6.12323e-17,0,1,6.12323e-17,0,1,6.12323e-17,0,1,6.12323e-17,0,1,6.12323e-17,0,1,6.12323e-17,0,1,6.12323e-17,0,1,6.12323e-17,0,1,6.12323e-17,0,1,6.12323e-17,0,1,6.12323e-17,0,1,6.12323e-17,0,1,6.12323e-17,0,1,6.12323e-17,0,1,6.12323e-17,0,1,6.12323e-17,0,1,6.12323e-17,0,1,6.12323e-17,0,1,6.12323e-17,0,1,6.12323e-17,0,1,6.12323e-17,0,1,6.12323e-17,0,1,6.12323e-17,0,1,6.12323e-17,0,1,6.12323e-17,0,1,6.12323e-17,0,1,6.12323e-17,0,1,6.12323e-17,0,1,6.12323e-17,0,1,6.12323e-17,0,1,6.12323e-17,0,1,6.12323e-17,0,1,6.12323e-17,0,1,6.12323e-17,0,1,6.12323e-17,0,1,6.12323e-17,0,1,6.12323e-17,0,1,6.12323e-17,0,1,6.12323e-17,0,1,6.12323e-17,0,1,6.12323e-17,0,1,6.12323e-17,0,1,6.12323e-17]},"color":{"type":"uint8","components":4,"data":[255,255,255,255,255,255,255,255,255,255,255,255,255,255,255,255,255,255,255,255,255,255,255,255,255,255,255,255,255,255,255,255,255,255,255,255,255,255,255,255,255,255,255,255,255,255,255,255,255,255,255,255,255,255,255,255,255,255,255,255,255,255,255,255,255,255,255,255,255,255,255,255,255,255,255,255,255,255,255,255,255,255,255,255,255,255,255,255,255,255,255,255,255,255,255,255,255,255,255,255,255,255,255,255,255,255,255,255,255,255,255,255,255,255,255,0,255,255,255,0,255,255,255,0,255,255,255,0,255,255,255,255,255,255,255,0,255,255,255,0,255,255,255,0,255,255,255,0,255,255,255,0,255,255,255,0,255,255,255,0,255,255,255,0,255,255,255,0,255,255,255,255,255,255,255,255,255,255,255,0,255,255,255,0,255,255,255,0,255,255,255,255,255,255,255,0,255,255,255,0,255,255,255,0,255,255,255,0,255,255,255,0,255,255,255,0,255,255,255,255,255,255,255,0,255,255,255,0,255,255,255,0,255,255,255,255,255,255,255,255,255,255,255,0,255,255,255,0,255,255,255,0,255,255,255,0,255,255,255,0,255,255,255,0,255,255,255,255,255,255,255,0]},"texCoord0":{"type":"float32","components":2,"data":[1,1,1,1,1,1,1,1,1,1,1,1,1,1,1,1,1,1,1,1,1,1,1,1,1,1,1,1,1,1,1,1,1,1,1,1,1,1,1,1,1,1,1,1,1,1,1,1,1,1,1,1,1,1,1,1,1,1,1,1,1,1,1,1,1,1,1,1,1,1,1,1,1,1,1,1,1,1,1,1,1,1,1,1,1,1,1,1,1,1,1,1,1,1,1,1,1,1,1,1,1,1,1,1,1,1,1,1,1,1,1,1,1,1,1,1,1,1,1,1,1,1,1,1,1,1,1,1,1,1,1,1,1,1,1,1]}}],"meshes":[{"aabb":{"min":[-58.5318,2,2.44055],"max":[256.86,2,99.1753]},"vertices":0,"indices":[0,1,2,3,4,5,6,3,5,7,6,5,7,5,8,7,8,9,10,7,9,10,11,12,2,10,12,13,2,12,14,15,16,14,16,17,14,17,18,19,14,18,20,19,18,20,18,21,22,23,21,22,21,24,25,22,24,26,24,27,28,29,0,0,12,28,30,31,2,2,32,33,31,34,10,10,2,31,34,35,7,7,10,34,35,36,6,6,7,35,36,37,3,3,6,36,38,39,5,5,4,38,40,41,42,8,43,39,41,44,9,9,8,41,44,28,12,12,9,44,45,46,22,47,26,48,49,50,20,20,47,46,50,51,19,19,20,50,51,52,14,14,19,51,52,53,54,15,14,55,56,57,17,58,59,56,57,60,18,18,17,57,61,62,21,21,18,60,63,64,24,24,21,62,64,65,66,27,24,67],"type":"triangles","base":0,"count":180}],"meshInstances":[{"node":1,"mesh":0}]}}