{"model":{"version":3,"nodes":[{"name":"RootNode","position":[0,0,0],"rotation":[0,0,0],"scale":[1,1,1],"scaleCompensation":false},{"name":"Props_Bench_2","position":[-10.187,0.298369,-0.167807],"rotation":[2.50448e-06,-0,0],"scale":[1,1,1],"scaleCompensation":false}],"parents":[-1,0],"skins":[],"morphs":[],"vertices":[{"position":{"type":"float32","components":3,"data":[1.59911,-0.398369,0.616919,1.55,-0.778592,0.567807,1.59911,-0.398369,0.718695,1.55,-0.778592,0.767807,1.55,-0.778592,0.567807,1.59911,-0.398369,0.616919,1.75,-0.778592,0.567807,1.70089,-0.398369,0.616919,1.70089,-0.398369,0.718695,1.75,-0.778592,0.567807,1.70089,-0.398369,0.616919,1.75,-0.778592,0.767807,1.59911,-0.398369,0.718695,1.55,-0.778592,0.767807,1.70089,-0.398369,0.718695,1.75,-0.778592,0.767807,1.75,-0.778592,0.767807,1.55,-0.778592,0.767807,1.75,-0.778592,0.567807,1.55,-0.778592,0.567807,1.59911,-0.398369,0.718695,1.70089,-0.398369,0.718695,1.59911,-0.398369,0.616919,1.70089,-0.398369,0.616919,1.59911,-0.398369,-0.182544,1.55,-0.778592,-0.231656,1.59911,-0.398369,-0.0807675,1.55,-0.778592,-0.0316556,1.55,-0.778592,-0.231656,1.59911,-0.398369,-0.182544,1.75,-0.778592,-0.231656,1.70089,-0.398369,-0.182544,1.70089,-0.398369,-0.0807675,1.75,-0.778592,-0.231656,1.70089,-0.398369,-0.182544,1.75,-0.778592,-0.0316556,1.55,-0.778592,-0.0316556,1.70089,-0.398369,-0.0807675,1.59911,-0.398369,-0.0807675,1.75,-0.778592,-0.0316556,1.75,-0.778592,-0.0316556,1.55,-0.778592,-0.0316556,1.75,-0.778592,-0.231656,1.55,-0.778592,-0.231656,1.59911,-0.398369,-0.0807675,1.70089,-0.398369,-0.0807675,1.59911,-0.398369,-0.182544,1.70089,-0.398369,-0.182544,-1.70089,-0.398369,-0.182544,-1.75,-0.778592,-0.231656,-1.70089,-0.398369,-0.0807676,-1.75,-0.778592,-0.0316557,-1.75,-0.778592,-0.231656,-1.59911,-0.398369,-0.182544,-1.55,-0.778592,-0.231656,-1.70089,-0.398369,-0.182544,-1.59911,-0.398369,-0.0807676,-1.55,-0.778592,-0.231656,-1.59911,-0.398369,-0.182544,-1.55,-0.778592,-0.0316557,-1.70089,-0.398369,-0.0807676,-1.75,-0.778592,-0.0316557,-1.59911,-0.398369,-0.0807676,-1.55,-0.778592,-0.0316557,-1.55,-0.778592,-0.0316557,-1.75,-0.778592,-0.0316557,-1.55,-0.778592,-0.231656,-1.75,-0.778592,-0.231656,-1.70089,-0.398369,-0.0807676,-1.59911,-0.398369,-0.0807676,-1.70089,-0.398369,-0.182544,-1.59911,-0.398369,-0.182544,-1.70089,-0.398369,0.616919,-1.75,-0.778592,0.567807,-1.70089,-0.398369,0.718695,-1.75,-0.778592,0.767807,-1.75,-0.778592,0.567807,-1.59911,-0.398369,0.616919,-1.55,-0.778592,0.567807,-1.70089,-0.398369,0.616919,-1.59911,-0.398369,0.718695,-1.55,-0.778592,0.567807,-1.59911,-0.398369,0.616919,-1.55,-0.778592,0.767807,-1.70089,-0.398369,0.718695,-1.75,-0.778592,0.767807,-1.59911,-0.398369,0.718695,-1.55,-0.778592,0.767807,-1.55,-0.778592,0.767807,-1.75,-0.778592,0.767807,-1.55,-0.778592,0.567807,-1.75,-0.778592,0.567807,-1.70089,-0.398369,0.718695,-1.59911,-0.398369,0.718695,-1.70089,-0.398369,0.616919,-1.59911,-0.398369,0.616919,-2,1.00163,-0.232193,-2,-0.198369,-0.432193,-2,-0.198369,-0.232193,-2,1.00163,-0.432193,-2,1.00163,-0.232193,2,1.00163,-0.232193,2,1.00163,-0.432193,-2,1.00163,-0.432193,2,1.00163,-0.232193,2,-0.198369,-0.232193,2,-0.198369,-0.432193,2,1.00163,-0.432193,2,-0.198369,-0.232193,-2,-0.198369,-0.232193,-2,-0.198369,-0.432193,2,-0.198369,-0.432193,-2,1.00163,-0.432193,2,1.00163,-0.432193,-2,-0.198369,-0.432193,2,-0.198369,-0.432193,-2,1.00163,-0.232193,2,-0.198369,-0.232193,2,1.00163,-0.232193,-2,-0.198369,-0.232193,-2,-0.398369,0.967807,-2,-0.198369,-0.432193,-2,-0.398369,-0.432193,-2,-0.198369,0.967807,2,-0.398369,-0.432193,-2,-0.398369,-0.432193,-2,-0.198369,-0.432193,2,-0.198369,-0.432193,2,-0.398369,0.967807,2,-0.198369,-0.432193,2,-0.198369,0.967807,2,-0.398369,-0.432193,-2,-0.398369,0.967807,2,-0.198369,0.967807,-2,-0.198369,0.967807,2,-0.398369,0.967807,-2,-0.398369,-0.432193,2,-0.398369,-0.432193,-2,-0.398369,0.967807,2,-0.398369,0.967807,2,-0.198369,-0.432193,-2,-0.198369,-0.432193,2,-0.198369,0.967807,-2,-0.198369,0.967807]},"normal":{"type":"float32","components":3,"data":[-0.991761,0.128102,0,-0.991761,0.128102,0,-0.991761,0.128102,0,-0.991761,0.128102,0,0,0.128102,-0.991761,0,0.128102,-0.991761,0,0.128102,-0.991761,0,0.128102,-0.991761,0.991761,0.128102,0,0.991761,0.128102,0,0.991761,0.128102,0,0.991761,0.128102,0,0,0.128102,0.991761,0,0.128102,0.991761,0,0.128102,0.991761,0,0.128102,0.991761,0,-1,0,0,-1,0,0,-1,0,0,-1,0,0,1,0,0,1,0,0,1,0,0,1,0,-0.991761,0.128102,0,-0.991761,0.128102,0,-0.991761,0.128102,0,-0.991761,0.128102,0,0,0.128102,-0.991761,0,0.128102,-0.991761,0,0.128102,-0.991761,0,0.128102,-0.991761,0.991761,0.128102,0,0.991761,0.128102,0,0.991761,0.128102,0,0.991761,0.128102,0,0,0.128102,0.991761,0,0.128102,0.991761,0,0.128102,0.991761,0,0.128102,0.991761,0,-1,0,0,-1,0,0,-1,0,0,-1,0,0,1,0,0,1,0,0,1,0,0,1,0,-0.991761,0.128102,0,-0.991761,0.128102,0,-0.991761,0.128102,0,-0.991761,0.128102,0,0,0.128102,-0.991761,0,0.128102,-0.991761,0,0.128102,-0.991761,0,0.128102,-0.991761,0.991761,0.128101,0,0.991761,0.128101,0,0.991761,0.128101,0,0.991761,0.128101,0,0,0.128102,0.991761,0,0.128102,0.991761,0,0.128102,0.991761,0,0.128102,0.991761,0,-1,0,0,-1,0,0,-1,0,0,-1,0,0,1,0,0,1,0,0,1,0,0,1,0,-0.991761,0.128102,0,-0.991761,0.128102,0,-0.991761,0.128102,0,-0.991761,0.128102,0,0,0.128101,-0.991761,0,0.128101,-0.991761,0,0.128101,-0.991761,0,0.128101,-0.991761,0.991761,0.128102,0,0.991761,0.128102,0,0.991761,0.128102,0,0.991761,0.128102,0,0,0.128102,0.991761,0,0.128102,0.991761,0,0.128102,0.991761,0,0.128102,0.991761,0,-1,0,0,-1,0,0,-1,0,0,-1,0,0,1,0,0,1,0,0,1,0,0,1,0,-1,2.36848e-13,0,-1,2.36848e-13,0,-1,2.36848e-13,0,-1,2.36848e-13,0,0,1,0,0,1,0,0,1,0,0,1,0,1,0,0,1,0,0,1,0,0,1,0,0,0,-1,7.45058e-08,0,-1,7.45058e-08,0,-1,7.45058e-08,0,-1,7.45058e-08,0,-1.49012e-07,-1,0,-1.49012e-07,-1,0,-1.49012e-07,-1,0,-1.49012e-07,-1,0,1.24176e-07,1,0,1.24176e-07,1,0,1.24176e-07,1,0,1.24176e-07,1,-1,0,0,-1,0,0,-1,0,0,-1,0,0,0,0,-1,0,0,-1,0,0,-1,0,0,-1,1,0,0,1,0,0,1,0,0,1,0,0,0,0,1,0,0,1,0,0,1,0,0,1,0,-1,4.25747e-08,0,-1,4.25747e-08,0,-1,4.25747e-08,0,-1,4.25747e-08,0,1,-4.25747e-08,0,1,-4.25747e-08,0,1,-4.25747e-08,0,1,-4.25747e-08]},"texCoord0":{"type":"float32","components":2,