{"model":{"version":3,"nodes":[{"name":"RootNode","position":[0,0,0],"rotation":[0,0,0],"scale":[0.01,0.01,0.01],"scaleCompensation":false},{"name":"Icosphere","position":[0,0,0],"rotation":[-90,0,0],"scale":[100,100,100],"scaleCompensation":false},{"name":"Lamp","position":[407.625,590.386,-100.545],"rotation":[47.5336,107.221,10.7437],"scale":[100,100,100],"scaleCompensation":false},{"name":"Camera","position":[748.113,534.367,650.764],"rotation":[22.7688,142.108,34.3485],"scale":[100,100,100],"scaleCompensation":false}],"parents":[-1,0,0,0],"skins":[],"morphs":[],"vertices":[{"position":{"type":"float32","components":3,"data":[-0.689108,0.610506,3.37154e-08,-0.919274,0.431693,-0.431693,-0.919274,0.610506,7.01044e-08,-0.689108,0.431693,-0.431693,-0.919274,-3.38554e-08,-0.610506,-0.919274,0.431693,-0.431693,-0.689108,1.30198e-07,-0.610506,-0.689108,0.431693,-0.431693,-0.919274,-0.431693,-0.431693,-0.689108,-0.431693,-0.431693,-0.919274,-0.610506,-3.90626e-08,-0.689108,-0.610506,-7.54516e-08,-0.919274,-0.431693,0.431693,-0.919274,-0.610506,-3.90626e-08,-0.689108,-0.431693,0.431693,-0.689108,-0.610506,-7.54516e-08,-0.689108,0.431693,0.431693,-0.919274,0.431693,0.431693,-0.919274,-1.63943e-07,0.610506,-0.689108,1.10834e-10,0.610506,-0.689108,1.30198e-07,-0.610506,-0.689108,0.431693,-0.431693,-0.689108,-0.431693,-0.431693,-0.689108,0.431693,0.431693,-0.689108,0.610506,3.37154e-08,-0.689108,-0.610506,-7.54516e-08,-0.689108,-0.431693,0.431693,-0.689108,1.10834e-10,0.610506,-0.689108,1.10834e-10,0.610506,-0.919274,-1.63943e-07,0.610506,-0.919274,-3.38554e-08,-0.610506,-0.919274,-0.610506,-3.90626e-08,-0.919274,-0.431693,0.431693,-0.919274,-1.63943e-07,0.610506,-0.919274,0.610506,7.01044e-08,-0.919274,0.431693,-0.431693,-0.919274,-0.431693,-0.431693,-0.919274,0.431693,0.431693,1.16036,0.162579,-3.16722e-09,-1.16036,0.11496,-0.114961,-1.16036,0.162579,6.52322e-09,1.16036,0.11496,-0.114961,1.16036,3.12555e-08,-0.162579,-1.16036,-1.24323e-08,-0.162579,-1.16036,0.11496,-0.114961,1.16036,0.11496,-0.114961,-1.16036,-0.114961,-0.114961,1.16036,-0.11496,-0.114961,-1.16036,-0.162579,-2.25481e-08,1.16036,-0.162579,-3.22386e-08,1.16036,-0.114961,0.11496,-1.16036,-0.114961,0.11496,-1.16036,-0.162579,-2.25481e-08,1.16036,-0.162579,-3.22386e-08,1.16036,-3.38703e-09,0.162579,-1.16036,-4.70748e-08,0.162579,1.16036,3.12555e-08,-0.162579,1.16036,0.11496,-0.114961,1.16036,-0.11496,-0.114961,1.16036,0.11496,0.11496,1.16036,0.162579,-3.16722e-09,1.16036,-0.162579,-3.22386e-08,1.16036,-0.114961,0.11496,1.16036,-3.38703e-09,0.162579,-1.16036,0.11496,0.114961,1.16036,0.11496,0.11496,1.16036,0.11496,0.11496,-1.16036,0.11496,0.114961,-1.16036,-1.24323e-08,-0.162579,-1.16036,-0.162579,-2.25481e-08,-1.16036,-0.114961,0.11496,-1.16036,-4.70748e-08,0.162579,-1.16036,0.162579,6.52322e-09,-1.16036,0.11496,-0.114961,-1.16036,-0.114961,-0.114961,-1.16036,0.11496,0.114961,0.916558,0.431693,0.431693,0.686392,0.610506,1.18977e-07,0.686392,0.431693,0.431693,0.916558,0.610506,6.24658e-08,0.686392,-3.38555e-08,0.610506,0.916558,0.431693,0.431693,0.686392,0.431693,0.431693,0.916558,-1.97909e-07,0.610506,0.686392,-0.431693,0.431693,0.916558,-0.431693,0.431693,0.686392,-0.610506,-9.99639e-08,0.916558,-0.610506,-1.56475e-07,0.686392,-0.610506,-9.99639e-08,0.686392,-0.431693,-0.431693,0.916558,-0.610506,-1.56475e-07,0.916558,-0.431693,-0.431693,0.686392,1.64165e-07,-0.610506,0.916558,0.431693,-0.431693,0.916558,1.1083e-10,-0.610506,0.686392,0.431693,-0.431693,0.686392,0.431693,-0.431693,0.916558,0.431693,-0.431693,0.686392,-0.431693,-0.431693,0.686392,0.431693,-0.431693,0.686392,1.64165e-07,-0.610506,0.686392,-0.610506,-9.99639e-08,0.686392,0.431693,0.431693,0.686392,0.610506,1.18977e-07,0.686392,-0.431693,0.431693,0.686392,-3.38555e-08,0.610506,0.916558,-1.97909e-07,0.610506,0.916558,-0.610506,-1.56475e-07,0.916558,-0.431693,-0.431693,0.916558,1.1083e-10,-0.610506,0.916558,0.610506,6.24658e-08,0.916558,0.431693,-0.431693,0.916558,-0.431693,0.431693,0.916558,0.431693,0.431693,-0.922988,0.42745,1.43816e-08,-1.08414,0.302253,-0.302253,-1.08414,0.42745,3.98596e-08,-0.922988,0.302253,-0.302253,-1.08414,-2.25871e-08,-0.42745,-1.08414,0.302253,-0.302253,-0.922988,9.22762e-08,-0.42745,-0.922988,0.302253,-0.302253,-1.08414,-0.302253,-0.302253,-0.922988,-0.302253,-0.302253,-1.08414,-0.42745,-3.65744e-08,-0.922988,-0.42745,-6.20524e-08,-1.08414,-0.302253,0.302253,-1.08414,-0.42745,-3.65744e-08,-0.922988,-0.302253,0.302253,-0.922988,-0.42745,-6.20524e-08,-0.922988,0.302253,0.302253,-1.08414,0.302253,0.302253,-1.08414,-1.13669e-07,0.42745,-0.922988,1.1946e-09,0.42745,-0.922988,9.22762e-08,-0.42745,-0.922988,0.302253,-0.302253,-0.922988,-0.302253,-0.302253,-0.922988,0.302253,0.302253,-0.922988,0.42745,1.43816e-08,-0.922988,-0.42745,-6.20524e-08,-0.922988,-0.302253,0.302253,-0.922988,1.1946e-09,0.42745,-0.922988,1.1946e-09,0.42745,-1.08414,-1.13669e-07,0.42745,-1.08414,-2.25871e-08,-0.42745,-1.08414,-0.42745,-3.65744e-08,-1.08414,-0.302253,0.302253,-1.08414,0.42745,3.98596e-08,-1.08414,0.302253,-0.302253,-1.08414,-0.302253,-0.302253,-1.08414,-1.13669e-07,0.42745,-1.08414,0.302253,0.302253,1.08142,0.302253,0.302253,0.920272,0.42745,6.86735e-08,0.920272,0.302253,0.302253,1.08142,0.42745,2.91071e-08,0.920272,0.302253,0.302253,0.920272,-2.25871e-08,0.42745,1.08142,0.302253,0.302253,1.08142,-1.3745e-07,0.42745,0.920272,-0.302253,0.302253,1.08142,-0.302253,0.302253,0.920272,-0.42745,-8.46191e-08,1.08142,-0.42745,-1.24186e-07,0.920272,-0.42745,-8.46191e-08,0.920272,-0.302253,-0.302253,1.08142,-0.42745,-1.24186e-07,1.08142,-0.302253,-0.302253,0.920272,0.302253,-0.302253,1.08142,0.302253,-0.302253,1.08142,1.19461e-09,-0.42745,0.920272,1.16058e-07,-0.42745,0.920272,-0.302253,-0.302253,0.920272,0.302253,-0.302253,0.920272,1.16058e-07,-0.42745,0.920272,-0.302253,0.302253,0.920272,0.302253,0.302253,0.920272,0.42745,6.86735e-08,0.920272,-0.42745,-8.46191e-08,0.920272,-2.25871e-08,0.42745,1.08142,0.302253,-0.302253,0.920272,0.302253,-0.302253,1.08142,-1.3745e-07,0.42745,1.08142,-0.42745,-1.24186e-07,1.08142,-0.302253,-0.302253,1.08142,0.302253,-0.302253,1.08142,0.42745,2.91071e-08,1.08142,1.19461e-09,-0.42745,1.08142,-0.302253,0.302253,1.08142,0.302253,0.302253]},"normal":{"type":"float32","components":3,