{"model":{"version":3,"nodes":[{"name":"RootNode","position":[0,0,0],"rotation":[0,0,0],"scale":[0.0254,0.0254,0.0254],"scaleCompensation":false},{"name":"rebote-fail","position":[0,0,9.53674e-07],"rotation":[-90,-0,0],"scale":[1,1,1],"scaleCompensation":false}],"parents":[-1,0],"skins":[],"morphs":[],"vertices":[{"position":{"type":"float32","components":3,"data":[0,9.53674e-07,-4.98295e-05,21.4056,9.53674e-07,-4.98295e-05,20.9379,4.45048,-4.98295e-05,19.555,8.70646,-4.98295e-05,17.3175,12.5819,-4.98295e-05,14.3232,15.9075,-4.98295e-05,10.7028,18.5378,-4.98295e-05,6.6147,20.358,-4.98295e-05,2.2375,21.2884,-4.98295e-05,-2.2375,21.2884,-4.98295e-05,-6.6147,20.358,-4.98295e-05,-10.7028,18.5378,-4.98295e-05,-14.3232,15.9075,-4.98295e-05,-17.3175,12.5819,-4.98295e-05,-19.555,8.70645,-4.98295e-05,-20.9379,4.45048,-4.98295e-05,-21.4056,-9.17665e-07,-4.98295e-05,-20.9379,-4.45048,-4.98295e-05,-19.555,-8.70645,-4.98295e-05,-17.3175,-12.5819,-4.98295e-05,-14.3232,-15.9075,-4.98295e-05,-10.7028,-18.5378,-4.98295e-05,-6.61471,-20.358,-4.98295e-05,-2.2375,-21.2884,-4.98295e-05,2.23749,-21.2884,-4.98295e-05,6.61469,-20.358,-4.98295e-05,10.7028,-18.5378,-4.98295e-05,14.3231,-15.9075,-4.98295e-05,17.3175,-12.5819,-4.98295e-05,19.555,-8.70649,-4.98295e-05,20.9379,-4.45052,-4.98295e-05]},"normal":{"type":"float32","components":3,"data":[0,0,1,0,0,1,0,0,1,0,0,1,0,0,1,0,0,1,0,0,1,0,0,1,0,0,1,0,0,1,0,0,1,0,0,1,0,0,1,0,0,1,0,0,1,0,0,1,0,0,1,0,0,1,0,0,1,0,0,1,0,0,1,0,0,1,0,0,1,0,0,1,0,0,1,0,0,1,0,0,1,0,0,1,0,0,1,0,0,1,0,0,1]},"texCoord0":{"type":"float32","components":2,"data":[0.5,0.5,0.977741,0.5,0.967301,0.599875,0.936438,0.695385,0.8865,0.782355,0.819671,0.856986,0.73887,0.916014,0.64763,0.956861,0.549938,0.977741,0.450063,0.977741,0.35237,0.956861,0.26113,0.916015,0.180329,0.856986,0.1135,0.782356,0.0635624,0.695385,0.0326993,0.599875,0.0222595,0.5,0.0326992,0.400125,0.0635623,0.304615,0.1135,0.217644,0.180329,0.143014,0.26113,0.0839856,0.35237,0.0431391,0.450062,0.0222595,0.549937,0.0222594,0.647629,0.0431389,0.73887,0.0839853,0.81967,0.143014,0.8865,0.217644,0.936437,0.304614,0.967301,0.400124]}}],"meshes":[{"aabb":{"min":[-21.4056,-21.2884,-4.98295e-05],"max":[21.4056,21.2884,-4.98295e-05]},"vertices":0,"indices":[0,1,2,0,2,3,0,3,4,0,4,5,0,5,6,0,6,7,0,7,8,0,8,9,0,9,10,0,10,11,0,11,12,0,12,13,0,13,14,0,14,15,0,15,16,0,16,17,0,17,18,0,18,19,0,19,20,0,20,21,0,21,22,0,22,23,0,23,24,0,24,25,0,25,26,0,26,27,0,27,28,0,28,29,0,29,30,0,30,1],"type":"triangles","base":0,"count":90}],"meshInstances":[{"node":1,"mesh":0}]}}