{"model":{"version":3,"nodes":[{"name":"RootNode","position":[0,0,0],"rotation":[0,0,0],"scale":[0.01,0.01,0.01],"scaleCompensation":false},{"name":"Icosphere","position":[0,0,0],"rotation":[-90,0,0],"scale":[100,100,100],"scaleCompensation":false},{"name":"Lamp","position":[407.625,590.386,-100.545],"rotation":[47.5336,107.221,10.7437],"scale":[100,100,100],"scaleCompensation":false},{"name":"Camera","position":[748.113,534.367,650.764],"rotation":[22.7688,142.108,34.3485],"scale":[100,100,100],"scaleCompensation":false}],"parents":[-1,0,0,0],"skins":[],"morphs":[],"vertices":[{"position":{"type":"float32","components":3,"data":[-0.613398,8.34465e-10,-0.3,-0.485801,-0.0927034,-0.255196,-0.662135,-0.149999,-0.255196,-0.396316,-0.157718,-0.134166,-0.358204,8.34465e-10,-0.157721,-0.771117,8.34465e-10,-0.255196,-0.662135,0.149999,-0.255196,-0.485801,0.0927034,-0.255196,-0.328081,-0.0927038,-1.77324e-09,-0.696314,-0.255195,-0.134166,-0.534537,-0.242703,-0.157721,-0.613398,-0.3,-1.77324e-09,-0.881726,8.34465e-10,-0.134165,-0.819855,-0.149999,-0.157721,-0.898715,-0.0927038,-1.77324e-09,-0.696314,0.255195,-0.134166,-0.819855,0.149999,-0.157721,-0.789734,0.242705,-1.77324e-09,-0.396316,0.157718,-0.134166,-0.534537,0.242703,-0.157721,-0.437062,0.242705,-1.77324e-09,-0.437062,-0.242705,-1.77324e-09,-0.789734,-0.242705,-1.77324e-09,-0.898715,0.0927038,-1.77324e-09,-0.613398,0.3,-1.77324e-09,-0.328081,0.0927038,-1.77324e-09,-0.530481,-0.255195,0.134166,-0.406941,-0.149999,0.157721,-0.564661,-0.149999,0.255196,-0.83048,-0.157718,0.134166,-0.692258,-0.242703,0.157721,-0.740995,-0.0927034,0.255196,-0.83048,0.157718,0.134166,-0.868592,8.34465e-10,0.157721,-0.740995,0.0927034,0.255196,-0.530481,0.255195,0.134166,-0.692258,0.242703,0.157721,-0.564661,0.149999,0.255196,-0.34507,8.34465e-10,0.134165,-0.406941,0.149999,0.157721,-0.455679,8.34465e-10,0.255196,-0.613398,8.34465e-10,0.3,-0.692258,0.242703,0.157721,-0.530481,0.255195,0.134166,-0.83048,0.157718,0.134166,-0.868592,8.34465e-10,0.157721,-0.83048,-0.157718,0.134166,-0.692258,-0.242703,0.157721,-0.437062,0.242705,-1.77324e-09,0.600286,8.34465e-10,-0.3,0.727883,-0.0927034,-0.255196,0.551549,-0.149999,-0.255196,0.817368,-0.157718,-0.134166,0.85548,8.34465e-10,-0.157721,0.442567,8.34465e-10,-0.255196,0.551549,0.149999,-0.255196,0.727883,0.0927034,-0.255196,0.885603,-0.0927038,-1.77324e-09,0.51737,-0.255195,-0.134166,0.679147,-0.242703,-0.157721,0.600286,-0.3,-1.77324e-09,0.331958,8.34465e-10,-0.134165,0.393829,-0.149999,-0.157721,0.314969,-0.0927038,-1.77324e-09,0.51737,0.255195,-0.134166,0.393829,0.149999,-0.157721,0.42395,0.242705,-1.77324e-09,0.817368,0.157718,-0.134166,0.679147,0.242703,-0.157721,0.776622,0.242705,-1.77324e-09,0.776622,-0.242705,-1.77324e-09,0.42395,-0.242705,-1.77324e-09,0.314969,0.0927038,-1.77324e-09,0.600286,0.3,-1.77324e-09,0.885603,0.0927038,-1.77324e-09,0.683203,-0.255195,0.134166,0.806743,-0.149999,0.157721,0.649023,-0.149999,0.255196,0.383204,-0.157718,0.134166,0.521425,-0.242703,0.157721,0.472689,-0.0927034,0.255196,0.383204,0.157718,0.134166,0.345092,8.34465e-10,0.157721,0.472689,0.0927034,0.255196,0.683203,0.255195,0.134166,0.521425,0.242703,0.157721,0.649023,0.149999,0.255196,0.868614,8.34465e-10,0.134165,0.806743,0.149999,0.157721,0.758005,8.34465e-10,0.255196,0.600286,8.34465e-10,0.3,0.521425,0.242703,0.157721,0.683203,0.255195,0.134166,0.383204,0.157718,0.134166,0.345092,8.34465e-10,0.157721,0.383204,-0.157718,0.134166,0.521425,-0.242703,0.157721,0.776622,0.242705,-1.77324e-09,0.343766,0.0487736,-2.72341e-09,-0.352448,0.0344881,-0.0344882,-0.352448,0.0487736,1.83728e-10,0.343766,0.0344881,-0.0344882,0.343766,1.02111e-08,-0.0487736,-0.352448,-2.89523e-09,-0.0487736,-0.352448,-0.0344882,-0.0344882,0.343766,-0.0344881,-0.0344882,0.343766,-0.0487736,-1.14448e-08,-0.352448,-0.0487736,-8.53767e-09,-0.352448,-0.0344882,-0.0344882,0.343766,-0.0344881,-0.0344882,0.343766,-0.0344882,0.0344881,-0.352448,-0.0344882,0.0344881,0.343766,-1.81645e-10,0.0487736,-0.352448,-1.3288e-08,0.0487736,-0.352448,-0.0344882,0.0344881,0.343766,-0.0344882,0.0344881,0.343766,1.02111e-08,-0.0487736,0.343766,0.0344881,-0.0344882,0.343766,-0.0344881,-0.0344882,0.343766,0.0344881,0.0344881,0.343766,0.0487736,-2.72341e-09,0.343766,-0.0487736,-1.14448e-08,0.343766,-0.0344882,0.0344881,0.343766,-1.81645e-10,0.0487736,-0.352448,0.0344881,0.0344882,0.343766,-1.81645e-10,0.0487736,0.343766,0.0344881,0.0344881,-0.352448,-1.3288e-08,0.0487736,-0.352448,0.0487736,1.83728e-10,0.343766,0.0487736,-2.72341e-09,-0.352448,-2.89523e-09,-0.0487736,-0.352448,-0.0487736,-8.53767e-09,-0.352448,-0.0344882,0.0344881,-0.352448,-1.3288e-08,0.0487736,-0.352448,0.0487736,1.83728e-10,-0.352448,0.0344881,-0.0344882,-0.352448,-0.0344882,-0.0344882,-0.352448,0.0344881,0.0344882]},"normal":{"type":"float32","components":3,