{"model":{"version":3,"nodes":[{"name":"RootNode","position":[0,0,0],"rotation":[0,0,0],"scale":[0.01,0.01,0.01],"scaleCompensation":false},{"name":"torus_m_root","position":[0,0,0],"rotation":[0,0,0],"scale":[1,1,1],"scaleCompensation":false},{"name":"default","position":[0,0,0],"rotation":[0,0,0],"scale":[1,1,1],"scaleCompensation":false}],"parents":[-1,0,1],"skins":[],"morphs":[],"vertices":[{"position":{"type":"float32","components":3,"data":[0.332349,0.078183,0,0.37,0,0,0.30705,0.078183,-0.127184,0.341835,0,-0.141593,0.247748,0.097493,0,0.228889,0.097493,-0.094809,0.166209,0.043388,-0.068846,0.179903,0.043388,0,0.179903,-0.043388,0,0.179903,0.043388,0,0.166209,-0.043388,-0.068846,0.166209,0.043388,-0.068846,0.247748,-0.097493,0,0.228889,-0.097493,-0.094809,0.30705,-0.078183,-0.127184,0.332349,-0.078183,0,0.30705,0.078183,-0.127184,0.341835,0,-0.141593,0.235006,0.078183,-0.235006,0.261629,0,-0.26163,0.228889,0.097493,-0.094809,0.175184,0.097493,-0.175184,0.127211,0.043388,-0.127211,0.166209,0.043388,-0.068846,0.166209,-0.043388,-0.068846,0.166209,0.043388,-0.068846,0.127211,-0.043388,-0.127211,0.127211,0.043388,-0.127211,0.228889,-0.097493,-0.094809,0.175184,-0.097493,-0.175184,0.235006,-0.078183,-0.235006,0.30705,-0.078183,-0.127184,0.141593,0,-0.341835,0.127185,0.078183,-0.30705,0.094809,0.097493,-0.228889,0.068846,0.043388,-0.166209,0.068846,-0.043388,-0.166209,0.068846,0.043388,-0.166209,0.094809,-0.097493,-0.228889,0.127185,-0.078183,-0.30705,0,0,-0.37,0.127185,0.078183,-0.30705,0.141593,0,-0.341835,0,0.078183,-0.332349,0.094809,0.097493,-0.228889,0,0.097493,-0.247748,0.068846,0.043388,-0.166209,0,0.043388,-0.179903,0,0.043388,-0.179903,0,-0.043388,-0.179903,0.068846,0.043388,-0.166209,0.068846,-0.043388,-0.166209,0,-0.097493,-0.247748,0.094809,-0.097493,-0.228889,0,-0.078183,-0.332349,0.127185,-0.078183,-0.30705,-0.141593,0,-0.341835,-0.127184,0.078183,-0.30705,0,0,-0.37,0,0.078183,-0.332349,0,0.097493,-0.247748,-0.094809,0.097493,-0.228889,-0.068846,0.043388,-0.166209,0,0.043388,-0.179903,-0.068846,0.043388,-0.166209,-0.068846,-0.043388,-0.166209,0,0.043388,-0.179903,0,-0.043388,-0.179903,0,-0.097493,-0.247748,-0.094809,-0.097493,-0.228889,-0.127184,-0.078183,-0.30705,0,-0.078183,-0.332349,-0.26163,0,-0.261629,-0.235006,0.078183,-0.235006,-0.141593,0,-0.341835,-0.127184,0.078183,-0.30705,-0.094809,0.097493,-0.228889,-0.175184,0.097493,-0.175184,-0.068846,0.043388,-0.166209,-0.127211,0.043388,-0.127211,-0.127211,0.043388,-0.127211,-0.127211,-0.043388,-0.127211,-0.068846,0.043388,-0.166209,-0.068846,-0.043388,-0.166209,-0.094809,-0.097493,-0.228889,-0.175184,-0.097493,-0.175184,-0.127184,-0.078183,-0.30705,-0.235006,-0.078183,-0.235006,-0.341835,0,-0.141593,-0.30705,0.078183,-0.127184,-0.228889,0.097493,-0.094809,-0.166209,0.043388,-0.068846,-0.166209,-0.043388,-0.068846,-0.166209,0.043388,-0.068846,-0.228889,-0.097493,-0.094809,-0.30705,-0.078183,-0.127184,-0.37,0,0,-0.30705,0.078183,-0.127184,-0.341835,0,-0.141593,-0.332349,0.078183,0,-0.247748,0.097493,0,-0.228889,0.097493,-0.094809,-0.166209,0.043388,-0.068846,-0.179903,0.043388,0,-0.179903,-0.043388,0,-0.166209,0.043388,-0.068846,-0.179903,0.043388,0,-0.166209,-0.043388,-0.068846,-0.247748,-0.097493,0,-0.228889,-0.097493,-0.094809,-0.30705,-0.078183,-0.127184,-0.332349,-0.078183,0,-0.30705,0.078183,0.127184,-0.341835,0,0.141593,-0.228889,0.097493,0.094809,-0.166209,0.043388,0.068846,-0.166209,-0.043388,0.068846,-0.166209,0.043388,0.068846,-0.228889,-0.097493,0.094809,-0.30705,-0.078183,0.127184,-0.235006,0.078183,0.235006,-0.341835,0,0.141593,-0.26163,0,0.261629,-0.30705,0.078183,0.127184,-0.228889,0.097493,0.094809,-0.175184,0.097493,0.175184,-0.127211,0.043388,0.127211,-0.166209,0.043388,0.068846,-0.127211,-0.043388,0.127211,-0.166209,0.043388,0.068846,-0.127211,0.043388,0.127211,-0.166209,-0.043388,0.068846,-0.228889,-0.097493,0.094809,-0.175184,-0.097493,0.175184,-0.235006,-0.078183,0.235006,-0.30705,-0.078183,0.127184,-0.141593,0,0.341835,-0.127184,0.078183,0.30705,-0.094809,0.097493,0.228889,-0.068846,0.043388,0.166209,-0.068846,-0.043388,0.166209,-0.068846,0.043388,0.166209,-0.094809,-0.097493,0.228889,-0.127184,-0.078183,0.30705,-0.127184,0.078183,0.30705,0,0,0.37,0,0.078183,0.332349,-0.141593,0,0.341835,0,0.097493,0.247748,-0.094809,0.097493,0.228889,-0.068846,0.043388,0.166209,0,0.043388,0.179903,0,-0.043388,0.179903,-0.068846,-0.043388,0.166209,-0.068846,0.043388,0.166209,0,0.043388,0.179903,0,-0.097493,0.247748,-0.094809,-0.097493,0.228889,-0.127184,-0.078183,0.30705,0,-0.078183,0.332349,0.127185,0.078183,0.30705,0.141593,0,0.341835,0.094809,0.097493,0.228889,0.068846,0.043388,0.166209,0.068846,-0.043388,0.166209,0.068846,0.043388,0.166209,0.094809,-0.097493,0.228889,0.127185,-0.078183,0.30705,0.235006,0.078183,0.235006,0.127185,0.078183,0.30705,0.141593,0,0.341835,0.261629,0,0.26163,0.175184,0.097493,0.175184,0.094809,0.097493,0.228889,0.127211,0.043388,0.127211,0.068846,0.043388,0.166209,0.127211,-0.043388,0.127211,0.068846,-0.043388,0.166209,0.068846,0.043388,0.166209,0.127211,0.043388,0.127211,0.094809,-0.097493,0.228889,0.175184,-0.097493,0.175184,0.127185,-0.078183,0.30705,0.235006,-0.078183,0.235006,0.341835,0,0.141593,0.30705,0.078183,0.127185,0.228889,0.097493,0.094809,0.166209,0.043388,0.068846,0.166209,-0.043388,0.068846,0.166209,0.043388,0.068846,0.228889,-0.097493,0.094809,0.30705,-0.078183,0.127185,0.30705,0.078183,0.127185,0.341835,0,0.141593,0.228889,0.097493,0.094809,0.166209,0.043388,0.068846,0.166209,-0.043388,0.068846,0.166209,0.043388,0.068846,0.228889,-0.097493,0.094809,0.30705,-0.078183,0.127185]},"normal":{"type":"float32","components":3,