{"model":{"version":3,"nodes":[{"name":"RootNode","position":[0,0,0],"rotation":[0,0,0],"scale":[1,1,1],"scaleCompensation":false},{"name":"Props_Bench_1","position":[-15.8515,-0.109914,0.0989215],"rotation":[2.50448e-06,-0,0],"scale":[1,1,1],"scaleCompensation":false}],"parents":[-1,0],"skins":[],"morphs":[],"vertices":[{"position":{"type":"float32","components":3,"data":[-1.76685,0.0119121,0.0750149,-1.76685,-0.565607,-0.084985,-1.76685,-0.565607,0.075015,-1.76685,0.0119121,-0.0849851,-1.60685,0.0119121,-0.0849851,-1.76685,0.0119121,0.0750149,-1.60685,0.0119121,0.0750149,-1.76685,0.0119121,-0.0849851,-1.60685,0.0119121,0.0750149,-1.60685,-0.565607,0.075015,-1.60685,-0.565607,-0.084985,-1.60685,0.0119121,-0.0849851,-1.76685,-0.565607,0.075015,-1.76685,-0.565607,-0.084985,-1.60685,-0.565607,0.075015,-1.60685,-0.565607,-0.084985,-1.60685,0.0119121,-0.0849851,-1.60685,-0.565607,-0.084985,-1.76685,-0.565607,-0.084985,-1.76685,0.0119121,-0.0849851,-1.76685,0.0119121,0.0750149,-1.60685,-0.565607,0.075015,-1.60685,0.0119121,0.0750149,-1.76685,-0.565607,0.075015,-1.76685,-0.715596,0.550985,-1.76685,-0.555596,-0.560955,-1.76685,-0.715596,-0.560955,-1.76685,-0.555596,0.550985,-1.60685,-0.715596,-0.560955,-1.76685,-0.715596,-0.560955,-1.76685,-0.555596,-0.560955,-1.60685,-0.555596,-0.560955,-1.60685,-0.715596,0.550985,-1.60685,-0.555596,-0.560955,-1.60685,-0.555596,0.550985,-1.60685,-0.715596,-0.560955,-1.76685,-0.555596,0.550985,-1.76685,-0.715596,0.550985,-1.60685,-0.555596,0.550985,-1.60685,-0.715596,0.550985,-1.60685,-0.715596,-0.560955,-1.60685,-0.715596,0.550985,-1.76685,-0.715596,0.550985,-1.76685,-0.715596,-0.560955,-1.76685,-0.555596,-0.560955,-1.76685,-0.555596,0.550985,-1.60685,-0.555596,0.550985,-1.60685,-0.555596,-0.560955,1.62374,-0.715596,0.550985,1.62374,-0.555596,-0.560955,1.62374,-0.715596,-0.560955,1.62374,-0.555596,0.550985,1.78374,-0.715596,-0.560955,1.62374,-0.715596,-0.560955,1.62374,-0.555596,-0.560955,1.78374,-0.555596,-0.560955,1.78374,-0.715596,0.550985,1.78374,-0.555596,-0.560955,1.78374,-0.555596,0.550985,1.78374,-0.715596,-0.560955,1.62374,-0.555596,0.550985,1.62374,-0.715596,0.550985,1.78374,-0.555596,0.550985,1.78374,-0.715596,0.550985,1.78374,-0.715596,-0.560955,1.78374,-0.715596,0.550985,1.62374,-0.715596,0.550985,1.62374,-0.715596,-0.560955,1.62374,-0.555596,-0.560955,1.62374,-0.555596,0.550985,1.78374,-0.555596,0.550985,1.78374,-0.555596,-0.560955,1.62374,0.0119121,0.0750149,1.62374,-0.565607,-0.084985,1.62374,-0.565607,0.075015,1.62374,0.0119121,-0.0849851,1.78374,0.0119121,0.0750149,1.78374,0.0119121,-0.0849851,1.62374,0.0119121,0.0750149,1.62374,0.0119121,-0.0849851,1.78374,0.0119121,0.0750149,1.78374,-0.565607,0.075015,1.78374,-0.565607,-0.084985,1.78374,0.0119121,-0.0849851,1.62374,-0.565607,0.075015,1.62374,-0.565607,-0.084985,1.78374,-0.565607,0.075015,1.78374,-0.565607,-0.084985,1.78374,0.0119121,-0.0849851,1.78374,-0.565607,-0.084985,1.62374,-0.565607,-0.084985,1.62374,0.0119121,-0.0849851,1.62374,0.0119121,0.0750149,1.78374,-0.565607,0.075015,1.78374,0.0119121,0.0750149,1.62374,-0.565607,0.075015,-2.00183,0.00991438,0.55717,-2.00183,0.209914,-0.555013,-2.00183,0.00991432,-0.555013,-2.00183,0.209914,0.55717,1.99817,0.00991432,-0.555013,-2.00183,0.00991432,-0.555013,-2.00183,0.209914,-0.555013,1.99817,0.209914,-0.555013,1.99817,0.00991438,0.55717,1.99817,0.209914,-0.555013,1.99817,0.209914,0.55717,1.99817,0.00991432,-0.555013,1.99817,0.209914,0.55717,-2.00183,0.209914,0.55717,-2.00183,0.00991438,0.55717,1.99817,0.00991438,0.55717,-2.00183,0.00991432,-0.555013,1.99817,0.00991432,-0.555013,-2.00183,0.00991438,0.55717,1.99817,0.00991438,0.55717,1.99817,0.209914,-0.555013,-2.00183,0.209914,-0.555013,1.99817,0.209914,0.55717,-2.00183,0.209914,0.55717]},"normal":{"type":"float32","components":3,"data":[-1,-7.92968e-09,0,-1,-7.92968e-09,0,-1,-7.92968e-09,0,-1,-7.92968e-09,0,0,1,0,0,1,0,0,1,0,0,1,0,1,1.24039e-07,0,1,1.24039e-07,0,1,1.24039e-07,0,1,1.24039e-07,0,0,-1,0,0,-1,0,0,-1,0,0,-1,0,0,-1.16109e-07,-1,0,-1.16109e-07,-1,0,-1.16109e-07,-1,0,-1.16109e-07,-1,0,1.2901e-07,1,0,1.2901e-07,1,0,1.2901e-07,1,0,1.2901e-07,1,-1,0,0,-1,0,0,-1,0,0,-1,0,0,0,0,-1,0,0,-1,0,0,-1,0,0,-1,1,0,0,1,0,0,1,0,0,1,0,0,0,0,1,0,0,1,0,0,1,0,0,1,0,-1,8.37564e-08,0,-1,8.37564e-08,0,-1,8.37564e-08,0,-1,8.37564e-08,0,1,-4.18782e-08,0,1,-4.18782e-08,0,1,-4.18782e-08,0,1,-4.18782e-08,-1,0,0,-1,0,0,-1,0,0,-1,0,0,0,0,-1,0,0,-1,0,0,-1,0,0,-1,1,0,0,1,0,0,1,0,0,1,0,0,0,0,1,0,0,1,0,0,1,0,0,1,0,-1,8.37565e-08,0,-1,8.37565e-08,0,-1,8.37565e-08,0,-1,8.37565e-08,0,1,-4.18782e-08,0,1,-4.18782e-08,0,1,-4.18782e-08,0,1,-4.18782e-08,-1,1.11781e-07,0,-1,1.11781e-07,0,-1,1.11781e-07,0,-1,1.11781e-07,0,0,1,0,0,1,0,0,1,0,0,1,0,1,4.32863e-09,0,1,4.32863e-09,0,1,4.32863e-09,0,1,4.32863e-09,0,0,-1,0,0,-1,0,0,-1,0,0,-1,0,0,-1.16109e-07,-1,0,-1.16109e-07,-1,0,-1.16109e-07,-1,0,-1.16109e-07,-1,0,1.2901e-07,1,0,1.2901e-07,1,0,1.2901e-07,1,0,1.2901e-07,1,-1,0,0,-1,0,0,-1,0,0,-1,0,0,0,0,-1,0,0,-1,0,0,-1,0,0,-1,1,0,0,1,0,0,1,0,0,1,0,0,0,0,1,0,0,1,0,0,1,0,0,1,0,-1,5.35925e-08,0,-1,5.35925e-08,0,-1,5.35925e-08,0,-1,5.35925e-08,0,1,-5.35925e-08,0,1,-5.35925e-08,0,1,-5.35925e-08,0,1,-5.35925e-08]},"texCoord0":{"type":"float32","components":2,"data":[0.357579,0.414542,0.307579,0.464542,0.307579,0.414542,0.357579,0.464542,0.357579,0.464542,0.307579,0.414542,0.357579,0.414542,0.307579,0.464542,0.307579,0.414542,0.357579,0.414542,0.357579,0.464542,0.307579,0.464542,0.357579,0.414542,0.357579,0.464542,0.307579,0.414542,0.307579,0.464542,0.357579,0.464542,0.307579,0.464542,0.307579,0.414542,0.357579,0.414542,0.357579,0.464542,0.307579,0.414542,0.357579,0.414542,0.307579,0.464542,0.307579,0.464542,0.357579,0.414542,0.357579,0.464542,0.307579,0.414542,0.357579,0.464542,0.307579,0.464542,0.307579,0.414542,0.357579,0.414542,0.357579,0.464542,0.307579,0.414542,0.357579,0.414542,0.307579,0.464542,0.357579,0.414542,0.357579,0.464542,0.307579,0.414542,0.307579,0.464542,0.357579,0.464542,0.307579,0.464542,0.307579,0.414542,0.357579,0.414542,0.357579,0.464542,0.307579,0.464542,0.307579,0.414542,0.357579,0.414542,0.307579,0.464542,0.357579,0.414542,0.357579,0.464542,0.307579,0.414542,0.357579,0.464542,0.307579,0.464542,0.307579,0.414542,0.357579,0.414542,0.357579,0.464542,0.307579,0.414542,0.357579,0.414542,0.307579,0.464542,0.357579,0.414542,0.357579,0.464542,0.307579,0.414542,0.307579,0.464542,0.357579,0.464542,0.307579,0.464542,0.307579,0.414542,0.357579,0.414542,0.357579,0.464542,0.307579,0.464542,0.307579,0.414542,0.357579,0.414542,0.357579,0.414542,0.307579,0.464542,0.307579,0.414542,0.357579,0.464542,0.357579,0.414542,0.357579,0.464542,0.307579,0.414542,0.307579,0.464542,0.307579,0.414542,0.357579,0.414542,0.357579,0.464542,0.307579,0.464542,0.357579,0.414542,0.357579,0.464542,0.307579,0.414542,0.307579,0.464542,0.357579,0.464542,0.307579,0.464542,0.307579,0.414542,0.357579,0.414542,0.357579,0.464542,0.307579,0.414542,0.357579,0.414542,0.307579,0.464542,0.0358023,0.753633,0.0358023,0.921827,0.0358023,0.921827,0.0358023,0.753633,0.640718,0.921827,0.0358023,0.921827,0.0358023,0.921827,0.640718,0.921827,0.640718,0.753633,0.640718,0.921827,0.640718,0.753633,0.640718,0.921827,0.640718,0.753633,0.0358023,0.753633,0.0358023,0.753633,0.640718,0.753633,0.0358023,0.921827,0.640718,0.921827,0.0358023,0.753633,0.640718,0.753633,0.640718,0.921827,0.0358023,0.921827,0.640718,0.753633,0.0358023,0.753633]}}],"meshes":[{"aabb":{"min":[-2.00183,-0.715596,-0.560955],"max":[1.99817,0.209914,0.55717]},"vertices":0,