{"model":{"version":3,"nodes":[{"name":"RootNode","position":[0,0,0],"rotation":[0,0,0],"scale":[0.01,0.01,0.01],"scaleCompensation":false},{"name":"beachtoy01B_m_root","position":[0,0,0],"rotation":[0,0,0],"scale":[1,1,1],"scaleCompensation":false},{"name":"default","position":[0,0,0],"rotation":[0,0,0],"scale":[1,1,1],"scaleCompensation":false}],"parents":[-1,0,1],"skins":[],"morphs":[],"vertices":[{"position":{"type":"float32","components":3,"data":[0.05279,0.124048,-0.072659,0.085416,0.124048,-0.027753,0.072862,0.119382,-0.023674,0.045031,0.119382,-0.06198,0,0.136729,-0.089812,-0.044124,0.133991,-0.060732,0,0.133991,-0.075069,-0.05279,0.136729,-0.072659,0.05279,0.136729,-0.072659,0.071394,0.133991,-0.023197,0.085416,0.136729,-0.027753,0.044124,0.133991,-0.060732,-0.05279,0.136729,-0.072659,-0.085416,0.136729,-0.027753,-0.071394,0.133991,-0.023197,-0.044124,0.133991,-0.060732,-0.05279,0.124048,-0.072659,-0.072862,0.119382,-0.023674,-0.085416,0.124048,-0.027753,-0.045031,0.119382,-0.06198,0.072862,0.119382,0.023674,0.05279,0.124048,0.072659,0.045031,0.119382,0.06198,0.085416,0.124048,0.027753,-0.085416,0.136729,0.027753,-0.071394,0.133991,0.023197,0,0.124048,0.089812,-0.05279,0.124048,0.072659,-0.045031,0.119382,0.06198,0,0.119382,0.076611,-0.05279,0.136729,0.072659,-0.044124,0.133991,0.060732,-0.085416,0.136729,-0.027753,-0.05279,0.124048,-0.072659,-0.085416,0.124048,-0.027753,-0.05279,0.136729,-0.072659,-0.085416,0.136729,0.027753,-0.085416,0.124048,0.027753,-0.05279,0.136729,0.072659,-0.05279,0.124048,0.072659,0,0.136729,0.089812,0,0.124048,0.089812,0.05279,0.136729,0.072659,0.05279,0.124048,0.072659,0.085416,0.136729,0.027753,0.085416,0.124048,0.027753,0.05279,0.124048,-0.072659,0,0.124048,-0.089812,0,0.136729,-0.089812,0.05279,0.136729,-0.072659,0.085416,0.136729,-0.027753,0.085416,0.124048,-0.027753,-0.05279,0.124048,-0.072659,-0.05279,0.136729,-0.072659,-0.072862,0.119382,0.023674,-0.085416,0.124048,0.027753,0.085416,0.136729,0.027753,0.071394,0.133991,0.023197,0.044124,0.133991,0.060732,0.05279,0.136729,0.072659,0,0.124048,-0.089812,-0.045031,0.119382,-0.06198,-0.05279,0.124048,-0.072659,0,0.119382,-0.076611,0,0.136729,0.089812,0,0.133991,0.075069,0.071394,0.133991,0.023197,0.027588,0.017204,0.037971,0.044124,0.133991,0.060732,0.044638,0.017204,0.014504,0,0.133991,-0.075069,0.027588,0.017204,-0.037971,0.044124,0.133991,-0.060732,0,0.017204,-0.046935,-0.044638,0.017204,0.014504,-0.071394,0.133991,-0.023197,-0.071394,0.133991,0.023197,-0.044638,0.017204,-0.014504,0,0.017204,0.046935,0,0.133991,0.075069,0.071394,0.133991,-0.023197,0.044638,0.017204,-0.014504,-0.027588,0.017204,-0.037971,-0.044124,0.133991,-0.060732,-0.027588,0.017204,0.037971,-0.044124,0.133991,0.060732,-0.044124,0.133991,-0.060732,-0.027588,0.017204,-0.037971,0.027588,0.017204,-0.037971,-0.027588,0.017204,-0.037971,-0.044638,0.017204,-0.014504,0,0.017204,-0.046935,-0.044638,0.017204,0.014504,0.044638,0.017204,-0.014504,-0.027588,0.017204,0.037971,0.044638,0.017204,0.014504,0.027588,0.017204,0.037971,0,0.017204,0.046935,0.036644,0.007496,-0.050436,0,0.119382,-0.076611,0.045031,0.119382,-0.06198,0,0.007496,-0.062342,0,0.119382,0.076611,-0.036644,0.007496,0.050436,0,0.007496,0.062342,-0.045031,0.119382,0.06198,0.059291,0.007496,0.019265,0.072862,0.119382,-0.023674,0.072862,0.119382,0.023674,0.059291,0.007496,-0.019265,-0.036644,0.007496,-0.050436,-0.045031,0.119382,-0.06198,-0.072862,0.119382,0.023674,-0.059291,0.007496,0.019265,0.036644,0.007496,0.050436,0.045031,0.119382,0.06198,-0.059291,0.007496,-0.019265,-0.072862,0.119382,-0.023674,-0.036644,0.007496,-0.050436,-0.045031,0.119382,-0.06198,-0.053244,0,-0.0173,0,0,-0.055984,0.032907,0,-0.045292,-0.032907,0,-0.045292,0.053244,0,-0.0173,-0.053244,0,0.0173,0.053244,0,0.0173,-0.032907,0,0.045292,0,0,0.055984,0.032907,0,0.045292,-0.053244,0,0.0173,-0.053244,0,-0.0173,0.032907,0,-0.045292,0,0,-0.055984,0.032907,0,0.045292,0.053244,0,0.0173,-0.032907,0,0.045292,-0.032907,0,-0.045292,0.053244,0,-0.0173,0,0,0.055984,-0.032907,0,-0.045292,-0.094737,0.124237,0.011445,-0.08479,0.0977,0.033293,-0.090939,0.101122,0.039938,-0.089754,0.120038,0.008038,-0.078642,0.104908,0.035271,-0.084771,0.124237,0.011445,-0.078642,0.104908,0.035271,-0.084771,0.124237,0.011445,-0.089754,0.128436,0.014851,-0.08479,0.10833,0.041916,-0.031516,0.080512,0.086664,-0.000144,0.080345,0.088457,-0.000122,0.077644,0.06888,-0.031605,0.078543,0.067771,-0.031427,0.061618,0.088634,-0.000144,0.05793,0.070273,-0.000167,0.060659,0.089817,-0.031516,0.059649,0.06974,0.070944,0.078253,0.068129,0.034262,0.064685,0.084853,0.034351,0.063215,0.070833,0.067933,0.075786,0.05768,-0.070167,0.078308,0.068061,-0.033835,0.063426,0.071028,-0.033768,0.064853,0.084646,-0.067147,0.075874,0.057809,-0.033909,0.077028,0.069638,-0.064127,0.086407,0.058076,-0.033909,0.077028,0.069638,-0.064127,0.086407,0.058076,-0.067147,0.088841,0.068328,-0.033835,0.078473,0.083235,0.034447,0.077217,0.069406,0.064922,0.086519,0.057939,0.032141,0.080767,0.086826,0.032259,0.078753,0.067511,0.067933,0.088986,0.068388,0.034447,0.077217,0.069406,0.034351,0.078707,0.083401,0.064922,0.086519,0.057939,0.092019,0.101183,0.039863,0.085853,0.097738,0.033246,0.079686,0.104923,0.035253,0.085853,0.108367,0.041869,0.079686,0.104923,0.035253,0.094683,0.124237,0.011445,0.089713,0.120038,0.008038,0.084742,0.124237,0.011445,0.089713,0.128436,0.014851,0.084742,0.124237,0.011445,0.032023,0.061452,0.088839,0.032141,0.059439,0.069524,-0.000122,0.077644,0.06888,0.032259,0.078753,0.067511,-0.084771,0.131977,0.001903,-0.089754,0.128436,0.014851,-0.089754,0.136176,0.005309,-0.094737,0.131977,0.001903,-0.089754,0.136176,0.005309,-0.089754,0.127778,-0.001503,-0.089754,0.127778,-0.001503,-0.094737,0.131977,0.001903,0.089713,0.128613,-0.002532,0.084742,0.132812,0.000874,0.089713,0.128436,0.014851,0.089713,0.137011,0.00428,0.094683,0.132812,0.000874,0.089713,0.137011,0.00428,0.094683,0.132812,0.000874,0.089713,0.128613,-0.002532,-0.031605,0.078543,0.067771]},"normal":{"type":"float32","components":3,