{"model":{"version":3,"nodes":[{"name":"RootNode","position":[0,0,0],"rotation":[0,0,0],"scale":[0.01,0.01,0.01],"scaleCompensation":false},{"name":"obstacle-ropefence_01_H1_shadow","position":[0,0,0],"rotation":[2.50448e-06,-0,0],"scale":[1,1,1],"scaleCompensation":false}],"parents":[-1,0],"skins":[],"morphs":[],"vertices":[{"position":{"type":"float32","components":3,"data":[-66.9872,2,156.559,-51.6992,2,151.959,-69.681,-4.41462e-15,96.425,-69.681,-4.41462e-15,96.425,-83.0537,-4.75407e-15,101.969,-66.9872,2,156.559,9.6429,2,609.099,10.1535,2,588.606,-10.4067,2,588.125,-10.4067,2,588.125,-59.9773,2,634.693,-78.1132,2,647.616,-108.844,2,673.772,-102.66,2,687.709,-126.1,2,692.188,-136.173,2,726.414,-126.188,2,736.815,-93.6295,2,730.944,-136.173,2,726.414,-89.7344,2,709.626,-78.1132,2,647.616,-59.9773,2,634.693,-89.7344,2,709.626,-72.8958,2,712.169,-72.8958,2,712.169,-60.6866,2,533.541,-67.4841,2,595.969,-51.0153,2,576.846,-46.2465,2,530.327,-50.9697,2,465.683,-64.3369,2,477.41,-64.3369,2,477.41,-46.2465,2,530.327,-76.1459,2,426.939,-67.6107,2,404.786,-89.1711,2,367.059,-122.049,2,392.838,-115.264,2,408.201,-139.59,2,415.4,-151.608,2,448.078,-151.608,2,448.078,-136.379,2,462.752,-105.64,2,451.233,-115.264,2,408.201,-105.64,2,451.233,-102.134,2,433.512,-102.134,2,433.512,-64.9837,2,347.085,6.70146,2,310.13,-12.1364,2,289.499,8.80927,2,289.53,-71.8037,2,300.49,-53.5302,2,297.511,-47.0817,2,240.339,-47.0817,2,240.339,-62.6866,2,233.974,-51.6992,2,151.959,-66.9872,2,156.559,-66.9872,2,156.559,-83.0537,-4.75407e-15,101.969,-92.6777,-4.84592e-15,103.469,-92.6777,-4.84592e-15,103.469,-76.9046,2,158.323,-66.9872,2,156.559,-76.9046,2,158.323,-72.7246,2,233.568,-71.8037,2,300.49,-72.7246,2,233.568,-81.6302,2,298.542,-97.9957,2,361.271,-134.337,2,389.766,-122.049,2,392.838,-129.005,2,401.839,-147.243,2,407.237,-147.243,2,407.237,-163.246,2,450.751,-163.246,2,450.751,-138.776,2,474.329,-136.379,2,462.752,-96.9113,2,458.641,-93.5515,2,441.656,-83.5636,2,439.13,-74.2621,2,478.884,-70.7219,2,533.322,-77.3741,2,594.416,-67.4841,2,595.969,-87.2145,2,642.231,-108.844,2,673.772,-121.014,2,670.999,-121.014,2,670.999,-116.909,2,680.251,-133.971,2,683.511,-147.404,2,729.155,-147.404,2,729.155,-129.689,2,747.608,-85.0374,2,739.556,-93.6295,2,730.944,-81.6401,2,720.962,-68.3898,2,722.964,-68.3898,2,722.964,13.5174,-3.58996e-14,610.615,9.6429,2,609.099,10.1535,2,588.606,9.6429,2,609.099,13.5174,-3.58996e-14,610.615,13.5174,-3.58996e-14,610.615,14.8331,-3.43205e-14,584.825,10.1535,2,588.606,-10.4067,2,588.125,10.1535,2,588.606,14.8331,-3.43205e-14,584.825,14.8331,-3.43205e-14,584.825,-11.9932,-3.42732e-14,584.052,-10.4067,2,588.125,-59.9773,2,634.693,-10.4067,2,588.125,-11.9932,-3.42732e-14,584.052,-11.9932,-3.42732e-14,584.052,-48.3425,2,611.537,-59.9773,2,634.693,-48.3425,2,611.537,-41.1248,2,578.426,-51.0153,2,576.846,-36.2092,2,530.474,-36.2092,2,530.474,-41.0672,2,463.985,-67.6107,2,404.786,-56.7129,2,406.73,-56.7129,2,406.73,-56.7129,2,406.73,11.3238,-1.75771e-14,311.385,6.70146,2,310.13,8.80927,2,289.53,6.70146,2,310.13,11.3238,-1.75771e-14,311.385,11.3238,-1.75771e-14,311.385,13.3633,-1.6035e-14,286.2,8.80927,2,289.53,-12.1364,2,289.499,8.80927,2,289.53,13.3633,-1.6035e-14,286.2,13.3633,-1.6035e-14,286.2,-14.1479,-1.59963e-14,285.568,-12.1364,2,289.499,-64.9837,2,347.085,-12.1364,2,289.499,-14.1479,-1.59963e-14,285.568,-14.1479,-1.59963e-14,285.568,-53.2917,2,318.988,-64.9837,2,347.085,-53.2917,2,318.988,-43.8049,2,300.056,-53.5302,2,297.511,-37.0415,2,240.848,-51.6992,2,151.959,-41.7827,2,150.099,-69.681,-4.41462e-15,96.425,-51.6992,2,151.959,-41.7827,2,150.099,-41.7827,2,150.099,-60.7948,-4.17754e-15,92.5532,-69.681,-4.41462e-15,96.425]},"normal":{"type":"float32","components":3,"data":[-0.00986961,0.999413,-0.0327973,-0.00986961,0.999413,-0.0327973,-0.00986961,0.999413,-0.0327973,-0.0135277,0.999376,-0.0326322,-0.0135277,0.999376,-0.0326322,-0.0135277,0.999376,-0.0326322,0,1,6.12323e-17,0,1,6.12323e-17,0,1,6.12323e-17,0,1,6.12323e-17,0,1,6.12323e-17,0,1,6.12323e-17,0,1,6.12323e-17,0,1,6.12323e-17,0,1,6.12323e-17,0,1,6.12323e-17,0,1,6.12323e-17,0,1,6.12323e-17,0,1,6.12323e-17,0,1,6.12323e-17,0,1,6.12323e-17,0,1,6.12323e-17,0,1,6.12323e-17,0,1,6.12323e-17,0,1,6.12323e-17,0,1,6.12323e-17,0,1,6.12323e-17,0,1,6.12323e-17,0,1,6.12323e-17,0,1,6.12323e-17,0,1,6.12323e-17,0,1,6.12323e-17,0,1,6.12323e-17,0,1,6.12323e-17,0,1,6.12323e-17,0,1,6.12323e-17,0,1,6.12323e-17,0,1,6.12323e-17,0,1,6.12323e-17,0,1,6.12323e-17,0,1,6.12323e-17,0,1,6.12323e-17,0,1,6.12323e-17,0,1,6.12323e-17,0,1,6.12323e-17,0,1,6.12323e-17,0,1,6.12323e-17,0,1,6.12323e-17,0,1,6.12323e-17,0,1,6.12323e-17,0,1,6.12323e-17,0,1,6.12323e-17,0,1,6.12323e-17,0,1,6.12323e-17,0,1,6.12323e-17,0,1,6.12323e-17,0,1,6.12323e-17,0,1,6.12323e-17,-0.0054563,0.999372,-0.0350076,-0.0054563,0.999372,-0.0350076,-0.0054563,0.999372,-0.0350076,-0.00616616,0.99938,-0.0346644,-0.00616616,0.99938,-0.0346644,-0.00616616,0.99938,-0.0346644,0,1,6.12323e-17,0,1,6.12323e-17,0,1,6.12323e-17,0,1,6.12323e-17,0,1,6.12323e-17,0,1,6.12323e-17,0,1,6.12323e-17,0,1,6.12323e-17,0,1,6.12323e-17,0,1,6.12323e-17,0,1,6.12323e-17,0,1,6.12323e-17,0,1,6.12323e-17,0,1,6.12323e-17,0,1,6.12323e-17,0,1,6.12323e-17,0,1,6.12323e-17,0,1,6.12323e-17,0,1,6.12323e-17,0,1,6.12323e-17,0,1,6.12323e-17,0,1,6.12323e-17,0,1,6.12323e-17,0,1,6.12323e-17,0,1,6.12323e-17,0,1,6.12323e-17,0,1,6.12323e-17,0,1,6.12323e-17,0,1,6.12323e-17,0,1,6.12323e-17,0,1,6.12323e-17,0,1,6.12323e-17,0,1,6.12323e-17,0,1,6.12323e-17,0,1,6.12323e-17,0.365027,0.896759,0.250157,0.365027,0.896759,0.250157,0.365027,0.896759,0.250157,0.455153,0.890341,0.0113418,0.455153,0.890341,0.0113418,0.455153,0.890341,0.0113418,0.407056,0.913167,0.0207675,0.407056,0.913167,0.0207675,0.407056,0.913167,0.0207675,0.0107035,0.889323,-0.457154,0.0107035,0.889323,-0.457154,0.0107035,0.889323,-0.457154,0.0128231,0.895573,-0.444729,0.0128231,0.895573,-0.444729,0.0128231,0.895573,-0.444729,-0.302869,0.896845,-0.322396,-0.302869,0.896845,-0.322396,-0.302869,0.896845,-0.322396,0.0882986,0.995106,0.0443652,0.0882986,0.995106,0.0443652,0.0882986,0.995106,0.0443652,0,1,6.12323e-17,0,1,6.12323e-17,0,1,6.12323e-17,0,1,6.12323e-17,0,1,6.12323e-17,0,1,6.12323e-17,0,1,6.12323e-17,0,1,6.12323e-17,0,1,6.12323e-17,0.336228,0.915551,0.220721,0.336228,0.915551,0.220721,0.336228,0.915551,0.220721,0.387699,0.920932,0.0396703,0.387699,0.920932,0.0396703,0.387699,0.920932,0.0396703,0.422751,0.905599,0.034234,0.422751,0.905599,0.034234,0.422751,0.905599,0.034234,0.000765474,0.857747,-0.514071,0.000765474,0.857747,-0.514071,0.000765474,0.857747,-0.514071,0.0105205,0.889066,-0.457659,0.0105205,0.889066,-0.457659,0.0105205,0.889066,-0.457659,-0.320472,0.900445,-0.294101,-0.320472,0.900445,-0.294101,-0.320472,0.900445,-0.294101,0.0789585,0.996336,0.0328565,0.0789585,0.996336,0.0328565,0.0789585,0.996336,0.0328565,0,1,6.12323e-17,0,1,6.12323e-17,0,1,6.12323e-17,0,1,6.12323e-17,0,1,6.12323e-17,0,1,6.12323e-17,-0.00636387,0.999404,-0.0339322,-0.00636387,0.999404,-0.0339322,-0.00636387,0.999404,-0.0339322,-0.0132304,0.999451,-0.0303649,-0.0132304,0.999451,-0.0303649,-0.0132304,0.999451,-0.0303649]},"color":{"type":"uint8","components":4,