{"model":{"version":3,"nodes":[{"name":"RootNode","position":[0,0,0],"rotation":[0,0,0],"scale":[0.0254,0.0254,0.0254],"scaleCompensation":false},{"name":"completed-20","position":[0,0,0],"rotation":[-90,-0,0],"scale":[1,1,1],"scaleCompensation":false}],"parents":[-1,0],"skins":[],"morphs":[],"vertices":[{"position":{"type":"float32","components":3,"data":[-30.9248,-4.30207e-05,40.4006,-30.9248,-4.28101e-05,3.62523,12.592,-4.28771e-05,40.4006,12.592,-4.27363e-05,3.62607,12.592,-4.27363e-05,3.62607,38.4635,-4.24416e-05,3.62776,12.592,-4.28771e-05,40.4006,38.4635,-4.24427e-05,40.4006]},"normal":{"type":"float32","components":3,"data":[3.30101e-09,-1,-5.72565e-09,2.58439e-09,-1,-4.87766e-09,8.54779e-09,-1,-3.0936e-09,6.54401e-09,-1,-3.82718e-09,6.54401e-09,-1,-3.82718e-09,1.34982e-08,-1,-2.3451e-09,8.54779e-09,-1,-3.0936e-09,1.6789e-08,-1,-2.98774e-11]},"texCoord0":{"type":"float32","components":2,"data":[0.292998,0.998859,0.292998,0.734922,0.618518,0.998859,0.618518,0.734922,0.44706,0.20459,0.44706,0.00065548,0.698577,0.20459,0.698577,0.00065548]}}],"meshes":[{"aabb":{"min":[-30.9248,-4.30207e-05,3.62523],"max":[38.4635,-4.24416e-05,40.4006]},"vertices":0,"indices":[0,1,2,3,2,1,4,5,6,7,6,5],"type":"triangles","base":0,"count":12}],"meshInstances":[{"node":1,"mesh":0}]}}