{"model":{"version":3,"nodes":[{"name":"RootNode","position":[0,0,0],"rotation":[0,0,0],"scale":[0.0254,0.0254,0.0254],"scaleCompensation":false},{"name":"suelo","position":[0,8.73162e-05,0],"rotation":[-90,-0,0],"scale":[1,1,1],"scaleCompensation":false}],"parents":[-1,0],"skins":[],"morphs":[],"vertices":[{"position":{"type":"float32","components":3,"data":[-114,-493.226,-9.91821e-05,-89.7763,-493.226,-9.91821e-05,-89.7763,493.226,9.91821e-05,-89.7763,493.226,9.91821e-05,-114,493.226,9.91821e-05,-114,-493.226,-9.91821e-05,-89.7763,-493.226,-9.91821e-05,0.00605651,-493.226,-9.91821e-05,-89.7763,493.226,9.91821e-05,0.00605651,-493.226,-9.91821e-05,0.00701603,493.226,9.91821e-05,-89.7763,493.226,9.91821e-05,114,-493.226,-9.91821e-05,89.7763,493.226,9.91821e-05,89.7763,-493.226,-9.91821e-05,89.7763,493.226,9.91821e-05,114,-493.226,-9.91821e-05,114,493.226,9.91821e-05,89.7763,-493.226,-9.91821e-05,89.7763,493.226,9.91821e-05,0.00605651,-493.226,-9.91821e-05,0.00605651,-493.226,-9.91821e-05,89.7763,493.226,9.91821e-05,0.00701603,493.226,9.91821e-05]},"normal":{"type":"float32","components":3,"data":[0,-2.01089e-07,1,0,-2.01089e-07,1,0,-2.01089e-07,1,-5.06673e-13,-2.01089e-07,1,-5.06673e-13,-2.01089e-07,1,-5.06673e-13,-2.01089e-07,1,-6.83513e-14,-2.01089e-07,1,-6.83513e-14,-2.01089e-07,1,-6.83513e-14,-2.01089e-07,1,6.83505e-14,-2.01089e-07,1,6.83505e-14,-2.01089e-07,1,6.83505e-14,-2.01089e-07,1,0,-2.01089e-07,1,0,-2.01089e-07,1,0,-2.01089e-07,1,0,-2.01089e-07,1,0,-2.01089e-07,1,0,-2.01089e-07,1,0,-2.01089e-07,1,0,-2.01089e-07,1,0,-2.01089e-07,1,-6.83612e-14,-2.01089e-07,1,-6.83612e-14,-2.01089e-07,1,-6.83612e-14,-2.01089e-07,1]},"texCoord0":{"type":"float32","components":2,"data":[0.00881738,-0.832328,0.353039,-0.832328,0.353039,6.16669,0.353039,6.16669,0.00881743,6.16669,0.00881738,-0.832328,0.353039,-0.832328,0.980991,-0.832326,0.353039,6.16669,0.980991,-0.832326,0.981194,6.16669,0.353039,6.16669,0.00881738,-0.832328,0.353039,6.16669,0.353039,-0.832328,0.353039,6.16669,0.00881738,-0.832328,0.00881743,6.16669,0.353039,-0.832328,0.353039,6.16669,0.980991,-0.832326,0.980991,-0.832326,0.353039,6.16669,0.981194,6.16669]}}],"meshes":[{"aabb":{"min":[-114,-493.226,-9.91821e-05],"max":[114,493.226,9.91821e-05]},"vertices":0,"indices":[0,1,2,3,4,5,6,7,8,9,10,11,12,13,14,15,16,17,18,19,20,21,22,23],"type":"triangles","base":0,"count":24}],"meshInstances":[{"node":1,"mesh":0}]}}