{"model":{"version":3,"nodes":[{"name":"RootNode","position":[0,0,0],"rotation":[0,0,0],"scale":[0.01,0.01,0.01],"scaleCompensation":false},{"name":"obstacle-ropefence_01_start_H1_shadow","position":[0,0,0],"rotation":[2.50448e-06,-0,0],"scale":[1,1,1],"scaleCompensation":false}],"parents":[-1,0],"skins":[],"morphs":[],"vertices":[{"position":{"type":"float32","components":3,"data":[-88.3154,2,67.197,-114.13,2,90.4739,-107.345,2,105.837,-131.463,2,118.395,-133.546,2,144.01,-117.007,2,155.533,-97.1224,2,141.886,-91.3212,2,128.087,-91.3212,2,128.087,-77.0173,2,126.68,-51.5989,2,33.8092,7.55716,2,10.2685,-11.2807,2,-10.3624,7.55716,2,10.2685,9.66496,2,-10.3312,-114.13,2,90.4739,-97.14,2,61.4089,-126.418,2,87.4018,-121.086,2,99.475,-131.463,2,118.395,-141.359,2,109.854,-145.051,2,150.736,-133.546,2,144.01,-145.051,2,150.736,-119.404,2,167.11,-117.007,2,155.533,-119.404,2,167.11,-88.5399,2,154.597,-88.5399,2,154.597,-81.4696,2,134.435,-67.407,2,135.682,-67.407,2,135.682,12.1795,7.84122e-16,11.5231,7.55716,2,10.2685,9.66496,2,-10.3312,7.55716,2,10.2685,12.1795,7.84122e-16,11.5231,12.1795,7.84122e-16,11.5231,14.219,2.32623e-15,-13.6615,9.66496,2,-10.3312,-11.2807,2,-10.3624,9.66496,2,-10.3312,14.219,2.32623e-15,-13.6615,14.219,2.32623e-15,-13.6615,-13.2922,2.36496e-15,-14.2939,-11.2807,2,-10.3624,-51.5989,2,33.8092,-11.2807,2,-10.3624,-13.2922,2.36496e-15,-14.2939,-13.2922,2.36496e-15,-14.2939,-52.436,2,19.1262,-51.5989,2,33.8092,-85.1178,2,33.2175,-70.8423,2,21.4187,-64.7415,2,5.16891,-93.8859,2,26.0443,-85.1178,2,33.2175,-93.8859,2,26.0443,-52.436,2,19.1262]},"normal":{"type":"float32","components":3,"data":[0,1,6.12323e-17,0,1,6.12323e-17,0,1,6.12323e-17,0,1,6.12323e-17,0,1,6.12323e-17,0,1,6.12323e-17,0,1,6.12323e-17,0,1,6.12323e-17,0,1,6.12323e-17,0,1,6.12323e-17,0,1,6.12323e-17,0,1,6.12323e-17,0,1,6.12323e-17,0,1,6.12323e-17,0,1,6.12323e-17,0,1,6.12323e-17,0,1,6.12323e-17,0,1,6.12323e-17,0,1,6.12323e-17,0,1,6.12323e-17,0,1,6.12323e-17,0,1,6.12323e-17,0,1,6.12323e-17,0,1,6.12323e-17,0,1,6.12323e-17,0,1,6.12323e-17,0,1,6.12323e-17,0,1,6.12323e-17,0,1,6.12323e-17,0,1,6.12323e-17,0,1,6.12323e-17,0.341538,0.917428,0.20415,0.341538,0.917428,0.20415,0.341538,0.917428,0.204149,0.387699,0.920932,0.0396703,0.387699,0.920932,0.0396703,0.387699,0.920932,0.0396703,0.422751,0.905599,0.034234,0.422751,0.905599,0.034234,0.422751,0.905599,0.034234,0.000765474,0.857747,-0.514071,0.000765474,0.857747,-0.514071,0.000765474,0.857747,-0.514071,0.0105205,0.889066,-0.457659,0.0105205,0.889066,-0.457659,0.0105205,0.889066,-0.457659,-0.321525,0.900274,-0.293476,-0.321525,0.900274,-0.293476,-0.321525,0.900274,-0.293476,0.0486641,0.998811,-0.00277444,0.0486641,0.998811,-0.00277444,0.0486641,0.998811,-0.00277444,0,1,6.12323e-17,0,1,6.12323e-17,0,1,6.12323e-17,0,1,6.12323e-17,0,1,6.12323e-17,0,1,6.12323e-17,0,1,6.12323e-17]},"color":{"type":"uint8","components":4,"data":[255,255,255,255,255,255,255,255,255,255,255,255,255,255,255,255,255,255,255,255,255,255,255,255,255,255,255,255,255,255,255,255,255,255,255,255,255,255,255,255,255,255,255,255,255,255,255,255,255,255,255,255,255,255,255,255,255,255,255,255,255,255,255,255,255,255,255,0,255,255,255,0,255,255,255,0,255,255,255,255,255,255,255,0,255,255,255,0,255,255,255,255,255,255,255,0,255,255,255,0,255,255,255,255,255,255,255,0,255,255,255,0,255,255,255,0,255,255,255,0,255,255,255,0,255,255,255,0,255,255,255,0,255,255,255,255,255,255,255,255,255,255,255,255,255,255,255,0,255,255,255,0,255,255,255,0,255,255,255,255,255,255,255,255,255,255,255,255,255,255,255,0,255,255,255,0,255,255,255,0,255,255,255,255,255,255,255,255,255,255,255,255,255,255,255,0,255,255,255,0,255,255,255,0,255,255,255,255,255,255,255,255,255,255,255,255,255,255,255,0,255,255,255,0,255,255,255,255,255,255,255,0,255,255,255,0]},"texCoord0":{"type":"float32","components":2,"data":[1,1,1,1,1,1,1,1,1,1,1,1,1,1,1,1,1,1,1,1,1,1,1,1,1,1,1,1,1,1,1,1,1,1,1,1,1,1,1,1,1,1,1,1,1,1,1,1,1,1,1,1,1,1,1,1,1,1,1,1,1,1,1,1,1,1,1,1,1,1,1,1,1,1,1,1,1,1,1,1,1,1,1,1,1,1,1,1,1,1,1,1,1,1,1,1,1,1,1,1,1,1,1,1,1,1,1,1,1,1,1,1,1,1,1,1,1,1]}}],"meshes":[{"aabb":{"min":[-145.051,7.84122e-16,-14.2939],"max":[14.219,2,167.11]},"vertices":0,"indices":[0,1,2,2,3,4,4,5,6,2,4,6,2,6,7,2,8,9,0,2,9,10,0,9,10,9,11,12,10,13,12,11,14,15,0,16,16,17,15,2,15,17,17,18,2,19,2,18,18,20,3,4,19,20,20,21,22,5,4,21,23,24,25,6,5,26,26,27,6,7,6,27,28,29,8,7,29,30,30,9,8,11,9,30,31,32,33,34,35,36,37,38,39,40,41,42,43,44,45,46,47,48,49,50,51,52,53,54,54,55,56,52,57,16,16,0,52,53,10,58,58,54,53,52,0,10,10,53,52],"type":"triangles","base":0,"count":129}],"meshInstances":[{"node":1,"mesh":0}]}}