{"model":{"version":3,"nodes":[{"name":"RootNode","position":[0,0,0],"rotation":[0,0,0],"scale":[0.0254,0.0254,0.0254],"scaleCompensation":false},{"name":"canción-lock","position":[0,0,0],"rotation":[-90,-0,0],"scale":[1,1,1],"scaleCompensation":false}],"parents":[-1,0],"skins":[],"morphs":[],"vertices":[{"position":{"type":"float32","components":3,"data":[-19.538,-5.00083e-05,6.23126,-33.7185,-5.00083e-05,6.23126,-32.2556,-4.90546e-05,-3.01392,-27.2788,-4.71473e-05,-13.588,-20.6611,-4.61936e-05,-20.2076,-10.4196,-4.52399e-05,-25.8369,0.373894,-4.52399e-05,-27.5148,20.3836,-5.00083e-05,6.23126,10.4196,-4.52399e-05,-25.8369,18.7602,-4.61936e-05,-21.5887,27.2788,-4.71473e-05,-13.588,31.5294,-4.90546e-05,-5.24866,33.7185,-5.00083e-05,6.23126,-10.933,-5.00083e-05,24.621,6.97945,-5.00083e-05,27.5148,11.7786,-5.00083e-05,24.621,-6.63432,-5.00083e-05,27.5148]},"normal":{"type":"float32","components":3,"data":[5.12027e-09,-1,-1.02171e-07,0,-1,-1.03154e-07,2.57458e-08,-1,-1.38569e-07,1.20033e-08,-1,-1.49044e-07,9.52858e-09,-1,-1.44689e-07,-1.35111e-08,-1,-1.52537e-07,5.05053e-10,-1,-1.50559e-07,-9.56444e-09,-1,-9.69181e-08,5.90795e-09,-1,-1.5053e-07,-2.897e-08,-1,-1.3543e-07,-1.56866e-08,-1,-1.49813e-07,-6.53655e-08,-1,-1.46537e-07,0,-1,-8.30733e-08,0,-1,0,0,-1,0,0,-1,0,0,-1,0]},"texCoord0":{"type":"float32","components":2,"data":[0.224307,0.587927,0.0242107,0.587927,0.0448535,0.457472,0.115078,0.308265,0.208458,0.214859,0.352973,0.135425,0.505276,0.111749,0.787626,0.587927,0.647026,0.135425,0.764718,0.19537,0.884921,0.308265,0.944901,0.425938,0.975789,0.587927,0.345728,0.847418,0.598485,0.888251,0.666204,0.847418,0.406386,0.888251]}}],"meshes":[{"aabb":{"min":[-33.7185,-5.00083e-05,-27.5148],"max":[33.7185,-4.52399e-05,27.5148]},"vertices":0,"indices":[0,1,2,0,2,3,0,3,4,0,4,5,0,5,6,7,8,9,7,9,10,7,0,6,7,6,8,7,10,11,7,11,12,7,13,0,14,7,15,14,16,13,7,14,13],"type":"triangles","base":0,"count":45}],"meshInstances":[{"node":1,"mesh":0}]}}