{"model":{"version":3,"nodes":[{"name":"RootNode","position":[0,0,0],"rotation":[0,0,0],"scale":[0.01,0.01,0.01],"scaleCompensation":false},{"name":"sandcastle_01part2_m.mtl_root","position":[0,0,0],"rotation":[0,0,0],"scale":[1,1,1],"scaleCompensation":false},{"name":"default","position":[0,0,0],"rotation":[0,0,0],"scale":[1,1,1],"scaleCompensation":false}],"parents":[-1,0,1],"skins":[],"morphs":[],"vertices":[{"position":{"type":"float32","components":3,"data":[0.083009,0.106353,-0.038941,-0.007035,0.106353,-0.092393,-0.044267,0.099665,-0.080296,0.059999,0.106353,-0.070612,0.115626,-0.030162,0.037569,0.10339,0.070581,-0.033594,0.10339,0.081726,0.033594,0.115626,-0.035735,-0.037569,-0.083009,0.099665,-0.026971,0.083009,0.106353,0.026971,-0.083009,0.091864,0.038941,0.044267,0.091864,0.080296,0.007035,0.091864,0.092393,-0.059999,0.091864,0.070612,-0.063899,0.073463,0.087949,-0.115626,-0.030162,0.037569,-0.071461,-0.034294,0.098357,-0.10339,0.081726,0.033594,-0.115626,-0.030162,-0.037569,-0.10339,0.081726,-0.033594,-0.063899,0.081726,-0.087949,-0.071461,-0.030162,-0.098357,0,-0.14205,-0.134442,-0.079023,-0.14205,-0.108766,0,-0.035735,-0.121577,0.071461,-0.035735,-0.098357,0.063899,0.070581,-0.087949,0,0.070581,-0.108711,0.063899,0.073463,0.087949,0.071461,-0.034294,0.098357,0.115626,-0.030162,0.037569,0.10339,0.081726,0.033594,0,-0.034294,0.121577,0,0.073463,0.108711,0,0.070581,-0.108711,0.063899,0.070581,-0.087949,0.10339,0.070581,-0.033594,0.10339,0.081726,0.033594,0.063899,0.073463,0.087949,0,0.073463,0.108711,-0.063899,0.073463,0.087949,-0.10339,0.081726,0.033594,-0.10339,0.081726,-0.033594,-0.063899,0.081726,-0.087949,0,-0.14205,0.134442,-0.079023,-0.14205,0.108766,0.079023,-0.14205,0.108766,0.127862,-0.14205,0.041545,0.127862,-0.14205,-0.041545,0.079023,-0.14205,-0.108766,-0.127862,-0.14205,-0.041545,-0.127862,-0.14205,0.041545,0.127862,-0.14205,0.041545]},"normal":{"type":"float32","components":3,"data":[0.5275,0.8191,-0.2255,-0.0449,0.8456,-0.5318,-0.2709,0.8464,-0.4584,0.3573,0.826,-0.436,0.9449,0.117,0.3058,0.9121,0.2875,-0.2923,0.8694,0.3984,0.2922,0.9431,0.1184,-0.3107,-0.3706,0.9256,-0.0764,0.4256,0.8859,0.1844,-0.3854,0.8877,0.2519,0.2146,0.8435,0.4923,0.0325,0.8764,0.4804,-0.2685,0.8928,0.3616,-0.5136,0.4003,0.7589,-0.9437,0.1154,0.3099,-0.5813,0.1173,0.8052,-0.8412,0.4688,0.2693,-0.9448,0.1142,-0.307,-0.8414,0.4692,-0.2682,-0.5501,0.4001,-0.733,-0.5804,0.1158,-0.8061,0.0019,0.1185,-0.9929,-0.5823,0.1157,-0.8047,0.004,0.1184,-0.9929,0.5835,0.1201,-0.8032,0.5557,0.2654,-0.7879,0.0222,0.2764,-0.9608,0.5435,0.3713,0.7528,0.5813,0.1173,0.8052,0.9449,0.117,0.3058,0.8694,0.3984,0.2922,0,0.1185,0.9929,-0.0166,0.3931,0.9193,0.0222,0.2764,-0.9608,0.5557,0.2654,-0.7879,0.9121,0.2875,-0.2923,0.8694,0.3984,0.2922,0.5435,0.3713,0.7528,-0.0166,0.3931,0.9193,-0.5136,0.4003,0.7589,-0.8412,0.4688,0.2693,-0.8414,0.4692,-0.2682,-0.5501,0.4001,-0.733,0,0.1185,0.9929,-0.5826,0.1174,0.8042,0.5826,0.1174,0.8042,0.9447,0.1169,0.3064,0.9438,0.1185,-0.3086,0.5835,0.1201,-0.8032,-0.9448,0.1142,-0.307,-0.9442,0.1153,0.3083,0.9447,0.1169,0.3064]},"texCoord0":{"type":"float32","components":2,"data":[0.051873,0.913711,0.048297,0.913661,0.047208,0.912539,0.050585,0.914253,0.046532,0.927005,0.043638,0.922891,0.046532,0.922891,0.043638,0.927005,0.04703,0.909957,0.053187,0.911774,0.048376,0.907801,0.053271,0.909247,0.052333,0.908068,0.049809,0.907306,0.026223,0.922891,0.028849,0.927005,0.026223,0.927005,0.028849,0.922891,0.031751,0.927005,0.031751,0.922891,0.034645,0.922891,0.034645,0.927005,0.037277,0.931118,0.034645,0.931118,0.037277,0.927005,0.041006,0.927005,0.041006,0.922891,0.037277,0.922891,0.019867,0.922891,0.019867,0.927005,0.016966,0.927005,0.016966,0.922891,0.022494,0.927005,0.022494,0.922891,0.04754,0.915207,0.050562,0.915851,0.053246,0.914661,0.054425,0.912067,0.054429,0.909268,0.052707,0.907077,0.050017,0.906316,0.047517,0.907404,0.045949,0.909642,0.046012,0.912491,0.022494,0.931118,0.026223,0.931118,0.019867,0.931118,0.016966,0.931118,0.043638,0.931118,0.041006,0.931118,0.031751,0.931118,0.028849,0.931118,0.046532,0.931118]}}],"meshes":[{"aabb":{"min":[-0.127862,-0.14205,-0.134442],"max":[0.127862,0.106353,0.134442]},"vertices":0,"indices":[0,1,2,1,0,3,4,5,6,5,4,7,8,9,0,8,0,2,9,10,11,10,9,8,10,12,11,12,10,13,14,15,16,15,14,17,17,18,15,18,17,19,18,19,20,18,20,21,22,23,24,23,21,24,25,24,26,24,27,26,7,26,5,26,7,25,28,29,30,28,30,31,28,32,29,32,28,33,14,32,33,32,14,16,34,3,35,3,34,1,36,3,0,36,35,3,9,36,0,36,9,37,9,11,38,9,38,37,11,12,39,11,39,38,12,40,39,40,12,13,10,40,13,40,10,41,41,8,42,8,41,10,43,42,8,43,8,2,34,43,2,34,2,1,24,21,27,21,20,27,16,44,32,44,16,45,29,44,46,44,29,32,29,46,47,29,47,30,48,25,7,25,48,49,49,22,25,22,24,25,50,18,21,50,21,23,15,50,51,50,15,18,16,51,45,51,16,15,52,7,4,7,52,48],"type":"triangles","base":0,"count":204}],"meshInstances":[{"node":2,"mesh":0}]}}