{"model":{"version":3,"nodes":[{"name":"RootNode","position":[0,0,0],"rotation":[0,0,0],"scale":[0.01,0.01,0.01],"scaleCompensation":false},{"name":"beach_umbrellaC_m_root","position":[0,0,0],"rotation":[0,0,0],"scale":[1,1,1],"scaleCompensation":false},{"name":"default","position":[0,0,0],"rotation":[0,0,0],"scale":[1,1,1],"scaleCompensation":false}],"parents":[-1,0,1],"skins":[],"morphs":[],"vertices":[{"position":{"type":"float32","components":3,"data":[0,2.07286,0,-0.336415,1.93988,-0.337235,-0.476343,1.93988,-0.00058,0.337235,1.93988,-0.336415,0.00058,1.93988,-0.476343,-0.337235,1.93988,0.336415,-0.00058,1.93988,0.476343,0,2.07286,0,-0.00058,1.93988,0.476343,0.336415,1.93988,0.337235,0.336415,1.93988,0.337235,0.476343,1.93988,0.00058,0.476343,1.93988,0.00058,0.337235,1.93988,-0.336415,-0.558048,1.76847,0.556691,-0.707967,1.59662,0.706245,-0.338192,1.63255,0.813666,0.00058,1.93988,-0.476343,-0.336415,1.93988,-0.337235,-0.476343,1.93988,-0.00058,-0.337235,1.93988,0.336415,0.558048,1.76847,-0.556691,0.707967,1.59662,-0.706245,0.338192,1.63255,-0.813666,0.78824,1.76847,0.000959,0.999999,1.59662,0.001217,0.814486,1.63255,-0.33621,0.556691,1.76847,0.558048,0.706246,1.59662,0.707967,0.813666,1.63255,0.338192,-0.000959,1.76847,0.78824,-0.001217,1.59662,0.999999,0.33621,1.63255,0.814486,0.000959,1.76847,-0.78824,0.001217,1.59662,-0.999999,-0.33621,1.63255,-0.814486,-0.78824,1.76847,-0.000959,-0.999999,1.59662,-0.001217,-0.814486,1.63255,0.33621,-0.022456,2.10386,0,-0.015878,2.10386,0.015878,0,2.1147,0,0,2.10386,0.022456,0.015878,2.10386,0.015878,0.022456,2.10386,0,0.022456,2.10386,0,0.015878,2.10386,-0.015878,0,2.10386,-0.022456,-0.015878,2.10386,-0.015878,-0.556691,1.76847,-0.558048,-0.78824,1.76847,-0.000959,0.000959,1.76847,-0.78824,0.558048,1.76847,-0.556691,0.78824,1.76847,0.000959,0.556691,1.76847,0.558048,-0.000959,1.76847,0.78824,-0.556691,1.76847,-0.558048,-0.558048,1.76847,0.556691,-0.706245,1.59662,-0.707967,-0.813666,1.63255,-0.338192,-0.001217,1.59662,0.999999,0.001217,1.59662,-0.999999,0.707967,1.59662,-0.706245,0.999999,1.59662,0.001217,0.706246,1.59662,0.707967,-0.706245,1.59662,-0.707967,-0.707967,1.59662,0.706245,-0.999999,1.59662,-0.001217,0,0.075679,-0.022456,0,2.10386,-0.022456,0.015878,0.075679,-0.015878,0.015878,2.10386,-0.015878,0.015878,0.075679,0.015878,0.022456,2.10386,0,0.015878,2.10386,0.015878,0.022456,0.075679,0,-0.015878,2.10386,0.015878,-0.015878,0.075679,0.015878,0,2.10386,0.022456,0,0.075679,0.022456,-0.015878,2.10386,-0.015878,-0.015878,0.075679,-0.015878,-0.022456,2.10386,0,-0.022456,0.075679,0,0.022456,0.075679,0,0.022456,2.10386,0,0.015878,0.075679,-0.015878,0.022456,0.075679,0,0,-0.039646,0,0.015878,0.075679,0.015878,0,0.075679,0.022456,-0.015878,0.075679,0.015878,-0.022456,0.075679,0,0,0.075679,-0.022456,0.022456,0.075679,0,-0.015878,0.075679,-0.015878,0,2.07286,0,-0.476343,1.93988,-0.00058,-0.336415,1.93988,-0.337235,0.00058,1.93988,-0.476343,0.337235,1.93988,-0.336415,-0.00058,1.93988,0.476343,-0.337235,1.93988,0.336415,0,2.07286,0,0.336415,1.93988,0.337235,-0.00058,1.93988,0.476343,0.476343,1.93988,0.00058,0.336415,1.93988,0.337235,0.337235,1.93988,-0.336415,0.476343,1.93988,0.00058,-0.558048,1.76847,0.556691,-0.338192,1.63255,0.813666,-0.707967,1.59662,0.706245,-0.336415,1.93988,-0.337235,0.00058,1.93988,-0.476343,-0.337235,1.93988,0.336415,-0.476343,1.93988,-0.00058,0.558048,1.76847,-0.556691,0.338192,1.63255,-0.813666,0.707967,1.59662,-0.706245,0.78824,1.76847,0.000959,0.814486,1.63255,-0.33621,0.999999,1.59662,0.001217,0.556691,1.76847,0.558048,0.813666,1.63255,0.338192,0.706246,1.59662,0.707967,-0.000959,1.76847,0.78824,0.33621,1.63255,0.814486,-0.001217,1.59662,0.999999,0.000959,1.76847,-0.78824,-0.33621,1.63255,-0.814486,0.001217,1.59662,-0.999999,-0.78824,1.76847,-0.000959,-0.814486,1.63255,0.33621,-0.999999,1.59662,-0.001217,-0.022456,2.10386,0,-0.015878,2.10386,0.015878,0,2.1147,0,0,2.10386,0.022456,0.015878,2.10386,0.015878,0.022456,2.10386,0,0.022456,2.10386,0,0.015878,2.10386,-0.015878,0,2.10386,-0.022456,-0.015878,2.10386,-0.015878,-0.78824,1.76847,-0.000959,-0.556691,1.76847,-0.558048,0.000959,1.76847,-0.78824,0.558048,1.76847,-0.556691,0.78824,1.76847,0.000959,0.556691,1.76847,0.558048,-0.000959,1.76847,0.78824,-0.556691,1.76847,-0.558048,-0.558048,1.76847,0.556691,-0.813666,1.63255,-0.338192,-0.706245,1.59662,-0.707967,-0.001217,1.59662,0.999999,0.001217,1.59662,-0.999999,0.707967,1.59662,-0.706245,0.999999,1.59662,0.001217,0.706246,1.59662,0.707967,-0.706245,1.59662,-0.707967,-0.707967,1.59662,0.706245,-0.999999,1.59662,-0.001217,0,0.075679,-0.022456,0,2.10386,-0.022456,0.015878,0.075679,-0.015878,0.015878,2.10386,-0.015878,0.015878,0.075679,0.015878,0.022456,2.10386,0,0.015878,2.10386,0.015878,0.022456,0.075679,0,-0.015878,2.10386,0.015878,-0.015878,0.075679,0.015878,0,2.10386,0.022456,0,0.075679,0.022456,-0.015878,2.10386,-0.015878,-0.015878,0.075679,-0.015878,-0.022456,2.10386,0,-0.022456,0.075679,0,0.022456,0.075679,0,0.022456,2.10386,0,0.015878,0.075679,-0.015878,0.022456,0.075679,0,0,-0.039646,0,0.015878,0.075679,0.015878,0,0.075679,0.022456,-0.015878,0.075679,0.015878,-0.022456,0.075679,0,0,0.075679,-0.022456,0.022456,0.075679,0,-0.015878,0.075679,-0.015878]},"normal":{"type":"float32","components":3,