{"model":{"version":3,"nodes":[{"name":"RootNode","position":[0,0,0],"rotation":[0,0,0],"scale":[0.01,0.01,0.01],"scaleCompensation":false},{"name":"beach_towel01_m_root","position":[0,0,0],"rotation":[0,0,0],"scale":[1,1,1],"scaleCompensation":false},{"name":"default","position":[0,0,0],"rotation":[0,0,0],"scale":[1,1,1],"scaleCompensation":false}],"parents":[-1,0,1],"skins":[],"morphs":[],"vertices":[{"position":{"type":"float32","components":3,"data":[-0.441853,0,0.883706,0.441853,0,0.883706,0.441853,0,0.736422,-0.441853,0,0.736422,-0.441853,0,-0.736422,0.441853,0,-0.736422,0.441853,0,-0.883706,-0.441853,0,-0.883706,-0.441853,0,-0.589137,0.441853,0,-0.589137,0.441853,0,-0.736422,-0.441853,0,-0.736422,-0.441853,0,-0.441853,0.441853,0,-0.441853,0.441853,0,-0.589137,-0.441853,0,-0.589137,-0.441853,0,-0.294569,0.441853,0,-0.294569,0.441853,0,-0.441853,-0.441853,0,-0.441853,-0.441853,0,-0.147284,0.441853,0,-0.147284,0.441853,0,-0.294569,-0.441853,0,-0.294569,-0.441853,0,0,0.441853,0,0,0.441853,0,-0.147284,-0.441853,0,-0.147284,-0.441853,0,0.147284,0.441853,0,0.147284,0.441853,0,0,-0.441853,0,0,-0.441853,0,0.294569,0.441853,0,0.294569,0.441853,0,0.147284,-0.441853,0,0.147284,-0.441853,0,0.441853,0.441853,0,0.441853,0.441853,0,0.294569,-0.441853,0,0.294569,-0.441853,0,0.589137,0.441853,0,0.589137,0.441853,0,0.441853,-0.441853,0,0.441853,-0.441853,0,0.736422,0.441853,0,0.736422,0.441853,0,0.589137,-0.441853,0,0.589137,-0.441853,0,1.01672,0.441853,0,1.01672,0.441853,0,0.883706,-0.441853,0,0.883706]},"normal":{"type":"float32","components":3,"data":[0,1,0,0,1,0,0,1,0,0,1,0,0,1,0,0,1,0,0,1,0,0,1,0,0,1,0,0,1,0,0,1,0,0,1,0,0,1,0,0,1,0,0,1,0,0,1,0,0,1,0,0,1,0,0,1,0,0,1,0,0,1,0,0,1,0,0,1,0,0,1,0,0,1,0,0,1,0,0,1,0,0,1,0,0,1,0,0,1,0,0,1,0,0,1,0,0,1,0,0,1,0,0,1,0,0,1,0,0,1,0,0,1,0,0,1,0,0,1,0,0,1,0,0,1,0,0,1,0,0,1,0,0,1,0,0,1,0,0,1,0,0,1,0,0,1,0,0,1,0,0,1,0,0,1,0]},"texCoord0":{"type":"float32","components":2,"data":[0.022434,0.809239,0.022434,0.765912,0.029655,0.765912,0.029655,0.809239,0.351866,0.934239,0.351866,0.890912,0.359087,0.890912,0.359088,0.934239,0.094645,0.809239,0.094645,0.765912,0.101866,0.765912,0.101866,0.809239,0.337424,0.934239,0.337424,0.890912,0.344645,0.890912,0.344645,0.934239,0.080203,0.809239,0.080203,0.765912,0.087424,0.765912,0.087424,0.809239,0.322982,0.934239,0.322982,0.890912,0.330203,0.890912,0.330203,0.934239,0.065761,0.809239,0.065761,0.765912,0.072982,0.765912,0.072982,0.809239,0.30854,0.934239,0.30854,0.890913,0.315761,0.890912,0.315761,0.934239,0.051319,0.809239,0.051319,0.765913,0.05854,0.765913,0.05854,0.809239,0.294097,0.934239,0.294097,0.890912,0.301319,0.890913,0.301319,0.934239,0.036876,0.809239,0.036876,0.765912,0.044097,0.765912,0.044097,0.809239,0.279655,0.934239,0.279655,0.890912,0.286876,0.890912,0.286876,0.934239,0.265912,0.934239,0.265913,0.890912,0.272434,0.890912,0.272434,0.934239]}}],"meshes":[{"aabb":{"min":[-0.441853,0,-0.883706],"max":[0.441853,0,1.01672]},"vertices":0,"indices":[0,1,2,0,2,3,4,5,6,4,6,7,8,9,10,8,10,11,12,13,14,12,14,15,16,17,18,16,18,19,20,21,22,20,22,23,24,25,26,24,26,27,28,29,30,28,30,31,32,33,34,32,34,35,36,37,38,36,38,39,40,41,42,40,42,43,44,45,46,44,46,47,48,49,50,48,50,51],"type":"triangles","base":0,"count":78}],"meshInstances":[{"node":2,"mesh":0}]}}