{"model":{"version":3,"nodes":[{"name":"RootNode","position":[0,0,0],"rotation":[0,0,0],"scale":[0.01,0.01,0.01],"scaleCompensation":false},{"name":"beachball_m_root","position":[0,0,0],"rotation":[0,0,0],"scale":[1,1,1],"scaleCompensation":false},{"name":"default","position":[0,0,0],"rotation":[0,0,0],"scale":[1,1,1],"scaleCompensation":false}],"parents":[-1,0,1],"skins":[],"morphs":[],"vertices":[{"position":{"type":"float32","components":3,"data":[0.103894,0.2557,-0.103894,0.081179,0.212132,-0.195984,0.056227,0.2557,-0.135744,0.15,0.212132,-0.15,0,-0.114805,-0.277164,0.081179,-0.212132,-0.195984,0,-0.212132,-0.212132,0.106066,-0.114805,-0.256066,0.114805,0,-0.277164,0,0,-0.3,0.106066,0.114805,-0.256066,0,0.114805,-0.277164,0.103894,-0.2557,-0.103894,0.056227,-0.2557,-0.135744,0.15,-0.212132,-0.15,0,-0.3,0,-0.029356,-0.284741,-0.070872,0,-0.284741,-0.076712,0,0.212132,-0.212132,0,0.2557,-0.146928,0,-0.3,0,0.029356,-0.284741,-0.070872,0.054243,-0.284741,-0.054243,0.195984,-0.114805,-0.195984,0.212132,0,-0.212132,0.195984,0.114805,-0.195984,0,0.284741,-0.076712,0,0.3,0,0.029356,0.284741,-0.070872,0.195984,0.212132,-0.081179,0.103894,0.2557,-0.103894,0.135744,0.2557,-0.056227,0.15,0.212132,-0.15,0.054243,0.284741,-0.054243,0.277164,0,-0.114805,0.256066,-0.114805,-0.106066,0.195984,-0.114805,-0.195984,0.212132,0,-0.212132,0.256066,0.114805,-0.106066,0.195984,0.114805,-0.195984,0.195984,-0.212132,-0.081179,0.103894,-0.2557,-0.103894,0.15,-0.212132,-0.15,0.135744,-0.2557,-0.056227,0.146928,0.2557,0,0.212132,0.212132,0,0.054243,0.284741,-0.054243,0,0.3,0,0.070872,0.284741,-0.029356,0.054243,-0.284741,-0.054243,0.070872,-0.284741,-0.029356,0.195984,0.212132,0.081179,0.146928,0.2557,0,0.135744,0.2557,0.056227,0.212132,0.212132,0,0.277164,-0.114805,0,0.212132,-0.212132,0,0.3,0,0,0.277164,0.114805,0,0.076712,0.284741,0,0.076712,-0.284741,0,0.146928,-0.2557,0,0.256066,0.114805,0.106066,0.277164,0,0.114805,0.3,0,0,0.277164,0.114805,0,0.076712,0.284741,0,0.070872,0.284741,0.029356,0.076712,-0.284741,0,0.070872,-0.284741,0.029356,0.256066,-0.114805,0.106066,0.277164,-0.114805,0,0.195984,-0.212132,0.081179,0.135744,-0.2557,0.056227,0.146928,-0.2557,0,0.212132,-0.212132,0,0.103894,0.2557,0.103894,0.15,0.212132,0.15,0.054243,-0.284741,0.054243,0.195984,-0.114805,0.195984,0.212132,0,0.212132,0.195984,0.114805,0.195984,0.103894,-0.2557,0.103894,0.15,-0.212132,0.15,0.103894,0.2557,0.103894,0.081179,0.212132,0.195984,0.15,0.212132,0.15,0.056227,0.2557,0.135744,0.054243,0.284741,0.054243,0.106066,0.114805,0.256066,0.195984,0.114805,0.195984,0.15,-0.212132,0.15,0.081179,-0.212132,0.195984,0.103894,-0.2557,0.103894,0.056227,-0.2557,0.135744,0,0.212132,0.212132,0,0.2557,0.146928,0.106066,-0.114805,0.256066,0.195984,-0.114805,0.195984,0.114805,0,0.277164,0.212132,0,0.212132,0.054243,0.284741,0.054243,0.029356,0.284741,0.070872,0.054243,-0.284741,0.054243,0.029356,-0.284741,0.070872,-0.081179,0.212132,0.195984,0,0.2557,0.146928,-0.056227,0.2557,0.135744,0,0.212132,0.212132,0,-0.114805,0.277164,0,-0.212132,0.212132,0,0,0.3,0,0.114805,0.277164,0,0.284741,0.076711,0,-0.284741,0.076711,0,-0.2557,0.146928,0,0.284741,0.076711,-0.029356,0.284741,0.070872,0,-0.284741,0.076711,-0.029356,-0.284741,0.070872,0,0,0.3,-0.106066,-0.114805,0.256066,0,-0.114805,0.277164,-0.114805,0,0.277164,0,0.114805,0.277164,-0.106066,0.114805,0.256066,-0.081179,-0.212132,0.195984,0,-0.2557,0.146928,0,-0.212132,0.212132,-0.056227,-0.2557,0.135744,-0.103894,0.2557,0.103894,-0.15,0.212132,0.15,-0.054243,-0.284741,0.054243,-0.195984,-0.114805,0.195984,-0.212132,0,0.212132,-0.195984,0.114805,0.195984,-0.103894,-0.2557,0.103894,-0.15,-0.212132,0.15,-0.195984,0.212132,0.081179,-0.103894,0.2557,0.103894,-0.135744,0.2557,0.056227,-0.15,0.212132,0.15,-0.054243,0.284741,0.054243,-0.135744,-0.2557,0.056227,-0.103894,-0.2557,0.103894,-0.195984,-0.212132,0.081179,-0.15,-0.212132,0.15,-0.146928,0.2557,0,-0.212132,0.212132,0,-0.195984,-0.114805,0.195984,-0.256066,-0.114805,0.106066,-0.195984,0.114805,0.195984,-0.277164,0,0.114805,-0.212132,0,0.212132,-0.256066,0.114805,0.106066,-0.054243,0.284741,0.054243,-0.070872,0.284741,0.029356,-0.054243,-0.284741,0.054243,-0.070872,-0.284741,0.029356,-0.277164,-0.114805,0,-0.212132,-0.212132,0,-0.3,0,0,-0.277164,0.114805,0,-0.076712,0.284741,0,-0.076712,-0.284741,0,-0.146928,-0.2557,0,-0.146928,0.2557,0,-0.195984,0.212132,-0.081179,-0.212132,0.212132,0,-0.135744,0.2557,-0.056227,-0.076712,-0.284741,0,-0.070872,-0.284741,-0.029356,-0.3,0,0,-0.256066,-0.114805,-0.106066,-0.277164,-0.114805,0,-0.277164,0,-0.114805,-0.277164,0.114805,0,-0.256066,0.114805,-0.106066,-0.212132,-0.212132,0,-0.195984,-0.212132,-0.081179,-0.146928,-0.2557,0,-0.135744,-0.2557,-0.056227,-0.15,0.212132,-0.15,-0.103894,0.2557,-0.103894,-0.076712,0.284741,0,-0.070872,0.284741,-0.029356,-0.195984,-0.114805,-0.195985,-0.212132,0,-0.212132,-0.195984,0.114805,-0.195985,-0.103894,-0.2557,-0.103894,-0.15,-0.212132,-0.15,-0.081179,0.212132,-0.195984,-0.103894,0.2557,-0.103894,-0.056227,0.2557,-0.135744,-0.15,0.212132,-0.15,-0.054243,0.284741,-0.054243,-0.054243,-0.284741,-0.054243,0,0.2557,-0.146928,0,0.212132,-0.212132,-0.106066,-0.114805,-0.256066,-0.081179,-0.212132,-0.195984,-0.15,-0.212132,-0.15,-0.195984,-0.114805,-0.195985,-0.114805,0,-0.277164,-0.195984,0.114805,-0.195985,-0.106066,0.114805,-0.256066,-0.212132,0,-0.212132,-0.054243,0.284741,-0.054243,-0.029356,0.284741,-0.070872,-0.054243,-0.284741,-0.054243,-0.056227,-0.2557,-0.135744,-0.103894,-0.2557,-0.103894,0,0,-0.3,0,0.114805,-0.277164,0,0.284741,-0.076712,0,-0.284741,-0.076712,0,-0.114805,-0.277164,0,-0.2557,-0.146928,0,-0.212132,-0.212132,0,-0.284741,-0.076712,0.029356,-0.284741,-0.070872,0,-0.2557,-0.146928,0.054243,-0.284741,-0.054243,0.054243,0.284741,-0.054243,0.029356,0.284741,-0.070872,0.076712,0.284741,0,0.070872,0.284741,0.029356,0.076712,-0.284741,0,0.070872,-0.284741,0.029356,0.054243,-0.284741,0.054243,0.054243,0.284741,0.054243,-0.029356,0.284741,0.070872,0,0.284741,0.076711,-0.029356,-0.284741,0.070872,0,-0.284741,0.076711,-0.054243,-0.284741,0.054243,-0.054243,0.284741,0.054243,-0.076712,-0.284741,0,-0.070872,-0.284741,-0.029356,-0.076712,0.284741,0,-0.070872,0.284741,-0.029356,-0.054243,0.284741,-0.054243,-0.054243,-0.284741,-0.054243,0,0.284741,-0.076712]},"normal":{"type":"float32","components":3,