{
  "model": {
    "version": 3,
    "nodes": [
      {
        "name": "RootNode",
        "position": [
          0,
          0,
          0
        ],
        "rotation": [
          0,
          0,
          0
        ],
        "scale": [
          0.01,
          0.01,
          0.01
        ],
        "scaleCompensation": false
      },
      {
        "name": "Object024",
        "position": [
          0,
          0,
          0
        ],
        "rotation": [
          -90,
          0,
          0
        ],
        "scale": [
          1,
          1,
          1
        ],
        "scaleCompensation": false
      },
      {
        "name": "Dummy036",
        "position": [
          0,
          0,
          0.00000570911
        ],
        "rotation": [
          0.00000762939,
          0,
          0
        ],
        "scale": [
          1,
          1,
          1
        ],
        "scaleCompensation": false
      },
      {
        "name": "Dummy041",
        "position": [
          0,
          -26.7732,
          0.00000319161
        ],
        "rotation": [
          0,
          0,
          0
        ],
        "scale": [
          0.233127,
          0.233127,
          0.233127
        ],
        "scaleCompensation": false
      }
    ],
    "parents": [
      -1,
      0,
      0,
      2
    ],
    "skins": [
      {
        "inverseBindMatrices": [
          [
            1,
            0,
            0,
            0,
            0,
            1,
            -1.62921e-7,
            0,
            0,
            1.62921e-7,
            1,
            0,
            0,
            -9.30132e-13,
            -0.00000570911,
            1
          ]
        ],
        "boneNames": [
          "Dummy036"
        ]
      }
    ],
    "morphs": [],
    "vertices": [
      {
        "position": {
          "type": "float32",
          "components": 3,
          "data": [
            102.218,
            -32.9952,
            0.0000129943,
            102.219,
            -0.120956,
            0.0000126763,
            37.2538,
            -0.120911,
            0.00000970769,
            37.2538,
            -0.120911,
            0.00000970769,
            37.2535,
            -32.9952,
            0.0000100257,
            102.218,
            -32.9952,
            0.0000129943,
            -105.069,
            -0.120956,
            0.0000123896,
            -105.068,
            -32.9952,
            0.0000127076,
            -37.2959,
            -32.9952,
            0.00000987962,
            -37.2959,
            -32.9952,
            0.00000987962,
            -37.2962,
            -0.120941,
            0.00000956162,
            -105.069,
            -0.120956,
            0.0000123896,
            102.219,
            -0.120956,
            0.0000126763,
            102.218,
            -32.9952,
            0.0000129943,
            109.073,
            -32.3636,
            0.0000133014,
            115.664,
            -30.4928,
            0.0000135845,
            121.739,
            -27.4549,
            0.0000138327,
            127.063,
            -23.3666,
            0.0000140365,
            131.433,
            -18.3849,
            0.000014188,
            134.682,
            -12.7014,
            0.0000142814,
            136.681,
            -6.53441,
            0.0000143131,
            137.356,
            -0.120956,
            0.0000142819,
            -37.2962,
            -0.120941,
            0.00000956162,
            -37.2959,
            -32.9952,
            0.00000987962,
            37.2535,
            -32.9952,
            0.0000100257,
            37.2535,
            -32.9952,
            0.0000100257,
            37.2538,
            -0.120911,
            0.00000970769,
            -37.2962,
            -0.120941,
            0.00000956162,
            -105.069,
            -0.120956,
            0.0000123896,
            -111.921,
            -32.3635,
            0.0000129874,
            -105.068,
            -32.9952,
            0.0000127076,
            -118.513,
            -30.4928,
            0.0000132444,
            -124.587,
            -27.4549,
            0.0000134685,
            -129.912,
            -23.3666,
            0.0000136511,
            -134.282,
            -18.3849,
            0.0000137852,
            -137.53,
            -12.7014,
            0.0000138658,
            -139.53,
            -6.53438,
            0.0000138896,
            -140.205,
            -0.120926,
            0.0000138557
          ]
        },
        "normal": {
          "type": "float32",
          "components": 3,
          "data": [
            -4.56956e-8,
            9.67379e-9,
            1,
            -4.56956e-8,
            9.67379e-9,
            1,
            -4.56956e-8,
            9.67379e-9,
            1,
            -4.56956e-8,
            9.67372e-9,
            1,
            -4.56956e-8,
            9.67372e-9,
            1,
            -4.56956e-8,
            9.67372e-9,
            1,
            4.17273e-8,
            9.67362e-9,
            1,
            4.17273e-8,
            9.67362e-9,
            1,
            4.17273e-8,
            9.67362e-9,
            1,
            4.17273e-8,
            9.67358e-9,
            1,
            4.17273e-8,
            9.67358e-9,
            1,
            4.17273e-8,
            9.67358e-9,
            1,
            -4.56955e-8,
            9.67374e-9,
            1,
            -4.56953e-8,
            9.67379e-9,
            1,
            -4.56954e-8,
            9.67377e-9,
            1,
            -4.56956e-8,
            9.67371e-9,
            1,
            -4.56956e-8,
            9.67371e-9,
            1,
            -4.56956e-8,
            9.67373e-9,
            1,
            -4.56956e-8,
            9.6737e-9,
            1,
            -4.56957e-8,
            9.6735e-9,
            1,
            -4.56956e-8,
            9.6738e-9,
            1,
            -4.56955e-8,
            9.67427e-9,
            1,
            -1.95932e-9,
            9.67317e-9,
            1,
            -1.95932e-9,
            9.67317e-9,
            1,
            -1.95932e-9,
            9.67317e-9,
            1,
            -1.95926e-9,
            9.67332e-9,
            1,
            -1.95926e-9,
            9.67332e-9,
            1,
            -1.95926e-9,
            9.67332e-9,
            1,
            4.17269e-8,
            9.67355e-9,
            1,
            4.17262e-8,
            9.6736e-9,
            1,
            4.17261e-8,
            9.67362e-9,
            1,
            4.17273e-8,
            9.67315e-9,
            1,
            4.17272e-8,
            9.67347e-9,
            1,
            4.17264e-8,
            9.67402e-9,
            1,
            4.17273e-8,
            9.67268e-9,
            1,
            4.17277e-8,
            9.67236e-9,
            1,
            4.17271e-8,
            9.67448e-9,
            1,
            4.17269e-8,
            9.67578e-9,
            1
          ]
        },
        "blendIndices": {
          "type": "uint8",
          "components": 4,