{
  "model": {
    "version": 3,
    "nodes": [
      {
        "name": "RootNode",
        "position": [
          0,
          0,
          0
        ],
        "rotation": [
          0,
          0,
          0
        ],
        "scale": [
          0.0254,
          0.0254,
          0.0254
        ],
        "scaleCompensation": false
      },
      {
        "name": "Cylinder009",
        "position": [
          0,
          0,
          0
        ],
        "rotation": [
          -90,
          0,
          0
        ],
        "scale": [
          0.393701,
          0.393701,
          0.393701
        ],
        "scaleCompensation": false
      },
      {
        "name": "Dummy033",
        "position": [
          0,
          0,
          0.0000022472
        ],
        "rotation": [
          0.00000762939,
          0,
          0
        ],
        "scale": [
          0.393701,
          0.393701,
          0.393701
        ],
        "scaleCompensation": false
      },
      {
        "name": "Dummy038",
        "position": [
          -26.8703,
          -12.0274,
          0.00000143378
        ],
        "rotation": [
          0,
          0,
          0
        ],
        "scale": [
          0.233127,
          0.233127,
          0.233127
        ],
        "scaleCompensation": false
      }
    ],
    "parents": [
      -1,
      0,
      0,
      2
    ],
    "skins": [
      {
        "inverseBindMatrices": [
          [
            100,
            0,
            0,
            0,
            0,
            100,
            -0.0000162921,
            0,
            0,
            0.0000162921,
            100,
            0,
            0,
            -9.29933e-13,
            -0.00000570789,
            1
          ]
        ],
        "boneNames": [
          "Dummy033"
        ]
      }
    ],
    "morphs": [],
    "vertices": [
      {
        "position": {
          "type": "float32",
          "components": 3,
          "data": [
            0.0000196838,
            -0.000817871,
            5.92155e-7,
            0.0000123596,
            -0.53035,
            7.5268e-7,
            -0.103297,
            -0.520178,
            7.67007e-7,
            -0.202635,
            -0.490045,
            7.76466e-7,
            -0.294186,
            -0.441112,
            7.80694e-7,
            -0.37443,
            -0.375259,
            6.89149e-7,
            -0.440285,
            -0.295016,
            6.87762e-7,
            -0.489219,
            -0.203467,
            6.43694e-7,
            -0.519352,
            -0.104131,
            6.23183e-7,
            -0.529526,
            -0.000824127,
            6.03196e-7
          ]
        },
        "normal": {
          "type": "float32",
          "components": 3,
          "data": [
            1.77167e-8,
            3.29783e-7,
            1,
            1.68528e-7,
            3.03143e-7,
            1,
            1.7732e-7,
            3.01394e-7,
            1,
            1.94392e-7,
            2.96215e-7,
            1,
            -1.53585e-7,
            5.30837e-7,
            1,
            -1.8852e-7,
            4.47563e-7,
            1,
            2.78917e-8,
            2.83233e-7,
            1,
            -2.9694e-8,
            3.26015e-7,
            1,
            1.92276e-8,
            2.03673e-7,
            1,
            2.08486e-8,
            1.95524e-7,
            1
          ]
        },
        "blendIndices": {
          "type": "uint8",
          "components": 4,
          "data": [
            0,
            0,
            0,
            0,
            0,
            0,
            0,
            0,
            0,
            0,
            0,
            0,
            0,
            0,
            0,
            0,
            0,
            0,
            0,
            0,
            0,
            0,
            0,
            0,
            0,
            0,
            0,
            0,
            0,
            0,
            0,
            0,
            0,
            0,
            0,
            0,
            0,
            0,
            0,
            0
          ]
        },
        "blendWeight": {
          "type": "float32",
          "components": 4,
          "data": [
            1,
            0,
            0,
            0,
            1,
            0,
            0,
            0,
            1,
            0,
            0,
            0,
            1,
            0,
            0,
            0,
            1,
            0,
            0,
            0,
            1,
            0,
            0,
            0,
            1,
            0,
            0,
            0,
            1,
            0,
            0,
            0,
            1,
            0,
            0,
            0,
            1,
            0,
            0,
            0
          ]
        },
        "texCoord0": {
          "type": "float32",
          "components": 2,
          "data": [
            0.996948,
            0.765099,
            0.996948,
            0.454715,
            0.936164,
            0.460679,
            0.877716,
            0.478342,
            0.823849,
            0.507024,
            0.776635,
            0.545625,
            0.737888,
            0.592659,
            0.709096,
            0.64632,
            0.691365,
            0.704546,
            0.685379,
            0.765099
          ]
        }
      }
    ],
    "meshes": [
      {
        "aabb": {
          "min": [
            -0.529526,
            -0.53035,
            5.92155e-7
          ],
          "max": [
            0.0000196838,
            -0.000817871,
            7.80694e-7
          ]
        },
        "vertices": 0,
        "skin": 0,
        "indices": [
          0,
          1,
          2,
          0,
          2,
          3,
          0,
          3,
          4,
          0,
          4,
          5,
          0,
          5,
          6,
          0,
          6,
          7,
          0,
          7,
          8,
          0,
          8,
          9
        ],
        "type": "triangles",
        "base": 0,
        "count": 24
      }
    ],
    "meshInstances": [
      {
        "node": 1,
        "mesh": 0
      }
    ]
  }
}