{"model":{"version":3,"nodes":[{"name":"RootNode","position":[0,0,0],"rotation":[0,0,0],"scale":[0.0254,0.0254,0.0254],"scaleCompensation":false},{"name":"Object014","position":[0.000164986,0,0],"rotation":[-90,-0,0],"scale":[1,1,1],"scaleCompensation":false}],"parents":[-1,0],"skins":[],"morphs":[],"vertices":[{"position":{"type":"float32","components":3,"data":[27.6832,27.4628,5.16099,14.6482,15.671,5.54073,28.8433,24.6636,5.25128,25.6285,29.5165,5.09474,30.4566,30.1855,5.07492,27.6832,27.4628,5.16099,31.7441,27.0781,5.17399,28.8433,24.6636,5.25128,14.6482,15.671,5.54073,28.8433,-24.656,6.84222,14.6486,-15.6628,6.55149,-14.6481,15.6712,5.54073,-14.6396,-15.6716,6.55177,14.6482,15.671,5.54073,-14.6396,-15.6716,6.55177,14.6486,-15.6628,6.55149,22.8279,30.6759,5.05734,28.1746,32.4674,5.00223,25.6285,29.5165,5.09474,30.4566,30.1855,5.07492,27.6832,27.4628,5.16099,31.7441,-27.0788,6.91952,28.8433,-24.656,6.84222,27.6832,-27.4552,6.93252,28.8433,-24.656,6.84222,14.6486,-15.6628,6.55149,22.8279,-30.6683,7.03617,14.6486,-15.6628,6.55149,-22.828,-30.6683,7.03617,-14.6396,-15.6716,6.55177,-25.6286,-29.5088,6.99876,-22.828,-30.6683,7.03617,-14.6396,-15.6716,6.55177,-27.6834,-27.4551,6.93252,-14.6396,-15.6716,6.55177,-28.8434,-24.656,6.84222,-28.8434,24.6636,5.25128,-14.6481,15.6712,5.54073,-27.6834,27.4628,5.16099,-28.8434,24.6636,5.25128,-14.6481,15.6712,5.54073,-25.6286,29.5165,5.09474,-14.6481,15.6712,5.54073,-22.828,30.676,5.05734,22.8279,30.6759,5.05734,14.6482,15.671,5.54073,25.6285,-29.5088,6.99876,28.1746,32.4674,5.00223,25.0657,33.7548,4.9612,25.6285,29.5165,5.09474,22.8279,30.6759,5.05734,30.4557,-30.1868,7.01859,31.7441,-27.0788,6.91952,27.6832,-27.4552,6.93252,28.8433,-24.656,6.84222,-25.0655,-33.7538,7.13231,25.0649,-33.7543,7.13231,-22.828,-30.6683,7.03617,22.8279,-30.6683,7.03617,-28.1743,-32.4668,7.09127,-25.6286,-29.5088,6.99876,-30.4563,-30.1861,7.01859,-27.6834,-27.4551,6.93252,-31.7441,-27.079,6.91952,-28.8434,-24.656,6.84222,-31.7443,27.0781,5.17399,-28.8434,24.6636,5.25128,-30.4567,30.1854,5.07492,-31.7443,27.0781,5.17399,-27.6834,27.4628,5.16099,-28.8434,24.6636,5.25128,-28.1746,32.4674,5.00223,-25.6286,29.5165,5.09474,-25.0657,33.7548,4.9612,-22.828,30.676,5.05734,28.1743,-32.4667,7.09127,25.6285,-29.5088,6.99876,30.4557,-30.1868,7.01859,27.6832,-27.4552,6.93252,-28.1743,-32.4668,7.09127,-25.6286,-29.5088,6.99876,-30.4563,-30.1861,7.01859,-27.6834,-27.4551,6.93252,-28.1746,32.4674,5.00223,-30.4567,30.1854,5.07492,-25.6286,29.5165,5.09474,-27.6834,27.4628,5.16099,-25.0657,33.7548,4.9612,25.0657,33.7548,4.9612,-25.0656,33.7569,2.53506,25.0657,33.7569,2.53506,25.0657,33.7548,4.9612,28.1746,32.4674,5.00223,28.1745,32.4697,2.53506,-25.0656,33.7569,2.53506,-28.1744,32.4697,2.53505,-25.0657,33.7548,4.9612,-28.1746,32.4674,5.00223,28.1746,32.4674,5.00223,30.4566,30.1855,5.07492,28.1745,32.4697,2.53506,30.4565,30.1894,2.53505,-30.4567,30.1854,5.07492,-28.1746,32.4674,5.00223,-30.4565,30.1893,2.53505,-28.1744,32.4697,2.53505,31.7443,27.0806,2.53499,30.4565,30.1894,2.53505,31.7441,27.0781,5.17399,30.4566,30.1855,5.07492,-31.7443,27.0781,5.17399,-30.4567,30.1854,5.07492,-31.7442,27.0806,2.53499,-30.4565,30.1893,2.53505,31.7441,27.0781,5.17399,31.7441,-27.0788,6.91952,31.7443,27.0806,2.53499,31.7442,-27.0898,2.53502,-31.7441,-27.079,6.91952,-31.7443,27.0781,5.17399,-31.7442,-27.0898,2.53502,31.7441,-27.0788,6.91952,30.4557,-30.1868,7.01859,30.4565,-30.1986,2.53514,-31.7442,-27.0898,2.53502,-30.4564,-30.1987,2.53513,-30.4563,-30.1861,7.01859,30.4557,-30.1868,7.01859,28.1743,-32.4667,7.09127,30.4565,-30.1986,2.53514,28.1745,-32.4806,2.53524,-28.1743,-32.4668,7.09127,-30.4563,-30.1861,7.01859,-28.1744,-32.4806,2.53523,-30.4564,-30.1987,2.53513,25.0657,-33.7683,2.53529,28.1745,-32.4806,2.53524,25.0649,-33.7543,7.13231,-25.0655,-33.7538,7.13231,-28.1743,-32.4668,7.09127,-25.0656,-33.7683,2.53529,-28.1744,-32.4806,2.53523,25.0649,-33.7543,7.13231,-25.0655,-33.7538,7.13231,25.0657,-33.7683,2.53529,-25.0656,-33.7683,2.53529]},"normal":{"type":"float32","components":3,