{"model":{"version":3,"nodes":[{"name":"RootNode","position":[0,0,0],"rotation":[0,0,0],"scale":[0.01,0.01,0.01],"scaleCompensation":false},{"name":"beachtoy02B_m_root","position":[0,0,0],"rotation":[0,0,0],"scale":[1,1,1],"scaleCompensation":false},{"name":"default","position":[0,0,0],"rotation":[0,0,0],"scale":[1,1,1],"scaleCompensation":false}],"parents":[-1,0,1],"skins":[],"morphs":[],"vertices":[{"position":{"type":"float32","components":3,"data":[0.012509,0.029545,-0.00383,-4e-06,0.132154,-0.007006,0.011845,0.134273,-0.005664,0,0.029545,-0.007285,0.012509,0.029545,0.00308,0.011845,0.134273,-0.005664,0.011839,0.134263,0.005662,0.012509,0.029545,-0.00383,-4e-06,0.132123,0.007002,0.012509,0.029545,0.00308,0.011839,0.134263,0.005662,0,0.029545,0.006534,-0.012509,0.029545,0.00308,-0.011847,0.13426,0.005662,-0.012509,0.029545,0.00308,-0.011847,0.13426,0.005662,-0.011853,0.134269,-0.005664,-0.012509,0.029545,-0.00383,-0.012509,0.029545,-0.00383,-0.011853,0.134269,-0.005664,-0.034828,0.023834,0.002747,0,0.023834,0.005869,0.034828,0.023834,0.002747,0.034828,0.023834,-0.003498,-0.034828,0.023834,0.002747,-0.034828,0.023834,-0.003498,0,0.023834,-0.00662,0.034828,0.023834,-0.003498,0.034828,0.023834,0.002747,-0.034828,0.023834,-0.003498,0,0.011362,-0.009229,-0.04938,0.011362,-0.004802,-0.04938,0.011362,0.004052,0.04938,0.011362,-0.004802,0.04938,0.011362,0.004052,-0.04938,0.011362,-0.004802,-0.04938,0.011362,0.004052,0,0.011362,-0.006512,0.04938,0.011362,0.004052,0.04938,0.011362,-0.004802,-0.041681,-0.042192,0.003539,-0.041681,-0.042192,-0.005834,0.041681,-0.042192,0.003539,0,-0.042192,-0.006311,0.041681,-0.042192,-0.005834,0,-0.042192,-0.015778,-0.041681,-0.042192,-0.005834,-0.041681,-0.042192,0.003539,0.041681,-0.042192,0.003539,0.041681,-0.042192,-0.005834,-0.022287,-0.093834,0.004177,-0.000401,-0.112231,0.008353,0.022287,-0.093834,-0.004177,0.022287,-0.093834,0.004177,-0.022287,-0.093834,-0.004177,-0.022287,-0.093834,0.004177,0.022287,-0.093834,0.004177,0,-0.111897,-0.000513,0.022287,-0.093834,-0.004177,-0.022287,-0.093834,-0.004177,0,-0.111897,-0.000513,-0.000401,-0.112231,0.008353,0,-0.111897,-0.000513,-0.000401,-0.112231,0.008353,-0.031668,0.144281,-0.010201,-0.011853,0.134269,-0.005664,-0.031658,0.135322,-0.005136,-4e-06,0.142318,-0.014045,-4e-06,0.153084,-0.006493,-0.031678,0.153018,-0.00496,-4e-06,0.153084,0.006493,-0.031668,0.144281,0.010201,-4e-06,0.142318,0.014045,-0.031678,0.153018,0.00496,-0.031658,0.135322,0.005136,-0.011847,0.13426,0.005662,-4e-06,0.153084,-0.006493,-0.031678,0.153018,-0.00496,0.031662,0.144287,0.010201,0.031662,0.144287,-0.010201,0.031966,0.153023,0.00496,0.031966,0.153023,-0.00496,0.031349,0.13533,-0.005137,0.031349,0.13533,0.005137,-0.031668,0.144281,0.010201,-0.031658,0.135322,-0.005136,-0.031658,0.135322,0.005136,-0.031668,0.144281,-0.010201,-0.031678,0.153018,-0.00496,-0.031678,0.153018,0.00496,0.011839,0.134263,0.005662,-4e-06,0.132123,0.007002,0.011845,0.134273,-0.005664,-4e-06,0.132154,-0.007006,0.031349,0.13533,0.005137,0.031349,0.13533,-0.005137,0.031662,0.144287,0.010201,0.031966,0.153023,0.00496,0.031662,0.144287,-0.010201,0.031966,0.153023,-0.00496,0.031966,0.153023,-0.00496]},"normal":{"type":"float32","components":3,"data":[0.157,0.1131,-0.9811,0.0001,-0.2782,-0.9605,0.1444,-0.6405,-0.7542,0,0.0871,-0.9962,0.7938,0.6082,0.0002,1,0.0064,0.0003,1,0.0064,0.0003,0.7928,0.6095,0.0002,0.0001,-0.2812,0.9597,0.1573,0.1106,0.9813,0.1446,-0.6415,0.7534,0,0.0834,0.9965,-0.1573,0.1106,0.9813,-0.144,-0.6412,0.7537,-0.7938,0.6081,0.0002,-1,0.0063,0.0003,-1,0.0063,0.0003,-0.7928,0.6095,0.0002,-0.157,0.1131,-0.9811,-0.1438,-0.6402,-0.7546,-0.0921,0.2016,0.9751,0,-0.2199,0.9755,0.4648,0.8854,0,0.4648,0.8854,0,-0.4648,0.8854,0,-0.4648,0.8854,0,0,0.193,-0.9812,0.0921,0.2016,-0.9751,0.0921,0.2016,0.9751,-0.0921,0.2016,-0.9751,0,0.132,-0.9912,-0.133,0.1079,-0.9852,0.152,-0.06,0.9866,0.9413,0.3375,0,0.9396,0.3422,0,-0.9413,0.3375,0,-0.9396,0.3422,0,0,-0.3582,0.9336,-0.152,-0.06,0.9866,0.133,0.1079,-0.9852,-0.9686,-0.2485,0,-0.9688,-0.248,0,-0.1813,0.0678,0.9811,0.0001,0.0788,0.9969,0.1503,-0.0324,-0.9881,0,-0.0502,-0.9987,-0.1503,-0.0324,-0.9881,0.1819,0.0676,0.981,0.9686,-0.2485,0,0.9688,-0.248,0,0.1291,0.1435,0.9812,0.0002,0.1451,0.9894,0.8194,-0.5732,-0.0002,0.8038,-0.5949,-0.0002,-0.8206,-0.5712,-0.0146,-0.8051,-0.593,-0.0161,-0.1277,0.1442,0.9813,0,-0.1604,-0.9871,0.1408,-0.1588,-0.9772,-0.1408,-0.1588,-0.9772,-0.6331,-0.7735,-0.0297,-0.6331,-0.7735,-0.0297,0.6297,-0.7768,-0.0004,0.6297,-0.7768,-0.0004,-0.0938,0.0083,-0.9956,-0.1438,-0.6402,-0.7546,-0.0879,-0.8838,-0.4596,0.0001,-0.0342,-0.9994,-0.0001,0.8738,-0.4862,-0.0315,0.8855,-0.4637,-0.0001,0.8738,0.4862,-0.0939,0.0084,0.9955,0.0001,-0.0339,0.9994,-0.0315,0.8855,0.4637,-0.0879,-0.8839,0.4594,-0.144,-0.6412,0.7537,-0.0001,0.8738,-0.4862,-0.0315,0.8855,-0.4637,0.9994,-0.0349,0,0.9994,-0.0349,0,0.9994,-0.0348,0,0.9994,-0.0348,0,0.9994,-0.0349,0,0.9994,-0.0349,0,-1,-0.0011,0,-1,-0.0011,0,-1,-0.0011,0,-1,-0.0011,0,-1,-0.0012,0,-1,-0.0012,0,0.1446,-0.6415,0.7534,0.0001,-0.2812,0.9597,0.1444,-0.6405,-0.7542,0.0001,-0.2782,-0.9605,0.0891,-0.8819,0.463,0.0891,-0.8818,-0.4632,0.0935,0.0196,0.9954,0.0309,0.8876,0.4595,0.0935,0.0195,-0.9954,0.0309,0.8876,-0.4595,0.0309,0.8876,-0.4595]},"texCoord0":{"type":"float32","components":2,"data":[0.214799,0.468453,0.221816,0.467689,0.221948,0.468505,0.214815,0.467567,0.222461,0.461459,0.213993,0.461928,0.214005,0.461197,0.222166,0.462014,0.214151,0.46043,0.222461,0.461459,0.214005,0.461197,0.222308,0.460346,0.222467,0.459223,0.21399,0.459667,0.222467,0.459223,0.21399,0.459667,0.213963,0.458936,0.222152,0.458682,0.21483,0.466682,0.221976,0.466878,0.2235,0.457721,0.222693,0.460348,0.223438,0.462937,0.223169,0.463227,0.2235,0.457721,0.223213,0.457369,0.214415,0.46756,0.214367,0.469946,0.223438,0.462937,0.21445,0.465175,0.213546,0.467545,0.213607,0.464188,0.224488,0.457203,0.224236,0.46405,0.224406,0.463454,0.224377,0.456629,0.224488,0.457203,0.224191,0.460358,0.224406,0.463454,0.21349,0.470903,0.227757,0.457583,0.227927,0.457,0.227696,0.463215,0.22762,0.460394,0.20989,0.470336,0.20994,0.467483,0.209989,0.46463,0.227757,0.457583,0.227696,0.463215,0.22785,0.463809,0.230834,0.459091,0.231408,0.460413,0.231173,0.462201,0.230809,0.461773,0.2312,0.458672,0.230834,0.459091,0.230809,0.461773,0.205164,0.4674,0.206403,0.468946,0.206456,0.465898,0.232029,0.46043,0.231408,0.460413,0.232029,0.46043,0.231408,0.460413,0.226298,0.470589,0.227013,0.469196,0.227036,0.470559,0.226269,0.468439,0.225369,0.468429,0.225578,0.470674,0.229312,0.468473,0.228502,0.47056,0.228471,0.468463,0.22921,0.470614,0.227769,0.470553,0.227757,0.469181,0.230195,0.468487,0.229898,0.470674,0.208982,0.461158,0.207605,0.461158,0.208628,0.460568,0.207958,0.460568,0.207946,0.461763,0.20864,0.461763,0.208982,0.461173,0.207946,0.460568,0.20864,0.460568,0.207605,0.461173,0.207958,0.461763,0.208628,0.461763,0.227773,0.467728,0.227772,0.468455,0.227029,0.467697,0.226999,0.468446,0.227814,0.466374,0.227079,0.466354,0.228549,0.46636,0.229259,0.4663,0.226342,0.466287,0.225627,0.466166,0.229952,0.466253]}}],"meshes":[{"aabb":{"min":[-0.04938,-0.112231,-0.015778],"max":[0.04938,0.153084,0.014045]},"vertices":0,