{
  "urls": [
    "../assets/audio/audiosprite.mp3",
    "../assets/audio/audiosprite.ogg"
  ],
  "sprite": {
    "add_time_bonus": [
      0,
      1724.5351473922904
    ],
    "click": [
      3000,
      119.63718820861669
    ],
    "gameover_explosion": [
      5000,
      10213.877551020409
    ],
    "gameover_loop": [
      17000,
      9672.018140589571
    ],
    "intro_splash_loop": [
      28000,
      7752.01814058957
    ],
    "loop_1": [
      37000,
      16000
    ],
    "loop_2": [
      54000,
      16000
    ],
    "loop_3": [
      71000,
      16000
    ],
    "loop_4": [
      88000,
      16000
    ],
    "loop_5": [
      105000,
      16000
    ],
    "loop_6": [
      122000,
      16000
    ],
    "loop_7": [
      139000,
      16000
    ],
    "outro_added_score": [
      156000,
      4684.444444444438
    ],
    "outro_added_time": [
      162000,
      5537.959183673479
    ],
    "outro_no_effect": [
      169000,
      2612.2448979591863
    ],
    "start_cursor_movement": [
      173000,
      235.10204081631514
    ],
    "stop_movement": [
      175000,
      123.35600907030653
    ],
    "wrong_direction_input": [
      177000,
      408.66213151926445
    ]
  }
}