{"model":{"version":3,"nodes":[{"name":"RootNode","position":[0,0,0],"rotation":[0,0,0],"scale":[0.0254,0.0254,0.0254],"scaleCompensation":false},{"name":"trans","position":[0,5.46982,-1.13162e-07],"rotation":[-90,-0,0],"scale":[0.985148,1,1],"scaleCompensation":false}],"parents":[-1,0],"skins":[],"morphs":[],"vertices":[{"position":{"type":"float32","components":3,"data":[-115.651,493.226,-5.00679e-05,-115.651,75.3036,-5.00679e-05,115.651,493.226,-5.00679e-05,115.651,75.3036,-5.00679e-05]},"normal":{"type":"float32","components":3,"data":[0,0,1,0,0,1,0,0,1,0,0,1]},"texCoord0":{"type":"float32","components":2,"data":[4.76837e-07,1,0,5.96046e-08,1,1,1,-5.96046e-08]}}],"meshes":[{"aabb":{"min":[-115.651,75.3036,-5.00679e-05],"max":[115.651,493.226,-5.00679e-05]},"vertices":0,"indices":[0,1,2,3,2,1],"type":"triangles","base":0,"count":6}],"meshInstances":[{"node":1,"mesh":0}]}}