{"model":{"version":3,"nodes":[{"name":"RootNode","position":[0,0,0],"rotation":[0,0,0],"scale":[0.0254,0.0254,0.0254],"scaleCompensation":false},{"name":"completed-90","position":[0,0,0],"rotation":[-90,-0,0],"scale":[1,1,1],"scaleCompensation":false}],"parents":[-1,0],"skins":[],"morphs":[],"vertices":[{"position":{"type":"float32","components":3,"data":[-30.8906,-4.25992e-05,40.4307,-30.8906,-4.23886e-05,3.65631,12.4682,-4.25583e-05,40.4306,12.4682,-4.24176e-05,3.65592,12.4682,-4.24176e-05,3.65592,38.1552,-4.23284e-05,3.65513,12.4682,-4.25583e-05,40.4306,38.1552,-4.23295e-05,40.4306]},"normal":{"type":"float32","components":3,"data":[9.42406e-10,-1,-5.7258e-09,2.2129e-10,-1,-4.87557e-09,3.42492e-09,-1,-3.09062e-09,1.4013e-09,-1,-3.82715e-09,1.4013e-09,-1,-3.82715e-09,5.58061e-09,-1,-2.35324e-09,3.42492e-09,-1,-3.09062e-09,8.90677e-09,-1,-2.99757e-11]},"texCoord0":{"type":"float32","components":2,"data":[0.653807,0.470985,0.653807,0.207048,0.979326,0.470985,0.979326,0.207048,0.44706,0.20459,0.44706,0.00065548,0.698577,0.20459,0.698577,0.00065548]}}],"meshes":[{"aabb":{"min":[-30.8906,-4.25992e-05,3.65513],"max":[38.1552,-4.23284e-05,40.4307]},"vertices":0,"indices":[0,1,2,3,2,1,4,5,6,7,6,5],"type":"triangles","base":0,"count":12}],"meshInstances":[{"node":1,"mesh":0}]}}