{"model":{"version":3,"nodes":[{"name":"RootNode","position":[0,0,0],"rotation":[0,0,0],"scale":[0.0254,0.0254,0.0254],"scaleCompensation":false},{"name":"completed-50","position":[0,0,0],"rotation":[-90,-0,0],"scale":[1,1,1],"scaleCompensation":false}],"parents":[-1,0],"skins":[],"morphs":[],"vertices":[{"position":{"type":"float32","components":3,"data":[-30.8743,-4.28099e-05,40.4048,-30.8743,-4.25993e-05,3.63047,12.4405,-4.27176e-05,40.4048,12.4405,-4.25769e-05,3.63009,12.4405,-4.25769e-05,3.63009,38.1057,-4.2385e-05,3.62934,12.4405,-4.27176e-05,40.4048,38.1057,-4.23861e-05,40.4048]},"normal":{"type":"float32","components":3,"data":[2.12988e-09,-1,-5.7258e-09,1.40752e-09,-1,-4.87496e-09,6.02447e-09,-1,-3.09044e-09,3.99812e-09,-1,-3.82715e-09,3.99812e-09,-1,-3.82715e-09,9.5888e-09,-1,-2.35421e-09,6.02447e-09,-1,-3.09044e-09,1.29192e-08,-1,-2.99739e-11]},"texCoord0":{"type":"float32","components":2,"data":[0.345329,0.734922,0.345329,0.470985,0.670849,0.734922,0.670849,0.470985,0.44706,0.20459,0.44706,0.00065548,0.698577,0.20459,0.698577,0.00065548]}}],"meshes":[{"aabb":{"min":[-30.8743,-4.28099e-05,3.62934],"max":[38.1057,-4.2385e-05,40.4048]},"vertices":0,"indices":[0,1,2,3,2,1,4,5,6,7,6,5],"type":"triangles","base":0,"count":12}],"meshInstances":[{"node":1,"mesh":0}]}}