{"model":{"version":3,"nodes":[{"name":"RootNode","position":[0,0,0],"rotation":[0,0,0],"scale":[0.01,0.01,0.01],"scaleCompensation":false},{"name":"obstacle-ropefence_02_rope_H1_shadow","position":[-300,0,600],"rotation":[2.50448e-06,-0,0],"scale":[1,1,1],"scaleCompensation":false}],"parents":[-1,0],"skins":[],"morphs":[],"vertices":[{"position":{"type":"float32","components":3,"data":[-45.9088,2,70.7576,40.6246,2,50.8226,-44.6312,2,58.8379,41.5332,2,41.0683,259.847,2,42.5498,267.549,2,69.7177,271.325,2,57.874,248.565,2,75.5178,158.344,2,32.8451,195.551,2,48.9663,203.779,2,37.6643,150.35,2,41.406,102.485,2,35.0319,102.35,2,43.344,41.5332,2,41.0683,102.35,2,43.344,102.485,2,35.0319,40.6246,2,50.8226,-67.7751,2,105.335,-9.31467,2,92.477,-67.7771,2,96.7872,-10.1286,2,83.3679,-9.31467,2,92.477,57.0199,2,87.4201,-10.1286,2,83.3679,58.3141,2,77.7676,58.3141,2,77.7676,100.82,2,90.4384,106.106,2,78.9422,57.0199,2,87.4201,106.106,2,78.9422,147.09,2,97.6875,154.394,2,84.8533,100.82,2,90.4384,199.682,2,110.859,154.394,2,84.8533,147.09,2,97.6875,205.261,2,99.1238,-43.5694,2,48.3831,41.5332,2,41.0683,40.1111,2,31.1613,-44.6312,2,58.8379,-45.9088,2,70.7576,42.3671,2,60.6846,40.6246,2,50.8226,-47.1417,2,81.7105,102.35,2,43.344,40.6246,2,50.8226,42.3671,2,60.6846,103.154,2,53.3197,102.35,2,43.344,149.72,2,51.4395,150.35,2,41.406,103.154,2,53.3197,195.551,2,48.9663,150.35,2,41.406,149.72,2,51.4395,193.157,2,58.7048,193.157,2,58.7048,235.757,2,61.7682,195.551,2,48.9663,233.032,2,74.4056,273.711,2,46.619,259.847,2,42.5498,271.325,2,57.874,262.516,2,26.9086,158.785,2,22.8358,206.129,2,27.8575,158.344,2,32.8451,101.891,2,25.0408,158.344,2,32.8451,158.785,2,22.8358,102.485,2,35.0319,41.5332,2,41.0683,101.891,2,25.0408,40.1111,2,31.1613,154.394,2,84.8533,205.261,2,99.1238,207.472,2,90.1004,157.186,2,75.1749,106.852,2,68.9328,154.394,2,84.8533,157.186,2,75.1749,106.106,2,78.9422,106.852,2,68.9328,57.5598,2,67.7757,58.3141,2,77.7676,106.106,2,78.9422,-10.1286,2,83.3679,57.5598,2,67.7757,-12.0159,2,73.5346,58.3141,2,77.7676,-10.1286,2,83.3679,-67.108,2,85.8837,-12.0159,2,73.5346,-91.5342,2,108.991,-67.0282,2,114.816,-67.7751,2,105.335,-90.8334,2,118.456,57.0199,2,87.4201,-9.31467,2,92.477,-7.51897,2,102.325,57.5575,2,97.4393,100.82,2,90.4384,57.0199,2,87.4201,57.5575,2,97.4393,99.6982,2,100.411,100.82,2,90.4384,144.334,2,107.336,147.09,2,97.6875,99.6982,2,100.411,147.09,2,97.6875,193.461,2,119.571,199.682,2,110.859,144.334,2,107.336,-91.5342,2,108.991,-67.7751,2,105.335,-90.0275,2,100.345,-67.7771,2,96.7872,-90.0275,2,100.345,-67.7771,2,96.7872,-85.7038,2,88.8399,-67.108,2,85.8837,-7.51897,2,102.325,-67.0282,2,114.816,239.382,2,50.4351,203.779,2,37.6643,235.757,2,61.7682,248.565,2,75.5178,233.032,2,74.4056,243.584,2,89.4833,235.757,2,61.7682,206.129,2,27.8575,245.016,2,40.8781,248.565,2,75.5178,259.847,2,42.5498,239.382,2,50.4351,235.757,2,61.7682,239.382,2,50.4351,259.847,2,42.5498,245.016,2,40.8781,262.516,2,26.9086,248.565,2,75.5178,262.942,2,79.4797,267.549,2,69.7177,243.584,2,89.4833]},"normal":{"type":"float32","components":3,"data":[3.86735e-09,1,1.13903e-08,3.86735e-09,1,1.13902e-08,3.86735e-09,1,1.13902e-08,3.86735e-09,1,1.13902e-08,-8.14375e-09,1,-2.40184e-08,-8.14375e-09,1,-2.40184e-08,-8.14375e-09,1,-2.40184e-08,-8.14375e-09,1,-2.40184e-08,0,1,6.12323e-17,0,1,6.12323e-17,0,1,6.12323e-17,0,1,6.12323e-17,0,1,6.12323e-17,0,1,6.12323e-17,3.41908e-09,1,1.33943e-08,3.41908e-09,1,1.33943e-08,3.41908e-09,1,1.33943e-08,3.41908e-09,1,1.33943e-08,0,1,6.12323e-17,0,1,6.12323e-17,0,1,6.12323e-17,0,1,6.12323e-17,-6.32459e-09,1,-1.28697e-08,-6.32459e-09,1,-1.28697e-08,-6.32459e-09,1,-1.28697e-08,-6.32459e-09,1,-1.28697e-08,1.01766e-09,1,-2.22304e-08,1.01766e-09,1,-2.22304e-08,1.01766e-09,1,-2.22304e-08,1.01766e-09,1,-2.22304e-08,3.62421e-09,1,-7.92389e-09,3.62421e-09,1,-7.92389e-09,3.62421e-09,1,-7.92389e-09,3.62421e-09,1,-7.92389e-09,4.04619e-09,1,2.1216e-09,4.04619e-09,1,2.1216e-09,4.04619e-09,1,2.1216e-09,4.04619e-09,1,2.1216e-09,-1.00489e-09,1,-1.16913e-08,-1.00489e-09,1,-1.16913e-08,-1.00489e-09,1,-1.16913e-08,-1.00489e-09,1,-1.16913e-08,2.69331e-09,1,-6.59414e-11,2.69331e-09,1,-6.59414e-11,2.69331e-09,1,-6.59414e-11,2.69331e-09,1,-6.59414e-11,-3.35012e-09,1,-1.15884e-08,-3.35012e-09,1,-1.15884e-08,-3.35012e-09,1,-1.15884e-08,-3.35012e-09,1,-1.15884e-08,2.03938e-09,1,-1.19332e-08,2.03938e-09,1,-1.19332e-08,2.03938e-09,1,-1.19332e-08,2.03938e-09,1,-1.19332e-08,-6.56141e-10,1,-1.21587e-08,-6.56141e-10,1,-1.21587e-08,-6.56141e-10,1,-1.21587e-08,-6.56141e-10,1,-1.21587e-08,7.01383e-09,1,-1.97058e-08,7.01383e-09,1,-1.97058e-08,7.01383e-09,1,-1.97058e-08,7.01383e-09,1,-1.97058e-08,-2.76649e-08,1,-2.29275e-08,-2.76649e-08,1,-2.29275e-08,-2.76649e-08,1,-2.29275e-08,-2.76649e-08,1,-2.29275e-08,0,1,6.12323e-17,0,1,6.12323e-17,0,1,6.12323e-17,2.57808e-09,1,1.19011e-08,2.57808e-09,1,1.19011e-08,2.57808e-09,1,1.19011e-08,2.57808e-09,1,1.19011e-08,0,1,6.12323e-17,0,1,6.12323e-17,0,1,6.12323e-17,4.3762e-09,1,1.17043e-09,4.3762e-09,1,1.17043e-09,4.3762e-09,1,1.17043e-09,4.3762e-09,1,1.17043e-09,9.05147e-10,1,1.22727e-08,9.05147e-10,1,1.22727e-08,9.05147e-10,1,1.22727e-08,9.05147e-10,1,1.22727e-08,-2.74212e-09,1,1.19213e-08,-2.74212e-09,1,1.19213e-08,-2.74212e-09,1,1.19213e-08,-2.74212e-09,1,1.19213e-08,-3.41741e-09,1,4.55344e-10,-3.41741e-09,1,4.55344e-10,-3.41741e-09,1,4.55344e-10,-3.41741e-09,1,4.55344e-10,0,1,6.12323e-17,0,1,6.12323e-17,0,1,6.12323e-17,6.8623e-09,1,1.20591e-08,6.8623e-09,1,1.20591e-08,6.8623e-09,1,1.20591e-08,6.8623e-09,1,1.20591e-08,-4.495e-09,1,1.25287e-08,-4.495e-09,1,1.25287e-08,-4.495e-09,1,1.25287e-08,-4.495e-09,1,1.25287e-08,-1.65897e-09,1,2.38035e-08,-1.65897e-09,1,2.38035e-08,-1.65897e-09,1,2.38035e-08,-1.65897e-09,1,2.38035e-08,7.06243e-10,1,1.22912e-08,7.06243e-10,1,1.22912e-08,7.06243e-10,1,1.22912e-08,7.06243e-10,1,1.22912e-08,4.17759e-09,1,2.0426e-09,4.17759e-09,1,2.0426e-09,4.17759e-09,1,2.0426e-09,4.17759e-09,1,2.0426e-09,1.05081e-08,1,9.19598e-10,1.05081e-08,1,9.19598e-10,1.05081e-08,1,9.19598e-10,1.05081e-08,1,9.19598e-10,1.2104e-08,1,2.69697e-09,1.2104e-08,1,2.69697e-09,1.2104e-08,1,2.69697e-09,1.2104e-08,1,2.69697e-09,0,1,6.12323e-17,0,1,6.12323e-17,0,1,6.12323e-17,0,1,6.12323e-17,0,1,6.12323e-17,-2.94461e-08,1,-1.74913e-08,-2.94461e-08,1,-1.74913e-08,-2.94461e-08,1,-1.74913e-08,-2.94461e-08,1,-1.74913e-08,0,1,6.12323e-17,0,1,6.12323e-17,-9.94712e-09,1,-2.48743e-08,-9.94712e-09,1,-2.48743e-08,-9.94712e-09,1,-2.48743e-08,-9.94712e-09,1,-2.48743e-08,1.65281e-08,1,-4.01591e-09,1.65281e-08,1,-4.01591e-09,1.65281e-08,1,-4.01591e-09,1.65281e-08,1,-4.01591e-09,1.4922e-08,1,6.03008e-09,1.4922e-08,1,6.03008e-09,1.4922e-08,1,6.03008e-09,1.4922e-08,1,6.03008e-09]},"color":{"type":"uint8","components":4,