{"model":{"version":3,"nodes":[{"name":"RootNode","position":[0,0,0],"rotation":[0,0,0],"scale":[0.01,0.01,0.01],"scaleCompensation":false},{"name":"beach_shell02_m_root","position":[0,0,0],"rotation":[0,0,0],"scale":[1,1,1],"scaleCompensation":false},{"name":"default","position":[0,0,0],"rotation":[0,0,0],"scale":[1,1,1],"scaleCompensation":false}],"parents":[-1,0,1],"skins":[],"morphs":[],"vertices":[{"position":{"type":"float32","components":3,"data":[0.007472,0.022285,-0.148567,0.012775,0.026377,-0.116608,0.019538,0.01292,-0.120073,0.01071,0.012139,-0.152888,0.01071,0.012139,-0.152888,-0.000694,0.014237,-0.153091,0.000551,0.010591,-0.154837,-5.9e-05,0.032126,-0.141651,0.001576,0.038082,-0.113008,-0.004363,0.018212,-0.150618,-0.015639,0.040076,-0.108336,-0.014065,0.036888,-0.134812,-0.009848,0.020873,-0.146191,-0.03211,0.032101,-0.103367,-0.029737,0.033566,-0.128978,-0.015784,0.019721,-0.142623,-0.041648,0.016153,-0.097637,-0.037071,0.018538,-0.124207,-0.019008,0.014138,-0.140285,-0.041008,-0.003485,-0.089837,-0.036484,-0.000126,-0.120569,-0.019626,0.005671,-0.13628,-0.025493,-0.021418,-0.082196,-0.020443,-0.020829,-0.111174,-0.013624,-0.005802,-0.128128,-0.010428,-0.026171,-0.079904,-0.002309,-0.027601,-0.108016,0.004781,-0.024308,-0.078001,0.016208,-0.024559,-0.106452,0.005018,-0.008432,-0.124601,-0.004848,-0.009656,-0.125624,0.021279,-0.015367,-0.074006,0.035334,-0.008597,-0.102456,0.015647,-0.000424,-0.122438,0.031753,0.002694,-0.068399,0.041047,0.015646,-0.096889,0.019538,0.01292,-0.120073,0.041047,0.015646,-0.096889,0.027374,0.025273,-0.060658,0.031753,0.002694,-0.068399,0.027866,0.039574,-0.090991,0.019538,0.01292,-0.120073,0.012775,0.026377,-0.116608,0.016884,0.045602,-0.054986,0.007775,0.06005,-0.085238,0.001576,0.038082,-0.113008,-0.006447,0.054778,-0.048966,-0.022691,0.063188,-0.078599,-0.015639,0.040076,-0.108336,-0.032722,0.049708,-0.04278,-0.051514,0.048438,-0.071411,-0.03211,0.032101,-0.103367,-0.067608,0.020153,-0.063418,-0.052327,0.031302,-0.036321,-0.041648,0.016153,-0.097637,-0.057976,0.004681,-0.028955,-0.063881,-0.013298,-0.054824,-0.041008,-0.003485,-0.089837,-0.047278,-0.022004,-0.019489,-0.040589,-0.041088,-0.044243,-0.025493,-0.021418,-0.082196,0.021279,-0.015367,-0.074006,0.033458,-0.041061,-0.028631,0.006455,-0.049822,-0.035118,0.004781,-0.024308,-0.078001,0.041668,-0.041245,0.026381,0.047536,-0.008513,0.013263,0.064932,-0.015154,0.034804,0.010801,-0.039076,-0.006004,0.057651,-0.012226,-0.018315,0.031753,0.002694,-0.068399,0.045936,0.024135,0.024286,0.028857,0.003627,0.034698,0.047536,-0.008513,0.013263,0.023512,0.017483,0.043706,0.055846,0.026632,-0.008601,0.057651,-0.012226,-0.018315,0.027374,0.025273,-0.060658,0.031753,0.002694,-0.068399,0.033981,0.055306,0.037375,0.010486,0.030356,0.06099,0.043878,0.064612,0.000525,0.016884,0.045602,-0.054986,-0.003332,0.038775,0.073478,0.003658,0.072508,0.049308,0.007,0.08624,0.009596,-0.006447,0.054778,-0.048966,-0.01946,0.037331,0.086386,-0.033637,0.070368,0.060799,-0.039152,0.084067,0.018764,-0.032722,0.049708,-0.04278,-0.03207,0.027658,0.09889,-0.064357,0.048707,0.07269,-0.077596,0.057591,0.028168,-0.052327,0.031302,-0.036321,-0.038124,0.011842,0.111305,-0.077242,0.013307,0.085369,-0.09422,0.013632,0.038184,-0.057976,0.004681,-0.028955,-0.082388,-0.034725,0.049028,-0.068824,-0.026272,0.098324,-0.047278,-0.022004,-0.019489,0.005585,-0.058353,0.124948,-0.026121,-0.055372,0.114514,0.009321,-0.07462,0.070861,-0.030696,-0.071262,0.062239,-0.01323,-0.038715,-0.012129,0.056194,-0.055024,0.08187,0.044272,-0.041923,0.138741,0.086343,-0.019997,0.092177,0.067799,-0.012951,0.150651,-0.031942,-0.033459,-0.015446,-0.017631,-0.049949,-0.039386,-0.01323,-0.038715,-0.012129,-0.010428,-0.026171,-0.079904,-0.050055,-0.044693,0.106884,-0.060044,-0.058406,0.055792,-0.031942,-0.033459,-0.015446,0.015647,-0.000424,-0.122438,0.01071,0.012139,-0.152888,0.019538,0.01292,-0.120073,0.008132,0.003635,-0.154489,0.008132,0.003635,-0.154489,-0.000392,0.007176,-0.154948,0.000551,0.010591,-0.154837,0.01071,0.012139,-0.152888,0.005018,-0.008432,-0.124601,0.001555,-0.000582,-0.155615,0.001555,-0.000582,-0.155615,-0.003137,0.005627,-0.155031,-0.004848,-0.009656,-0.125624,-0.004199,0.00015,-0.157642,-0.004199,0.00015,-0.157642,-0.008326,0.0036,-0.160724,-0.013624,-0.005802,-0.128128,-0.008326,0.0036,-0.160724,0.001698,-0.002001,0.155143,0.001132,-0.011491,0.095317,-0.024284,-0.002525,0.133628,0.033302,-0.042672,0.108141,-0.019008,0.014138,-0.140285,-0.011007,0.010116,-0.165997,-0.019626,0.005671,-0.13628,-0.015784,0.019721,-0.142623,-0.006765,0.016085,-0.168767,-0.009848,0.020873,-0.146191,-0.004363,0.018212,-0.150618,-0.002823,0.016195,-0.17032,-0.000694,0.014237,-0.153091,0.001223,0.013731,-0.170831,0.000551,0.010591,-0.154837,-0.000541,0.01019,-0.172843,-0.000541,0.01019,-0.172843,0.000551,0.010591,-0.154837,-0.000392,0.007176,-0.154948,-0.004726,0.010974,-0.173004,-0.003137,0.005627,-0.155031,-0.008326,0.0036,-0.160724,-0.007421,0.010706,-0.171743,0.067799,-0.012951,0.150651,0.086343,-0.019997,0.092177,0.081507,-0.016001,0.094485,0.063337,-0.01173,0.145159,0.064725,-0.013107,0.049816,0.064932,-0.015154,0.034804,0.04347,-0.011406,0.034366,0.009278,0.000549,0.045922,-0.007602,0.03018,0.099699,-0.012894,0.021135,0.105584,-0.018007,0.009556,0.107241,0.005853,0.020826,0.067296,-0.012894,0.021135,0.105584,0.006644,0.013317,0.058775,-0.018007,0.009556,0.107241,-0.034202,-0.010806,0.127385,-0.024284,-0.002525,0.133628,0.001698,-0.002001,0.155143,0.027391,-0.01835,0.159614,0.029277,0.000371,0.177979,-0.008453,-0.02306,0.144409,-0.068824,-0.026272,0.098324,-0.007421,0.010706,-0.171743,0.047536,-0.008513,0.013263,0.010801,-0.039076,-0.006004,-0.007421,0.010706,-0.171743,0.034499,-0.037786,0.055525,-0.004726,0.010974,-0.173004,0.001223,0.013731,-0.170831,-0.000541,0.01019,-0.172843,-0.034202,-0.010806,0.127385,0.029277,0.000371,0.177979,-0.024284,-0.002525,0.133628]},"normal":{"type":"float32","components":3,