{"model":{"version":3,"nodes":[{"name":"RootNode","position":[0,0,0],"rotation":[0,0,0],"scale":[0.01,0.01,0.01],"scaleCompensation":false},{"name":"obstacle-ropefence_03_down_H1","position":[-600,0,0],"rotation":[9.33467e-06,-0,0],"scale":[1,1,1],"scaleCompensation":false}],"parents":[-1,0],"skins":[],"morphs":[],"vertices":[{"position":{"type":"float32","components":3,"data":[-10.1926,-237.971,288.851,19.5855,-76.9026,280.321,11.0557,-237.971,288.851,-19.6406,-59.5656,279.403,-19.6141,-60.0653,319.521,-10.1926,-237.971,288.851,-10.1926,-237.971,310.1,-19.6406,-59.5656,279.403,-19.6141,-60.0653,319.521,-10.1926,-237.971,310.1,19.5939,-76.7454,318.638,11.0557,-237.971,310.1,11.0557,-237.971,288.851,19.5855,-76.9026,280.321,11.0557,-237.971,310.1,19.5939,-76.7454,318.638,-19.6406,-59.5656,279.403,-19.6141,-60.0653,319.521,19.5939,-76.7454,318.638,-19.6406,-59.5656,279.403,19.5939,-76.7454,318.638,19.5855,-76.9026,280.321,-10.1926,-455.471,587.016,-18.3895,-300.689,578.819,11.0557,-455.471,587.016,19.6405,-293.365,578.431,-10.1926,-455.471,608.264,-18.3895,-300.689,578.819,-10.1926,-455.471,587.016,-18.9116,-290.831,616.983,-18.9116,-290.831,616.983,11.0557,-455.471,608.264,19.6232,-282.948,616.832,-10.1926,-455.471,608.264,11.0557,-455.471,587.016,19.6405,-293.365,578.431,11.0557,-455.471,608.264,19.6232,-282.948,616.832,19.6405,-293.365,578.431,-18.9116,-290.831,616.983,19.6232,-282.948,616.832,-18.3895,-300.689,578.819,-18.9116,-290.831,616.983,19.6405,-293.365,578.431,-11.1782,101.158,7.6107,-14.6661,41.8769,70.9228,-11.1782,108.884,14.9346,-14.6654,33.5887,63.2416,-13.4789,-6.53813,119.332,-13.475,-15.4479,112.672,-11.0903,-45.913,169.881,-11.0741,-55.7325,165.036,-9.23521,-76.7232,226.386,-9.18796,-88.1379,223.243,-5.87302,-102.286,294.953,-5.78237,-113.973,291.732,-1.95847,97.2946,3.94873,-1.96674,29.4418,59.4032,-1.8195,-19.8594,109.324,-1.40052,-60.5443,162.575,-0.194875,-93.6368,221.565,2.66277,-119.466,289.949,10.7315,33.5831,63.2459,7.26123,101.158,7.61069,9.83218,-15.361,112.636,8.2567,-55.5365,164.959,8.75085,-87.7209,223.03,11.0172,-113.273,291.387,7.26123,108.884,14.9346,10.7309,41.8714,70.927,9.82833,-6.45122,119.297,8.24039,-45.7169,169.804,8.70348,-76.3062,226.173,10.9265,-101.586,294.609,-1.95847,112.747,18.5966,-1.96787,46.0183,74.7655,-1.82726,-2.03975,122.645,-1.43315,-40.9052,172.265,-0.289515,-70.8073,227.851,2.48132,-96.0926,296.392,-1.96787,46.0183,74.7655,-1.95847,112.747,18.5966,-1.82726,-2.03975,122.645,-1.43315,-40.9052,172.265,-0.289515,-70.8073,227.851,2.48132,-96.0926,296.392,-12.7235,-125.712,307.264,-16.8663,-176.47,365.126,-12.7235,-117.525,316.617,-16.8588,-185.684,356.767,-14.8905,-227.329,415.279,-14.8968,-236.845,408.287,-14.0572,-266.453,465.991,-14.1003,-277.16,460.502,-13.0712,-297.652,522.479,-13.1406,-309.234,518.752,-10.2643,-322.641,588.987,-10.3067,-335.915,589.798,-1.95846,-129.806,302.587,-2.03702,-190.322,352.612,-2.44739,-241.722,404.845,-3.49677,-282.782,457.859,-3.95607,-315.155,516.91,-1.11512,-342.404,589.91,12.7774,-185.747,356.818,8.80654,-125.712,307.264,10.0083,-237.084,408.395,7.14978,-277.697,460.705,5.29787,-309.492,518.794,8.11889,-335.618,589.211,8.80654,-117.525,316.617,12.77,-176.533,365.177,10.0145,-227.568,415.388,7.19283,-266.99,466.195,5.3673,-297.91,522.522,8.16133,-322.343,588.4,-1.95846,-113.431,321.293,-2.05193,-171.894,369.332,-2.43486,-222.691,418.829,-3.41066,-261.368,468.838,-3.81718,-291.989,524.364,-1.03032,-315.855,588.287,-2.05193,-171.894,369.332,-1.95846,-113.431,321.293,-2.43486,-222.691,418.829,-3.41066,-261.368,468.838,-3.81718,-291.989,524.364,-1.03032,-315.855,588.287]},"normal":{"type":"float32","components":3,"data":[-2.2284e-07,-0.0528839,-0.998601,-2.2284e-07,-0.0528839,-0.998601,-2.2284e-07,-0.0528839,-0.998601,-2.2284e-07,-0.0528839,-0.998601,-0.998601,-0.0528838,-8.08376e-08,-0.998601,-0.0528838,-8.08376e-08,-0.998601,-0.0528838,-8.08376e-08,-0.998601,-0.0528838,-8.08376e-08,-2.20144e-07,-0.0528839,0.998601,-2.20144e-07,-0.0528839,0.998601,-2.20144e-07,-0.0528839,0.998601,-2.20144e-07,-0.0528839,0.998601,0.998601,-0.0528839,-7.30231e-08,0.998601,-0.0528839,-7.30231e-08,0.998601,-0.0528839,-7.30231e-08,0.998601,-0.0528839,-7.30231e-08,0.391662,0.920041,0.0112018,0.391662,0.920041,0.0112018,0.391662,0.920041,0.0112018,0.404326,0.914607,-0.00384124,0.404326,0.914607,-0.00384123,0.404326,0.914607,-0.00384123,1.62258e-07,-0.0528838,-0.998601,1.62258e-07,-0.0528838,-0.998601,1.62258e-07,-0.0528838,-0.998601,1.62258e-07,-0.0528838,-0.998601,-0.998601,-0.0528838,-6.42508e-09,-0.998601,-0.0528838,-6.42508e-09,-0.998601,-0.0528838,-6.42508e-09,-0.998601,-0.0528838,-6.42508e-09,0.0092817,-0.0511969,0.998645,0.0092817,-0.0511969,0.998645,0.0092817,-0.0511969,0.998645,0.0092817,-0.0511969,0.998645,0.998646,-0.0511879,0.0092301,0.998646,-0.0511879,0.0092301,0.998646,-0.0511879,0.0092301,0.998646,-0.0511879,0.0092301,-0.19467,0.946633,-0.256883,-0.19467,0.946633,-0.256883,-0.19467,0.946633,-0.256883,-0.185646,0.950772,-0.248131,-0.185646,0.950772,-0.248131,-0.185646,0.950772,-0.248131,-0.862653,-0.297478,-0.409068,-0.855401,0.356985,0.3753,-0.828417,0.380562,0.410971,-0.841021,-0.358712,-0.404981,-0.857351,0.37172,0.356052,-0.839142,-0.421735,-0.343484,-0.874275,0.391381,0.287165,-0.850048,-0.451693,-0.270909,-0.890381,0.400885,0.215668,-0.865521,-0.465396,-0.185149,-0.897804,0.397227,0.190151,-0.866469,-0.479393,-0.139332,2.81304e-05,-0.626571,-0.779364,2.40904e-05,-0.672323,-0.740258,0.00120732,-0.757834,-0.652446,0.00350659,-0.839344,-0.54359,0.00867999,-0.909338,-0.415967,0.0196364,-0.936315,-0.350613,0.840892,-0.357657,-0.40618,0.8627,-0.297565,-0.408905,0.8398,-0.416559,-0.348158,0.851943,-0.438141,-0.286751,0.87053,-0.436918,-0.226452,0.878035,-0.437197,-0.194714,0.828419,0.380434,0.411086,0.855083,0.358584,0.374501,0.856282,0.378067,0.351919,0.871334,0.408122,0.272421,0.883439,0.434448,0.175471,0.889974,0.4368,0.130967,2.95153e-05,0.65015,0.759806,-0.000580812,0.677193,0.735805,-0.00228783,0.743646,0.668569,-0.0072322,0.830948,0.556304,-0.0160539,0.907282,0.420215,-0.0156409,0.936617,0.350007,-0.000580812,0.677193,0.735805,2.95153e-05,0.65015,0.759806,-0.00228783,0.743646,0.668569,-0.0072322,0.830948,0.556304,-0.0160539,0.907282,0.420215,-0.0156409,0.936617,0.350007,-0.844563,-0.310436,-0.436282,-0.85281,0.358286,0.37993,-0.837872,0.375333,0.396353,-0.839838,-0.359708,-0.406549,-0.853626,0.380158,0.356094,-0.837218,-0.418326,-0.352234,-0.869807,0.40755,0.2781,-0.85522,-0.436101,-0.280024,-0.881243,0.419949,0.21692,-0.872184,-0.452104,-0.186806,-0.920439,0.351963,0.170039,-0.822237,-0.54309,-0.17023,0.000341997,-0.627153,-0.778896,-0.000123313,-0.674147,-0.738597,-0.0030589,-0.7572,-0.653176,-0.0109901,-0.840433,-0.541804,-0.0167782,-0.911354,-0.411281,-0.00530921,-0.936905,-0.349545,0.840347,-0.363241,-0.402335,0.845091,-0.31141,-0.434563,0.835715,-0.431133,-0.340153,0.847443,-0.456658,-0.270748,0.858596,-0.462539,-0.221067,0.812667,-0.534637,-0.231809,0.837928,0.37386,0.397624,0.853173,0.353766,0.383334,0.855899,0.364548,0.366799,0.875093,0.388502,0.288581,0.888136,0.420588,0.185258,0.929647,0.356304,0.0938262,0.000285506,0.645061,0.764131,0.0011851,0.669762,0.742575,0.00559265,0.740408,0.672134,0.00807856,0.8297,0.558151,0.00192113,0.905561,0.424212,0.00992802,0.936952,0.349317,0.0011851,0.669762,0.742575,0.000285506,0.645061,0.764131,0.00559265,0.740408,0.672134,0.00807856,0.8297,0.558151,0.00192113,0.905561,0.424212,0.00992802,0.936952,0.349317]},"texCoord0":{"type":"float32","components":2,