{
    "0-9": {
        "previewImage": "World_0-10",
        "backgroundColor": "radial-gradient(circle, rgba(255,255,255,1) 0%, rgba(149,247,254,1) 40%, rgba(149,247,254,1) 100%)",
        "ambientLightIntensity": 1,
        "ambientSkyColor": {
            "r": 0.2015563,
            "g": 0.46778384,
            "b": 1,
            "a": 1
        },
        "ambientEquatorColor": {
            "r": 0.5149178,
            "g": 0.597202,
            "b": 0.6514058,
            "a": 1
        },
        "ambientGroundColor": {
            "r": 0.046665095,
            "g": 0.042311423,
            "b": 0.035601325,
            "a": 1
        },
        "fogColor": {
            "r": 0.9215686,
            "g": 1,
            "b": 1,
            "a": 1
        },
        "directionalLightColor": {
            "r": 1,
            "g": 1,
            "b": 1,
            "a": 1
        },
        "directionalLightIntensity": 1
    },
    "10-19": {
        "previewImage": "World_11-20",
        "backgroundColor": "linear-gradient(0deg, rgba(167,128,238,1) 0%, rgba(111,73,178,1) 100%)",
        "ambientLightIntensity": 1,
        "ambientSkyColor": {
            "r": 0.9150943,
            "g": 0.9150943,
            "b": 0.9150943,
            "a": 0
        },
        "ambientEquatorColor": {
            "r": 0.52711535,
            "g": 0.61049575,
            "b": 0.67244333,
            "a": 0
        },
        "ambientGroundColor": {
            "r": 0.046665095,
            "g": 0.042311423,
            "b": 0.035601325,
            "a": 0
        },
        "fogColor": {
            "r": 0.5372549,
            "g": 0.3568628,
            "b": 0.8352942,
            "a": 1
        },
        "directionalLightColor": {
            "r": 1,
            "g": 1,
            "b": 1,
            "a": 1
        },
        "directionalLightIntensity": 0.7
    },
    "20-29": {
        "previewImage": "World_21-30",
        "backgroundColor": "radial-gradient(circle, rgba(255,229,1,1) 2%, rgba(255,156,0,1) 40%)",
        "ambientLightIntensity": 1,
        "ambientSkyColor": {
            "r": 0.20507877,
            "g": 0.46778384,
            "b": 0.98225087,
            "a": 1
        },
        "ambientEquatorColor": {
            "r": 0.5149178,
            "g": 0.597202,
            "b": 0.6514058,
            "a": 1
        },
        "ambientGroundColor": {
            "r": 0.8631574,
            "g": 0.3515327,
            "b": 0.043735042,
            "a": 1
        },
        "fogColor": {
            "r": 0.1882353,
            "g": 0.7098039,
            "b": 1,
            "a": 1
        },
        "directionalLightColor": {
            "r": 1,
            "g": 1,
            "b": 1,
            "a": 1
        },
        "directionalLightIntensity": 0.75
    },
    "30-39": {
        "previewImage": "World_31-40",
        "backgroundColor": "linear-gradient(180deg, rgba(20,188,255,1) 66%, rgba(255,255,255,1) 100%)",
        "ambientLightIntensity": 1,
        "ambientSkyColor": {
            "r": 0.913099,
            "g": 0.89626956,
            "b": 0.90466136,
            "a": 0
        },
        "ambientEquatorColor": {
            "r": 0.5149178,
            "g": 0.597202,
            "b": 0.6514058,
            "a": 0
        },
        "ambientGroundColor": {
            "r": 0.046665095,
            "g": 0.042311423,
            "b": 0.035601325,
            "a": 0
        },
        "fogColor": {
            "r": 0.6,
            "g": 0.9490197,
            "b": 1,
            "a": 1
        },
        "directionalLightColor": {
            "r": 1,
            "g": 1,
            "b": 1,
            "a": 1
        },
        "directionalLightIntensity": 1
    },
    "40-49": {
        "previewImage": "World_41-50",
        "backgroundColor": "linear-gradient(0deg, rgba(255,138,59,1) 0%, rgba(128,42,94,1) 100%)",
        "ambientLightIntensity": 0.75,
        "ambientSkyColor": {
            "r": 0.90466136,
            "g": 0.90466136,
            "b": 0.90466136,
            "a": 1
        },
        "ambientEquatorColor": {
            "r": 0.52711535,
            "g": 0.590619,
            "b": 0.65837497,
            "a": 1
        },
        "ambientGroundColor": {
            "r": 0.046665095,
            "g": 0.042311423,
            "b": 0.033104774,
            "a": 1
        },
        "fogColor": {
            "r": 0.3607843,
            "g": 0.2901961,
            "b": 0.3215686,
            "a": 1
        },
        "directionalLightColor": {
            "r": 1,
            "g": 1,
            "b": 1,
            "a": 1
        },
        "directionalLightIntensity": 0.75
    },
    "50-59": {
        "previewImage": "World_51-60",
        "backgroundColor": "linear-gradient(180deg, rgba(255,90,196,1) 15%, rgba(255,233,174,1) 100%)",
        "ambientLightIntensity": 0.8,
        "ambientSkyColor": {
            "r": 0.83879924,
            "g": 0.5840786,
            "b": 0.78353804,
            "a": 1
        },
        "ambientEquatorColor": {
            "r": 0.6444799,
            "g": 0.6444799,
            "b": 0.6444799,
            "a": 1
        },
        "ambientGroundColor": {
            "r": 0.046665095,
            "g": 0.042311423,
            "b": 0.035601325,
            "a": 1
        },
        "fogColor": {
            "r": 0.9725491,
            "g": 0.9725491,
            "b": 0.9725491,
            "a": 1
        },
        "directionalLightColor": {
            "r": 1,
            "g": 1,
            "b": 1,
            "a": 1
        },
        "directionalLightIntensity": 0.8,
        "mixFogToGround": true,
        "groundColorIntensity": 1.65
    },
    "60-69": {
        "previewImage": "World_61-70",
        "backgroundColor": "linear-gradient(0deg, rgba(114,121,155,1) 66%, rgba(80,78,111,1) 100%)",
        "ambientLightIntensity": 0.8,
        "ambientSkyColor": {
            "r": 0.79129815,
            "g": 0.822786,
            "b": 0.9734455,
            "a": 1
        },
        "ambientEquatorColor": {
            "r": 0.6444799,
            "g": 0.6444799,
            "b": 0.6444799,
            "a": 1
        },
        "ambientGroundColor": {
            "r": 0.046665095,
            "g": 0.042311423,
            "b": 0.035601325,
            "a": 1
        },
        "fogColor": {
            "r": 0.3647059,
            "g": 0.4666667,
            "b": 0.9529412,
            "a": 1
        },
        "directionalLightColor": {
            "r": 1,
            "g": 1,
            "b": 1,
            "a": 1
        },
        "directionalLightIntensity": 0.8,
        "mixFogToGround": false,
        "groundColorIntensity": 1.4
    },
    "70-79": {
        "previewImage": "World_71-80",
        "backgroundColor": "linear-gradient(180deg, rgba(20,188,255,1) 66%, rgba(255,255,255,1) 100%)",
        "ambientLightIntensity": 1,
        "ambientSkyColor": {
            "r": 0.2,
            "g": 0.46666667,
            "b": 1,
            "a": 1
        },
        "ambientEquatorColor": {
            "r": 0.5137255,
            "g": 0.59607846,
            "b": 0.6509804,
            "a": 1
        },
        "ambientGroundColor": {
            "r": 0.047058824,
            "g": 0.043137256,
            "b": 0.03529412,
            "a": 1
        },
        "fogColor": {
            "r": 0.1882353,
            "g": 0.7098039,
            "b": 1,
            "a": 1
        },
        "directionalLightColor": {
            "r": 1,
            "g": 1,
            "b": 1,
            "a": 1
        },
        "directionalLightIntensity": 1,
        "groundColorIntensity": 1
    },
    "80-89": {
        "previewImage": "World_81-90",
        "backgroundColor": "linear-gradient(180deg, rgba(158,255,253,1) 72%, rgba(255,172,131,1) 100%)",
        "ambientLightIntensity": 1,
        "ambientSkyColor": {
            "r": 0.8307701,
            "g": 0.72305536,
            "b": 0.68668544,