{"model":{"version":3,"nodes":[{"name":"RootNode","position":[0,0,0],"rotation":[0,0,0],"scale":[0.01,0.01,0.01],"scaleCompensation":false},{"name":"surfboard_m_root","position":[0,0,0],"rotation":[0,0,0],"scale":[1,1,1],"scaleCompensation":false},{"name":"default","position":[0,0,0],"rotation":[0,0,0],"scale":[1,1,1],"scaleCompensation":false}],"parents":[-1,0,1],"skins":[],"morphs":[],"vertices":[{"position":{"type":"float32","components":3,"data":[0.031709,-0.134523,-0.99695,0.003959,-0.140309,-1.01341,0.003959,-0.094776,-0.978043,0.031709,-0.09574,-0.964637,0.031709,-0.16091,-0.979919,0.031709,-0.173228,-0.873786,0.003959,-0.183608,-0.869377,0.003959,-0.171289,-0.993411,0.031709,-0.09574,-0.964637,0.031709,-0.09574,-0.767706,0.031709,-0.173228,-0.873786,0.031709,-0.16091,-0.979919,0.031709,-0.134523,-0.99695,-0.02379,-0.09574,-0.767706,0.003959,-0.183608,-0.869377,0.003959,-0.094776,-0.746834,-0.02379,-0.173228,-0.873786,-0.02379,-0.030571,-0.704657,0.003959,-0.094776,-0.746834,0.003959,-0.018262,-0.67281,-0.02379,-0.09574,-0.767706,0.031709,-0.03057,-0.966721,0.031709,-0.030571,-0.704657,0.003959,-0.094776,-0.978043,0.031709,-0.03057,-0.966721,0.031709,-0.09574,-0.964637,0.003959,-0.018262,-0.98049,-0.02379,-0.03057,-0.966721,-0.02379,-0.09574,-0.767706,-0.02379,-0.030571,-0.704657,-0.02379,-0.09574,-0.964637,0.031709,-0.16091,-0.979919,0.003959,-0.171289,-0.993411,0.003959,-0.140309,-1.01341,0.031709,-0.134523,-0.99695,-0.02379,-0.134523,-0.99695,-0.02379,-0.16091,-0.979919,-0.02379,-0.173228,-0.873786,-0.02379,-0.16091,-0.979919,0.003959,-0.140309,-1.01341,0.003959,-0.171289,-0.993411,-0.02379,-0.134523,-0.99695,-0.02379,-0.09574,-0.964637,-0.02379,-0.03057,-0.966721,0.003959,-0.094776,-0.978043,0.003959,-0.018262,-0.98049,0.003959,-0.018262,-0.67281,0.003959,-0.094776,-0.746834,0.031709,-0.030571,-0.704657,0.031709,-0.09574,-0.767706,0.003959,-0.094776,-0.746834,0.003959,-0.183608,-0.869377,0.031709,-0.09574,-0.767706,0.031709,-0.173228,-0.873786,0.003959,-0.183608,-0.869377,-0.02379,-0.16091,-0.979919,0.003959,-0.171289,-0.993411,-0.02379,-0.173228,-0.873786,-0.02379,-0.134523,-0.99695,0.003959,-0.094776,-0.978043,0.003959,-0.140309,-1.01341,-0.02379,-0.09574,-0.964637,-0.000128,0.041404,-1.01577,0.18874,0.041404,-1.01577,0.120787,0.041404,-1.07309,-0.000128,0.041404,-1.07309,-0.000128,0.107039,1.23618,-0.000128,0.110938,1.26246,0.038527,0.107039,1.23618,-0.300685,0.041404,-0.135132,-0.000128,0.041404,-0.135132,-0.261659,0.041404,-0.591202,-0.000128,0.041404,-0.591202,0.155162,0.074761,1.01862,-0.000128,0.048868,0.647569,-0.000128,0.074761,1.01862,0.262335,0.048433,0.647612,-0.262591,0.048433,0.647612,-0.000128,0.041403,0.256963,-0.288229,0.041403,0.256963,0.287973,0.041403,0.256963,0.300429,0.041404,-0.135132,-0.155418,0.074761,1.01862,0.261403,0.041404,-0.591202,-0.038783,0.107039,1.23618,-0.121043,0.041404,-1.07309,-0.188996,0.041404,-1.01577,-0.000128,-0.03487,-1.07309,0.120787,-0.03487,-1.07309,-0.000128,-0.03487,-1.01577,0.18874,-0.03487,-1.01577,-0.000128,0.031591,1.24737,0.038527,0.031591,1.24737,-0.000128,0.035489,1.27365,-0.300685,-0.034871,-0.135132,-0.261659,-0.03487,-0.591202,-0.000128,-0.034871,-0.135132,-0.000128,-0.03487,-0.591202,-0.000128,-0.000688,1.02982,-0.000128,-0.027663,0.650518,0.155162,-0.000688,1.02982,0.262335,-0.028109,0.650386,-0.262591,-0.028109,0.650386,-0.000128,-0.034871,0.256963,-0.288229,-0.034871,0.256963,0.287973,-0.034871,0.256963,0.300429,-0.034871,-0.135132,-0.155418,-0.000688,1.02982,0.261403,-0.03487,-0.591202,-0.038783,0.031591,1.24737,-0.121043,-0.03487,-1.07309,-0.188996,-0.03487,-1.01577,-0.039828,0.071958,1.2596,-0.000128,0.035489,1.27365,-0.000128,0.075963,1.28659,-0.038783,0.031591,1.24737,-0.261659,-0.03487,-0.591202,-0.300685,-0.034871,-0.135132,-0.308815,0.003267,-0.140468,-0.268733,0.003267,-0.608875,-0.159618,0.04085,1.04992,-0.155418,-0.000688,1.02982,-0.288229,-0.034871,0.256963,-0.296022,0.003266,0.262232,-0.121043,-0.03487,-1.07309,-0.000128,0.003267,-1.09242,-0.000128,-0.03487,-1.07309,-0.124314,0.003267,-1.08149,0.038527,0.031591,1.24737,0.159363,0.04085,1.04992,0.039573,0.071958,1.2596,0.155162,-0.000688,1.02982,0.295766,0.003266,0.262232,0.300429,-0.034871,-0.135132,0.308559,0.003267,-0.140468,0.287973,-0.034871,0.256963,-0.188996,-0.03487,-1.01577,-0.194105,0.003267,-1.03356,-0.269691,0.011497,0.667746,-0.262591,-0.028109,0.650386,0.268477,0.003267,-0.608875,0.18874,-0.03487,-1.01577,0.193849,0.003267,-1.03356,0.261403,-0.03487,-0.591202,0.120787,-0.03487,-1.07309,0.124058,0.003267,-1.08149,0.269435,0.011497,0.667746,0.262335,-0.028109,0.650386,-0.000128,0.075963,1.28659,-0.000128,0.035489,1.27365,-0.296022,0.003266,0.262232,-0.269691,0.011497,0.667746,-0.262591,0.048433,0.647612,-0.288229,0.041403,0.256963,-0.000128,0.110938,1.26246,-0.000128,0.075963,1.28659,0.038527,0.107039,1.23618,0.039573,0.071958,1.2596,0.308559,0.003267,-0.140468,0.261403,0.041404,-0.591202,0.300429,0.041404,-0.135132,0.268477,0.003267,-0.608875,0.124058,0.003267,-1.08149,0.18874,0.041404,-1.01577,0.193849,0.003267,-1.03356,0.120787,0.041404,-1.07309,0.262335,0.048433,0.647612,0.295766,0.003266,0.262232,0.287973,0.041403,0.256963,0.269435,0.011497,0.667746,0.155162,0.074761,1.01862,0.159363,0.04085,1.04992,-0.000128,0.003267,-1.09242,-0.000128,0.041404,-1.07309,-0.159618,0.04085,1.04992,-0.155418,0.074761,1.01862,-0.124314,0.003267,-1.08149,-0.194105,0.003267,-1.03356,-0.188996,0.041404,-1.01577,-0.121043,0.041404,-1.07309,-0.268733,0.003267,-0.608875,-0.261659,0.041404,-0.591202,-0.300685,0.041404,-0.135132,-0.308815,0.003267,-0.140468,-0.039828,0.071958,1.2596,-0.038783,0.107039,1.23618,-0.000128,0.075963,1.28659,-0.000128,0.110938,1.26246]},"normal":{"type":"float32","components":3,