{"model":{"version":3,"nodes":[{"name":"RootNode","position":[0,0,0],"rotation":[0,0,0],"scale":[0.01,0.01,0.01],"scaleCompensation":false},{"name":"beach_kelp01_m_root","position":[0,0,0],"rotation":[0,0,0],"scale":[1,1,1],"scaleCompensation":false},{"name":"default","position":[0,0,0],"rotation":[0,0,0],"scale":[1,1,1],"scaleCompensation":false}],"parents":[-1,0,1],"skins":[],"morphs":[],"vertices":[{"position":{"type":"float32","components":3,"data":[0.017296,0.439634,-0.006443,0.007745,0.362659,0.002344,0.016059,0.360157,-0.010935,-0.006844,0.280759,-0.002962,0.022465,0.28076,5.3e-05,0.015498,0.21042,0.017711,0.005958,0.205659,-0.017741,0.029476,0.148565,0.007966,-0.008376,0.147213,-0.009234,0.001517,0.087414,0.009477,0.024125,0.084143,-0.012224,0.012208,-0.00061,0.000444,-0.012208,0.00061,-0.000444,0.089495,0.635089,0.004197,0.088691,0.571666,0.012167,0.080867,0.570782,0.005603,0.094471,0.635842,0.006115,0.068202,0.441951,0.001109,0.071159,0.505497,0.020674,0.052532,0.439667,0.011138,0.071298,0.505729,0.006168,0.070822,0.326601,-0.017353,0.066882,0.378119,0.012022,0.065679,0.319987,0.005246,0.069081,0.383083,-0.009078,0.073955,0.225697,-0.029837,0.064759,0.270203,-0.002443,0.064117,0.222451,-0.007493,0.084066,0.275785,-0.017246,0.035476,0.119354,-0.024766,0.056541,0.173169,-0.008509,0.048826,0.11993,-0.009352,0.04557,0.174158,-0.028645,0.039184,0.05308,-0.001702,0.032981,0.000238,0.005327,0.025974,-0.000242,-0.004624,0.028301,0.052245,-0.014866,0.095294,0.667415,0.002313,-0.002751,0.635089,-0.081237,0.004554,0.571666,-0.084526,0.002781,0.570782,-0.074468,-0.003578,0.635842,-0.086506,0.005222,0.441951,-0.061253,0.020687,0.505497,-0.073597,0.021742,0.439667,-0.052697,0.008055,0.505729,-0.066464,0.015332,0.378119,-0.065566,-0.012076,0.326601,-0.054291,-0.004039,0.383083,-0.056921,0.010066,0.319987,-0.061137,-0.024455,0.225697,-0.050763,0.003868,0.270203,-0.056495,-0.000186,0.222451,-0.053414,-0.018606,0.275785,-0.065814,-0.010518,0.173836,-0.026776,0.005851,0.11993,-0.039242,-0.000938,0.119325,-0.019974,0.002722,0.173169,-0.046345,0.011337,0.052245,-0.01871,0.026485,0.000238,-0.032859,0.02137,-0.000242,-0.021816,0.017296,0.05308,-0.034717,-0.007282,0.667415,-0.085317,-0.061938,0.294063,0.010576,-0.064116,0.24213,0.013161,-0.07501,0.242133,0.012788,-0.066179,0.184827,0.023353,-0.074583,0.183791,0.005426,-0.068025,0.135538,0.003563,-0.084615,0.129731,0.020888,-0.059317,0.095815,0.024446,-0.059713,0.096231,-0.00126,-0.036811,0.05916,0.014379,-0.056299,0.053905,0.00856,-0.029008,0.001806,0.025611,-0.036417,-0.000176,0.011218]},"normal":{"type":"float32","components":3,"data":[0.8431,-0.0434,0.536,0.6055,-0.0136,0.7957,0.5647,-0.0091,0.8252,-0.2603,0.0034,0.9655,-0.2573,0.0035,0.9663,-0.7222,-0.0096,0.6916,-0.7253,-0.0089,0.6883,-0.3925,-0.0076,0.9197,-0.3803,-0.0077,0.9248,0.2368,-0.0272,0.9712,0.2498,-0.0286,0.9679,0.4007,-0.0452,0.9151,0.4007,-0.0452,0.9151,0.4845,-0.1152,-0.8671,0.759,-0.1646,-0.6299,0.7991,-0.176,-0.5748,0.459,-0.1166,-0.8807,0.8528,-0.0705,0.5174,0.968,-0.2267,0.107,0.8542,-0.0549,0.517,0.9678,-0.2267,0.1089,0.938,0.0174,0.3463,0.9465,0.0221,0.322,0.9208,0.0255,0.3891,0.9366,0.0288,0.3492,0.9103,-0.2705,0.3133,0.815,-0.0792,0.5739,0.9247,-0.2844,0.2531,0.8181,-0.0562,0.5723,0.7851,-0.1643,-0.5971,0.9145,-0.2551,-0.314,0.7875,-0.1632,-0.5942,0.9091,-0.2472,-0.3353,0.7697,-0.1698,-0.6153,0.7848,-0.1617,-0.5982,0.7848,-0.1617,-0.5982,0.7697,-0.1698,-0.6153,0.3729,-0.1205,-0.92,-0.9932,-0.1152,0.0139,-0.925,-0.1646,-0.3423,-0.8974,-0.176,-0.4046,-0.9922,-0.1166,0.0429,0.0217,-0.0705,-0.9973,-0.3914,-0.2267,-0.8918,0.0206,-0.0549,-0.9983,-0.3896,-0.2267,-0.8926,-0.1944,0.0221,-0.9807,-0.1691,0.0174,-0.9854,-0.1659,0.0288,-0.9857,-0.1234,0.0255,-0.992,-0.1793,-0.2673,-0.9468,0.0895,-0.0792,-0.9928,-0.2343,-0.2798,-0.931,0.0866,-0.0562,-0.9946,-0.728,-0.2499,-0.6383,-0.9005,-0.1699,-0.4001,-0.9023,-0.1705,-0.3959,-0.7113,-0.2575,-0.654,-0.9171,-0.1701,-0.3603,-0.9105,-0.1617,-0.3806,-0.9105,-0.1617,-0.3806,-0.9171,-0.1702,-0.3603,-0.9832,-0.1205,0.1371,0.0342,-0.0511,-0.9981,0.3789,-0.0423,-0.9245,0.4155,-0.041,-0.9086,0.9436,-0.0822,-0.3206,0.9612,-0.0881,-0.2613,0.9458,0.1259,0.2994,0.9363,0.1625,0.3112,0.9273,0.3661,-0.0771,0.9276,0.3671,-0.0691,0.7037,0.153,-0.6938,0.7083,0.1578,-0.688,0.592,0.0468,-0.8046,0.592,0.0468,-0.8046]},"texCoord0":{"type":"float32","components":2,"data":[0.442771,0.963287,0.44313,0.966602,0.442455,0.966602,0.44313,0.970148,0.442455,0.970148,0.442455,0.973405,0.44313,0.973405,0.442455,0.97611,0.44313,0.97611,0.44313,0.978949,0.442455,0.978949,0.442455,0.982737,0.44313,0.982737,0.437437,0.954605,0.438976,0.957358,0.437437,0.957358,0.438976,0.954605,0.437437,0.963046,0.438976,0.960219,0.438976,0.963046,0.437437,0.960219,0.437437,0.968114,0.438976,0.965658,0.438976,0.968114,0.437437,0.965658,0.437437,0.972436,0.438976,0.970299,0.438976,0.972436,0.437437,0.970299,0.437437,0.977074,0.438976,0.974745,0.438976,0.977074,0.437437,0.974745,0.438976,0.979966,0.438976,0.982243,0.437437,0.982243,0.437437,0.979966,0.43806,0.951176,0.437437,0.954605,0.438976,0.957358,0.437437,0.957358,0.438976,0.954605,0.437437,0.963046,0.438976,0.960219,0.438976,0.963046,0.437437,0.960219,0.438976,0.965658,0.437437,0.968114,0.437437,0.965658,0.438976,0.968114,0.437437,0.972436,0.438976,0.970299,0.438976,0.972436,0.437437,0.970299,0.437437,0.974745,0.438976,0.977071,0.437437,0.977071,0.438976,0.974745,0.437437,0.979964,0.438976,0.98224,0.437437,0.98224,0.438976,0.979964,0.43806,0.951176,0.443001,0.963287,0.443298,0.965227,0.442455,0.965227,0.443298,0.967936,0.442455,0.967936,0.442455,0.970409,0.443298,0.970409,0.443298,0.972328,0.442455,0.972328,0.443298,0.974359,0.442455,0.974359,0.443298,0.977058,0.442455,0.977058]}}],"meshes":[{"aabb":{"min":[-0.084615,-0.00061,-0.086506],"max":[0.095294,0.667415,0.025611]},"vertices":0,"indices":[0,1,2,2,3,4,3,2,1,5,4,3,3,6,5,7,5,6,7,6,8,7,9,10,9,7,8,11,10,9,9,12,11,13,14,15,14,13,16,17,18,19,18,17,20,21,22,23,22,21,24,25,26,27,26,25,28,29,30,31,30,29,32,33,34,35,33,35,36,31,33,36,31,36,29,32,27,30,27,32,25,28,23,26,23,28,21,19,22,24,19,24,17,14,18,20,14,20,15,37,16,13,38,39,40,39,38,41,42,43,44,43,42,45,46,47,48,47,46,49,50,51,52,51,50,53,54,55,56,55,54,57,58,59,60,59,58,61,56,61,58,61,56,55,54,52,57,52,54,50,49,53,47,53,49,51,44,48,42,48,44,46,40,43,45,43,40,39,62,41,38,63,64,65,66,65,64,65,66,67,68,66,69,66,68,67,70,71,69,69,71,68,72,71,70,71,72,73,74,73,72,73,74,75],"type":"triangles","base":0,"count":204}],"meshInstances":[{"node":2,"mesh":0}]}}