{"model":{"version":3,"nodes":[{"name":"RootNode","position":[0,0,0],"rotation":[0,0,0],"scale":[0.0254,0.0254,0.0254],"scaleCompensation":false},{"name":"completed-10","position":[0,0,0],"rotation":[-90,-0,0],"scale":[1,1,1],"scaleCompensation":false}],"parents":[-1,0],"skins":[],"morphs":[],"vertices":[{"position":{"type":"float32","components":3,"data":[9.68686,-4.27363e-05,3.62607,-27.1014,-4.30207e-05,40.4006,-27.1014,-4.28101e-05,3.62523,9.68685,-4.28771e-05,40.4006,9.68686,-4.27363e-05,3.62607,35.3643,-4.24416e-05,3.62776,9.68685,-4.28771e-05,40.4006,35.3643,-4.24427e-05,40.4006]},"normal":{"type":"float32","components":3,"data":[7.21679e-09,-1,-4.3017e-09,2.95566e-09,-1,-4.77664e-09,2.007e-09,-1,-5.72565e-09,9.35514e-09,-1,-2.66532e-09,7.21679e-09,-1,-4.3017e-09,1.3588e-08,-1,-2.35365e-09,9.35514e-09,-1,-2.66532e-09,1.69159e-08,-1,-2.98778e-11]},"texCoord0":{"type":"float32","components":2,"data":[0.259989,0.734922,-0.0164711,0.998859,-0.0164711,0.734922,0.259989,0.998859,0.44706,0.20459,0.44706,0.00065548,0.698577,0.20459,0.698577,0.00065548]}}],"meshes":[{"aabb":{"min":[-27.1014,-4.30207e-05,3.62523],"max":[35.3643,-4.24416e-05,40.4006]},"vertices":0,"indices":[0,1,2,1,0,3,4,5,6,7,6,5],"type":"triangles","base":0,"count":12}],"meshInstances":[{"node":1,"mesh":0}]}}