{"model":{"version":3,"nodes":[{"name":"RootNode","position":[0,0,0],"rotation":[0,0,0],"scale":[0.01,0.01,0.01],"scaleCompensation":false},{"name":"beach_shell03_m_root","position":[0,0,0],"rotation":[0,0,0],"scale":[1,1,1],"scaleCompensation":false},{"name":"default","position":[0,0,0],"rotation":[0,0,0],"scale":[1,1,1],"scaleCompensation":false}],"parents":[-1,0,1],"skins":[],"morphs":[],"vertices":[{"position":{"type":"float32","components":3,"data":[0.002999,0.009988,-0.232599,0.006942,-0.008909,-0.171142,-0.005704,-0.010744,-0.183433,0.002999,0.009988,-0.232599,-0.014202,-0.002593,-0.195725,-0.013022,0.008047,-0.208016,-0.004856,0.013051,-0.220308,0.002999,0.009988,-0.232599,-0.013022,0.008047,-0.208016,-0.014202,-0.002593,-0.195725,0.002999,0.009988,-0.232599,-0.005704,-0.010744,-0.183433,0.007725,-0.007658,0.123838,0.033398,0.003011,0.099271,0.019469,-0.024619,0.090529,0.058702,0.000805,0.117321,-0.014118,-0.047606,0.147161,-0.038369,-0.014231,0.151987,-0.059722,-0.024514,0.11511,0.019469,-0.024619,0.090529,-0.012256,-0.001656,0.11511,-0.004871,-0.010102,0.123573,-0.012027,0.007568,0.102819,0.00335,-0.004406,0.053653,-0.004845,0.013002,0.090527,0.003667,0.010826,0.078236,-0.004845,0.013002,0.090527,0.00335,-0.004406,0.053653,0.013821,0.003011,-0.15885,0.01984,0.003011,-0.192177,0.012709,0.022163,-0.179885,0.008511,0.0169,-0.143009,-0.037574,0.019871,0.139695,-0.038369,-0.014231,0.151987,-0.011015,0.040034,0.127404,0.020562,0.032011,0.115112,0.00335,-0.004406,0.053653,0.033398,0.003011,0.099271,0.019469,-0.024619,0.090529,0.006942,-0.008909,-0.171142,0.002999,0.009988,-0.232599,0.01984,0.003011,-0.192177,0.007725,-0.007658,0.123838,0.019469,-0.024619,0.090529,0.007597,-0.010748,0.145774,-0.009459,-0.027196,0.152264,-0.037574,0.019871,0.139695,-0.058367,0.029884,0.102819,-0.011015,0.040034,0.127404,-0.016012,0.061927,0.090527,0.020562,0.032011,0.115112,0.034178,0.049086,0.078236,0.033398,0.003011,0.099271,0.054864,0.003011,0.065945,0.019469,-0.024619,0.090529,0.054864,0.003011,0.065945,0.033398,0.003011,0.099271,0.032304,-0.040713,0.053653,-0.010234,-0.030589,0.078238,-0.014675,-0.050045,0.041362,-0.032598,-0.011452,0.062397,-0.050233,-0.019944,0.02907,-0.031808,0.017094,0.050105,-0.048868,0.02531,0.016779,-0.009648,0.034047,0.041364,-0.013662,0.051633,0.004487,0.016733,0.02721,0.029072,0.027571,0.040801,-0.007804,0.027246,0.003011,0.013231,0.044229,0.003011,-0.020096,0.015629,-0.019803,0.004489,0.044229,0.003011,-0.020096,0.027246,0.003011,0.013231,0.025644,-0.032361,-0.032387,-0.008859,-0.024566,-0.007802,-0.012281,-0.03956,-0.044679,-0.027237,-0.00887,-0.020094,-0.040479,-0.015247,-0.05697,-0.026425,0.014502,-0.032385,-0.039041,0.020577,-0.069262,-0.008254,0.027938,-0.044677,-0.011209,0.040883,-0.081553,0.012797,0.022275,-0.056968,0.020624,0.032089,-0.093845,0.021145,0.003011,-0.06926,0.032959,0.003011,-0.106136,0.01163,-0.014788,-0.081551,0.032959,0.003011,-0.106136,0.021145,0.003011,-0.06926,0.018504,-0.023408,-0.118428,-0.007352,-0.017964,-0.097393,-0.009692,-0.028216,-0.130719,-0.021074,-0.005902,-0.109684,-0.029821,-0.010115,-0.143011,-0.020167,0.011488,-0.121976,-0.028136,0.015326,-0.155302,-0.006748,0.02134,-0.130717,-0.00845,0.028796,-0.167594,0.01984,0.003011,-0.192177,0.013821,0.003011,-0.15885,0.019469,-0.024619,0.090529,0.058702,0.000805,0.117321,0.03264,-0.043187,0.1082,0.038874,-0.048951,0.139693,-0.017016,-0.060305,0.127402,-0.032598,-0.011452,0.062397,-0.010234,-0.030589,0.078238,-0.031808,0.017094,0.050105,-0.009648,0.034047,0.041364,0.016733,0.02721,0.029072,0.027246,0.003011,0.013231,0.027246,0.003011,0.013231,0.015629,-0.019803,0.004489,-0.008859,-0.024566,-0.007802,-0.027237,-0.00887,-0.020094,-0.026425,0.014502,-0.032385,-0.008254,0.027938,-0.044677,0.012797,0.022275,-0.056968,0.021145,0.003011,-0.06926,0.021145,0.003011,-0.06926,0.01163,-0.014788,-0.081551,-0.007352,-0.017964,-0.097393,-0.021074,-0.005902,-0.109684,-0.020167,0.011488,-0.121976,-0.006748,0.02134,-0.130717,0.008511,0.0169,-0.143009,0.013821,0.003011,-0.15885,0.013821,0.003011,-0.15885,0.006942,-0.008909,-0.171142,-0.005704,-0.010744,-0.183433,-0.014202,-0.002593,-0.195725,-0.013022,0.008047,-0.208016,-0.004856,0.013051,-0.220308,0.002999,0.009988,-0.232599,0.019731,-0.018312,0.169291,0.029585,-0.037303,0.161731,0.065417,0.003011,0.151985,0.048791,0.003011,0.175979,-0.014118,-0.047606,0.147161,-0.009459,-0.027196,0.152264,0.029585,-0.037303,0.161731,0.048791,0.003011,0.175979,0.019731,-0.018312,0.169291,0.033398,0.003011,0.099271,0.048791,0.003011,0.175979,0.065417,0.003011,0.151985,0.058702,0.000805,0.117321]},"normal":{"type":"float32","components":3,"data":[0.4093,-0.8644,-0.292,0.4093,-0.8644,-0.292,0.4093,-0.8644,-0.292,-0.7072,-0.4996,-0.5003,-0.7072,-0.4996,-0.5003,-0.7072,-0.4996,-0.5003,-0.8385,0.0323,-0.5439,-0.8385,0.0323,-0.5439,-0.8385,0.0323,-0.5439,-0.244,-0.8774,-0.4131,-0.244,-0.8774,-0.4131,-0.244,-0.8774,-0.4131,-0.4791,0.8691,-0.1232,-0.4791,0.8691,-0.1232,-0.4791,0.8691,-0.1232,-0.4791,0.8691,-0.1232,-0.298,-0.6423,0.7062,-0.7312,-0.2271,0.6432,-0.9073,-0.4199,0.0215,0.7937,0.5777,0.1904,0.692,0.5546,0.4621,0.1903,0.9412,0.2793,0.8699,0.1499,0.4699,0.8328,0.5382,0.1294,0.8328,0.5382,0.1294,-0.046,-0.8171,0.5746,0.3303,-0.7633,0.5552,0.4719,-0.7522,0.46,0.9863,-0.003,0.1652,0.9238,-0.3086,-0.2266,0.6637,0.7461,-0.053,0.5934,0.7844,0.1806,0.8118,0.0143,0.5838,0.5779,0.5911,0.5627,0.5228,-0.6291,0.5752,-0.1333,-0.8143,0.5649,-0.7721,-0.2399,0.5885,-0.7177,-0.3772,0.5853,-0.8257,0.2574,0.502,0.7016,-0.712,0.0267,0.3414,-0.892,-0.2962,0.9238,-0.3086,-0.2266,-0.1897,0.9743,-0.1218,-0.156,0.8569,-0.4913,-0.4085,0.8785,0.2479,-0.1529,0.8418,0.5178,-0.725,0.4476,0.5235,-0.8901,0.4555,0.0171,-0.1049,0.8519,0.5131,-0.1982,0.9801,0.011,0.5978,0.6164,0.5125,0.6418,0.7667,0.0158,0.8558,-0.102,0.5071,0.9997,-0.0192,0.0181,0.4741,-0.7282,0.4949,0.9997,-0.0192,0.0181,0.8558,-0.102,0.5071,0.6053,-0.7959,0.0124,-0.2692,-0.8358,0.4785,-0.2499,-0.9682,0.0081,-0.8257,-0.2922,0.4826,-0.9128,-0.4082,0.0153,-0.7464,0.4662,0.4749,-0.8929,0.4502,0.0123,-0.1255,0.8858,0.4468,-0.2041,0.9789,0.0015,0.6126,0.6642,0.4284,0.647,0.7625,0.0004,0.9025,-0.0902,0.4212,0.9997,-0.0224,0.0004,0.5163,-0.7537,0.4067,0.9997,-0.0224,0.0004,0.9025,-0.0902,0.4212,0.6099,-0.7925,-0.0029,-0.265,-0.8869,0.3785,-0.2424,-0.9701,-0.006,-0.8624,-0.3519,0.3638,-0.9124,-0.4094,-0.006,-0.82,0.4538,0.3487,-0.8871,0.4614,-0.0111,-0.162,0.929,0.3328,-0.191,0.9814,-0.0182,0.6251,0.7136,0.3164,0.6413,0.7669,-0.0224,0.9534,-0.0385,0.2994,0.9995,-0.0235,-0.0226,0.581,-0.7615,0.2872,0.9995,-0.0235,-0.0226,0.9534,-0.0385,0.2994,0.5912,-0.8063,-0.0195,-0.2579,-0.9243,0.2813,-0.2622,-0.9649,-0.0168,-0.8825,-0.3826,0.2736,-0.9173,-0.3976,-0.0191,-0.8519,0.4628,0.2449,-0.8863,0.462,-0.0306,-0.2119,0.9544,0.2102,-0.1909,0.9806,-0.0441,0.9238,-0.3086,-0.2266,0.9863,-0.003,0.1652,0.5214,-0.3314,-0.7863,0.8327,-0.3819,-0.401,0.551,-0.6655,-0.5034,0.5832,-0.799,0.1467,-0.2711,-0.9619,0.0357,-0.7758,-0.3904,-0.4957,-0.1969,-0.8069,-0.5569,-0.7939,0.3579,-0.4915,-0.2261,0.8412,-0.4913,0.5293,0.7001,-0.4793,0.8816,0.0055,-0.472,0.8816,0.0055,-0.472,0.5718,-0.675,-0.4663,-0.183,-0.8673,-0.4629,-0.7978,-0.3967,-0.4541,-0.81,0.3817,-0.4452,-0.2036,0.8765,-0.4362,0.5644,0.7065,-0.4269,0.9086,-0.0053,-0.4176,0.9086,-0.0053,-0.4176,0.5627,-0.7237,-0.3995,-0.2447,-0.8909,-0.3827,-0.8507,-0.3728,-0.3706,-0.8207,0.436,-0.3691,-0.1887,0.9114,-0.3657,0.6165,0.7051,-0.3503,0.9392,-0.081,-0.3337,0.9392,-0.081,-0.3337,0.5304,-0.7843,-0.3219,-0.2933,-0.9038,-0.3117,-0.8973,-0.3223,-0.3017,-0.8071,0.5137,-0.2912,-0.0875,0.9559,-0.2803,0.4137,0.8632,-0.2893,-0.4282,0.8758,0.2227,0.2166,-0.6044,0.7666,0.833,-0.5087,0.2177,0.5734,-0.4889,0.6574,-0.298,-0.6423,0.7062,-0.2154,-0.28,0.9355,0.2166,-0.6044,0.7666,0.5734,-0.4889,0.6574,-0.1206,-0.3451,0.9308,0.5784,-0.0337,-0.815,-0.3861,0.916,0.1093,-0.2874,0.9551,0.0716,-0.1999,0.9791,0.0386]},"texCoord0":{"type":"float32","components":2,