{"model":{"version":3,"nodes":[{"name":"RootNode","position":[0,0,0],"rotation":[0,0,0],"scale":[0.0254,0.0254,0.0254],"scaleCompensation":false},{"name":"Cylinder002","position":[0,0,-1508.97],"rotation":[2.50448e-06,-0,0],"scale":[1,1,1],"scaleCompensation":false}],"parents":[-1,0],"skins":[],"morphs":[],"vertices":[{"position":{"type":"float32","components":3,"data":[63.9095,13.5844,1500,65.3373,0,-1216.06,65.3373,0,1500,63.9096,13.5844,-1216.06,59.6886,26.5751,1500,59.6886,26.5751,-1216.06,52.859,38.4043,1500,52.859,38.4043,-1216.06,43.7192,48.5551,1500,43.7192,48.5551,-1216.06,43.7192,48.5551,1500,32.6687,56.5837,-1216.06,43.7192,48.5551,-1216.06,32.6686,56.5837,1500,20.1904,62.1394,-1216.06,20.1903,62.1394,1500,6.82966,64.9794,-1216.06,6.8296,64.9794,1500,-6.82956,64.9794,-1216.06,-6.82961,64.9794,1500,-20.1903,62.1394,-1216.06,-20.1903,62.1394,1500,-32.6686,56.5837,-1216.06,-32.6686,56.5837,1500,-43.7191,48.5551,-1216.06,-43.7192,48.5551,1500,-52.859,38.4043,1500,-43.7191,48.5551,-1216.06,-43.7192,48.5551,1500,-52.8589,38.4043,-1216.06,-59.6886,26.5751,1500,-59.6885,26.5751,-1216.06,-63.9095,13.5844,1500,-63.9095,13.5844,-1216.06,-65.3373,-5.71197e-06,1500,-65.3372,-5.71197e-06,-1216.06,-63.9095,-13.5844,1500,-63.9095,-13.5844,-1216.06,-59.6886,-26.5751,1500,-59.6885,-26.5751,-1216.06,-52.859,-38.4043,1500,-52.8589,-38.4043,-1216.06,-43.7192,-48.5551,1500,-43.7191,-48.5551,-1216.06,-32.6686,-56.5837,1500,-43.7191,-48.5551,-1216.06,-43.7192,-48.5551,1500,-32.6686,-56.5837,-1216.06,-20.1903,-62.1394,1500,-20.1903,-62.1394,-1216.06,-6.82963,-64.9794,1500,-6.82958,-64.9794,-1216.06,6.82957,-64.9794,1500,6.82962,-64.9794,-1216.06,20.1903,-62.1395,1500,20.1903,-62.1395,-1216.06,32.6686,-56.5838,1500,32.6686,-56.5838,-1216.06,43.7191,-48.5551,1500,43.7192,-48.5551,-1216.06,52.8589,-38.4044,1500,43.7192,-48.5551,-1216.06,43.7191,-48.5551,1500,52.859,-38.4044,-1216.06,59.6885,-26.5752,1500,59.6886,-26.5752,-1216.06,63.9095,-13.5845,1500,63.9095,-13.5845,-1216.06]},"normal":{"type":"float32","components":3,"data":[-0.978148,-0.207912,-1.92306e-08,-1,4.96009e-07,-1.9657e-08,-1,4.96009e-07,-1.9657e-08,-0.978148,-0.207912,-1.92306e-08,-0.913545,-0.406737,-1.7977e-08,-0.913545,-0.406737,-1.7977e-08,-0.809017,-0.587785,-1.59221e-08,-0.809017,-0.587785,-1.59221e-08,-0.669131,-0.743145,-1.31306e-08,-0.669131,-0.743145,-1.31306e-08,-0.669131,-0.743145,-1.31306e-08,-0.5,-0.866025,-9.79625e-09,-0.669131,-0.743145,-1.31306e-08,-0.5,-0.866025,-9.79625e-09,-0.309017,-0.951057,-6.05481e-09,-0.309017,-0.951057,-6.05481e-09,-0.104528,-0.994522,-2.04842e-09,-0.104528,-0.994522,-2.04842e-09,0.104528,-0.994522,2.05489e-09,0.104528,-0.994522,2.05489e-09,0.309017,-0.951056,6.06127e-09,0.309017,-0.951056,6.06127e-09,0.5,-0.866025,9.79625e-09,0.5,-0.866025,9.79625e-09,0.669131,-0.743145,1.31306e-08,0.669131,-0.743145,1.31306e-08,0.809017,-0.587785,1.59221e-08,0.669131,-0.743145,1.31306e-08,0.669131,-0.743145,1.31306e-08,0.809017,-0.587785,1.59221e-08,0.913545,-0.406736,1.7977e-08,0.913545,-0.406736,1.7977e-08,0.978148,-0.207912,1.92306e-08,0.978148,-0.207912,1.92306e-08,1,0,1.96701e-08,1,0,1.96701e-08,0.978148,0.207912,1.92436e-08,0.978148,0.207912,1.92436e-08,0.913545,0.406737,1.79641e-08,0.913545,0.406737,1.79641e-08,0.809017,0.587785,1.59092e-08,0.809017,0.587785,1.59092e-08,0.66913,0.743145,1.31435e-08,0.66913,0.743145,1.31435e-08,0.5,0.866025,9.8221e-09,0.66913,0.743145,1.31435e-08,0.66913,0.743145,1.31435e-08,0.5,0.866025,9.8221e-09,0.309017,0.951056,6.08713e-09,0.309017,0.951056,6.08713e-09,0.104529,0.994522,2.0549e-09,0.104529,0.994522,2.0549e-09,-0.104528,0.994522,-2.04842e-09,-0.104528,0.994522,-2.04842e-09,-0.309016,0.951057,-6.08066e-09,-0.309016,0.951057,-6.08066e-09,-0.499999,0.866026,-9.82211e-09,-0.499999,0.866026,-9.82211e-09,-0.66913,0.743146,-1.31306e-08,-0.66913,0.743146,-1.31306e-08,-0.809016,0.587786,-1.59092e-08,-0.66913,0.743146,-1.31306e-08,-0.66913,0.743146,-1.31306e-08,-0.809016,0.587786,-1.59092e-08,-0.913545,0.406738,-1.79771e-08,-0.913545,0.406738,-1.79771e-08,-0.978147,0.207913,-1.92306e-08,-0.978147,0.207913,-1.92306e-08]},"texCoord0":{"type":"float32","components":2,"data":[0.395576,3.23052,0.5,-6.65782,0.5,3.23052,0.395576,-6.65782,0.295716,3.23052,0.295716,-6.65782,0.204784,3.23052,0.204784,-6.65782,0.126754,3.23052,0.126754,-6.65782,0.834231,3.23052,0.749751,-6.65782,0.834232,-6.65782,0.74975,3.23052,0.654355,-6.65782,0.654354,3.23052,0.552213,-6.65782,0.552212,3.23052,0.447788,-6.65782,0.447788,3.23052,0.345646,-6.65782,0.345646,3.23052,0.25025,-6.65782,0.25025,3.23052,0.165769,-6.65782,0.165769,3.23052,0.795216,3.23052,0.873246,-6.65782,0.873246,3.23052,0.795216,-6.65782,0.704284,3.23052,0.704284,-6.65782,0.604424,3.23052,0.604424,-6.65782,0.5,3.23052,0.5,-6.65782,0.395576,3.23052,0.395576,-6.65782,0.295716,3.23052,0.295716,-6.65782,0.204784,3.23052,0.204784,-6.65782,0.126754,3.23052,0.126754,-6.65782,0.74975,3.23052,0.834231,-6.65782,0.834231,3.23052,0.74975,-6.65782,0.654354,3.23052,0.654354,-6.65782,0.552212,3.23052,0.552212,-6.65782,0.447788,3.23052,0.447788,-6.65782,0.345646,3.23052,0.345646,-6.65782,0.25025,3.23052,0.25025,-6.65782,0.165769,3.23052,0.165769,-6.65782,0.795217,3.23052,0.873246,-6.65782,0.873246,3.23052,0.795217,-6.65782,0.704285,3.23052,0.704285,-6.65782,0.604425,3.23052,0.604425,-6.65782]}}],"meshes":[{"aabb":{"min":[-65.3373,-64.9794,-1216.06],"max":[65.3373,64.9794,1500]},"vertices":0,"indices":[0,1,2,1,0,3,4,3,0,3,4,5,6,5,4,5,6,7,8,7,6,7,8,9,10,11,12,11,10,13,13,14,11,14,13,15,15,16,14,16,15,17,17,18,16,18,17,19,19,20,18,20,19,21,21,22,20,22,21,23,23,24,22,24,23,25,26,27,28,27,26,29,30,29,26,29,30,31,32,31,30,31,32,33,34,33,32,33,34,35,36,35,34,35,36,37,38,37,36,37,38,39,40,39,38,39,40,41,42,41,40,41,42,43,44,45,46,45,44,47,48,47,44,47,48,49,50,49,48,49,50,51,52,51,50,51,52,53,54,53,52,53,54,55,56,55,54,55,56,57,58,57,56,57,58,59,60,61,62,61,60,63,64,63,60,63,64,65,66,65,64,65,66,67,2,67,66,67,2,1],"type":"triangles","base":0,"count":180}],"meshInstances":[{"node":1,"mesh":0}]}}