{"model":{"version":3,"nodes":[{"name":"RootNode","position":[0,0,0],"rotation":[0,0,0],"scale":[0.01,0.01,0.01],"scaleCompensation":false},{"name":"obstacle-ropefence_01_up_H1","position":[0,0,0],"rotation":[2.50448e-06,-0,0],"scale":[1,1,1],"scaleCompensation":false}],"parents":[-1,0],"skins":[],"morphs":[],"vertices":[{"position":{"type":"float32","components":3,"data":[3.32521,610.652,563.267,3.84938,630.282,553.185,17.528,611.022,569.73,23.9351,630.806,562.326,-11.2941,611.263,568.702,-16.8255,631.147,560.871,-25.9784,632.893,580.882,-17.7662,612.498,582.852,-12.2998,613.632,597.428,-18.2477,634.497,601.496,1.83807,635.021,610.637,1.903,614.002,603.892,16.5223,613.391,598.457,22.5129,634.156,602.951,31.6658,632.41,582.94,22.9944,612.157,584.307,17.9872,651.671,566.394,3.78446,651.301,559.93,-10.8349,651.912,565.365,-17.307,653.146,579.515,-11.8405,654.281,594.092,2.36224,654.651,600.556,16.9816,654.04,595.121,23.4536,652.805,580.97,3.16846,661.395,579.552,-8.75041,611.575,572.126,-17.4308,607.335,583.289,-13.0884,612.518,583.014,-11.946,606.143,569.523,-8.75978,613.453,594.999,-11.9578,608.517,598.443,1.85844,608.81,603.923,2.16769,613.685,599.333,13.3709,613.268,595.789,16.0234,608.283,599.442,23.5417,606.992,584.752,19.3173,612.247,584.17,14.1707,611.384,572.944,17.0346,605.9,570.558,3.25317,605.525,564.083,14.1707,611.384,572.944,17.0346,605.9,570.558,3.27081,611.086,567.823,-18.9731,609.051,603.994,10.6353,416.138,610.707,22.633,608.703,605.479,-10.5987,416.316,609.949,22.633,608.703,605.479,24.0847,605.283,564.011,-18.9731,609.051,603.994,-17.5214,605.631,562.526,-9.85785,414.57,588.785,-17.5214,605.631,562.526,11.3762,414.392,589.543,24.0847,605.283,564.011,11.3762,414.392,589.543,24.0847,605.283,564.011,10.6353,416.138,610.707,22.633,608.703,605.479,-18.9731,609.051,603.994,-9.85785,414.57,588.785,-10.5987,416.316,609.949,-17.5214,605.631,562.526,-11.2942,394.768,284.1,-12.6261,415.305,276.116,3.12998,395.546,290.014,7.7728,416.404,284.48,-25.6537,393.724,290.129,-32.9334,413.828,284.643,-41.2534,412.839,305.065,-31.5368,393.024,304.57,-25.4973,393.08,318.963,-32.7123,412.917,325.42,-12.3134,414.017,333.784,-11.0731,393.857,324.877,3.28633,394.902,318.848,7.99391,415.494,325.257,16.3139,416.483,304.835,9.16945,395.601,304.407,0.557798,436.242,290.937,-13.8664,435.464,285.023,-28.2258,434.42,291.052,-34.109,433.721,305.493,-28.0695,433.776,319.886,-13.6453,434.554,325.8,0.714146,435.598,319.771,6.59726,436.297,305.33,-14.2886,443.437,305.602,-30.8171,387.884,304.451,-22.983,393.877,293.467,-25.903,388.512,290.435,-26.8697,393.38,304.553,-22.0694,393.414,316.394,-24.7478,387.928,319.423,-10.7487,388.7,324.366,-10.9973,394.026,320.304,0.0318174,394.813,316.306,3.19607,389.696,319.311,10.1007,390.473,304.287,5.4928,395.428,304.423,-0.0925188,395.325,293.375,3.03887,390.344,290.319,-10.9656,389.593,284.377,-0.0925188,395.325,293.375,3.03887,390.344,290.319,-11.1688,394.732,288.675,-31.5196,387.367,325.266,8.92419,197.543,310.596,10.0309,389.997,325.1,-12.2815,196.2,310.681,9.80525,390.927,283.477,-31.5196,387.367,325.266,10.0309,389.997,325.1,-31.7453,388.297,283.643,-9.37998,196.675,289.438,9.80525,390.927,283.477,11.8257,198.017,289.353,-31.7453,388.297,283.643,11.8257,198.017,289.353,9.80525,390.927,283.477,8.92419,197.543,310.596,10.0309,389.997,325.1,-12.2815,196.2,310.681,-31.7453,388.297,283.643,-9.37998,196.675,289.438,-31.5196,387.367,325.266,-0.0772751,165.826,62.4934,-8.91421,133.375,2.38924,-7.63578,160.632,64.8123,-0.115136,138.223,0.705783,-0.369163,195.833,110.246,-8.53998,190.987,113.114,-1.15675,233.923,160.503,-9.97106,229.875,163.936,-3.05025,288.5,218.4,-13.0855,284.281,221.376,-17.2106,361.035,289.875,-7.05806,365.041,287.464,-8.869,123.752,5.73045,-7.60147,150.286,69.4017,-8.50597,181.449,118.851,-9.95833,222.132,170.852,-13.1341,276.644,227.682,-17.3445,354.286,295.58,-0.0247064,118.977,7.38823,-0.00863684,145.134,71.6722,-0.301133,176.759,121.72,-1.13129,218.438,174.334,-3.14746,273.225,231.013,-7.32586,351.545,298.874,7.54987,150.327,69.3533,8.77437,123.826,5.70478,7.86969,181.606,118.851,7.68302,222.487,170.901,6.88783,277.443,228.038,2.82666,355.551,296.463,8.72915,133.449,2.36355,7.51555,160.673,64.7639,7.83567,191.143,113.114,7.67028,230.229,163.985,6.93643,285.08,221.731,2.96055,362.299,290.758,-0.0772751,165.826,62.4934,-0.115136,138.223,0.705783,-0.369163,195.833,110.246,-1.15675,233.923,160.503,-3.05025,288.5,218.4,-7.05806,365.041,287.464,-12.1051,349.68,318.492,-11.0076,371.515,364.512,-12.1051,359.259,315.725,-10.9852,382.559,361.602,-10.3088,405.344,414.521,-10.3117,415.232,410.674,-9.62287,445.631,465.411,-9.92729,453.689,459.534,-7.42811,496.445,515.904,-7.8515,502.664,510.197,-4.00509,570.823,579.28,-4.39172,575.951,573.711,-3.46958,344.89,319.876,-3.41394,365.907,365.92,-2.50367,400.277,416.37,-0.873309,441.149,468.153,1.33505,492.443,518.304,4.7485,566.999,581.319,4.20213,371.343,364.42,5.16596,349.68,318.492,5.29866,404.87,410.699,7.53173,444.674,465.002,9.67446,494.66,514.997,13.1155,568.303,577.789,5.16596,359.259,315.725,4.22452,382.386,361.511,5.29582,414.985,410.526,7.24235,452.752,459.131,9.25144,500.879,509.29,12.7288,573.43,572.22,-3.36916,387.994,360.102,-3.46958,364.049,314.342,-2.50935,420.052,408.677,-1.49067,457.255,456.395,0.488694,504.882,506.89,3.97524,577.254,570.181,-3.36916,387.994,360.102,-3.46958,364.049,314.342,-2.50935,420.052,408.677,-1.49067,457.255,456.395,0.488694,504.882,506.89,3.97524,577.254,570.181]},"normal":{"type":"float32","components":3,