{"model":{"version":3,"nodes":[{"name":"RootNode","position":[0,0,0],"rotation":[0,0,0],"scale":[0.01,0.01,0.01],"scaleCompensation":false},{"name":"obstacle-ropefence_02_start_H1","position":[-300,0,0],"rotation":[9.33467e-06,-0,0],"scale":[1,1,1],"scaleCompensation":false}],"parents":[-1,0],"skins":[],"morphs":[],"vertices":[{"position":{"type":"float32","components":3,"data":[-34.0113,155.931,-36.2415,-23.5385,141.544,-42.171,-33.9193,142.997,-49.4112,-23.6503,150.327,-32.7277,-25.0828,128.3,-41.9225,-33.9193,142.997,-49.4112,-23.5385,141.544,-42.171,-36.2357,125.578,-49.0002,-37.9854,112.278,-34.2531,-24.5971,118.735,-31.3187,-35.5651,112.386,-14.2958,-23.2433,118.906,-17.2993,-34.993,127.408,-2.34778,-23.9637,129.488,-8.82277,-25.3232,143.549,-10.158,-36.9528,147.847,-4.86698,-34.6909,157.763,-18.1488,-24.1317,152.343,-19.7285,-45.971,141.593,-43.0513,-45.1412,150.341,-33.567,-47.3648,129.125,-42.8922,-49.7347,119.665,-32.4126,-48.2498,119.831,-18.3875,-46.1938,130.311,-9.79015,-46.5296,142.171,-11.314,-45.5467,152.354,-20.5645,-19.9775,135.51,-25.6936,-19.9775,135.51,-25.6936,-50.9183,136.655,-27.04,1.20625,177.177,-20.394,1.20625,197.571,-28.8415,15.627,177.177,-14.4207,21.6002,197.571,-20.394,-13.2145,177.177,-14.4207,-19.1878,197.571,-20.394,-27.6352,197.571,0,-19.1878,177.177,0,-13.2145,177.177,14.4207,-19.1878,197.571,20.394,1.20631,197.571,28.8415,1.20631,177.177,20.394,15.627,177.177,14.4207,21.6003,197.571,20.394,30.0477,197.571,0,21.6003,177.177,0,15.627,217.965,-14.4207,1.20625,217.965,-20.394,-13.2145,217.965,-14.4207,-19.1878,217.965,0,-13.2145,217.965,14.4207,1.20625,217.965,20.394,15.627,217.965,14.4207,21.6002,217.965,0,1.20625,226.413,0,22.2062,172,0,15.2063,172,15,15.2063,172,-14,1.20631,172,20,1.20625,172,-20,-13.7938,172,-14,-18.7938,172,0,-12.7938,172,15,-18.7938,172,0,-10.5529,177.237,-11.0728,-13.7938,172,-14,-14.5075,177.237,0,-9.76202,177.237,11.8637,1.31084,177.237,15.8183,12.3836,177.237,11.8637,17.92,177.237,0,12.3836,177.237,-11.0728,1.20625,172,-20,1.31078,177.237,-15.8183,-3.25216,-20.2365,-10.7589,10.777,172.537,-23.1159,5.66135,-20.2365,-10.7602,-8.37163,172.537,-23.1129,-21.9097,172.537,-9.57076,-3.25216,-20.2365,-10.7589,-9.55399,-20.2365,-4.45509,-8.37163,172.537,-23.1129,-9.55262,-20.2365,4.45841,-21.9067,172.537,9.57786,-8.36452,172.537,23.1159,-3.24879,-20.2365,10.7602,5.6647,-20.2365,10.7589,10.7841,172.537,23.1129,11.9665,-20.2365,4.45509,24.3221,172.537,9.57076,11.9651,-20.2365,-4.45841,24.3192,172.537,-9.57787,10.777,172.537,-23.1159,-8.37163,172.537,-23.1129,1.20625,172.537,0,-21.9097,172.537,-9.57076,-21.9067,172.537,9.57786,-8.36452,172.537,23.1159,10.7841,172.537,23.1129,24.3221,172.537,9.57076,24.3192,172.537,-9.57787,-49.7986,141.973,4.66562,-48.099,127.708,5.16504,-46.1007,129.007,1.00854,-47.517,140.895,0.592387,-34.8902,122.054,5.60519,-35.0933,124.296,1.37533,-34.8902,122.054,5.60519,-23.3807,130.666,5.54593,-25.5021,131.472,1.32593,-35.0933,124.296,1.37533,-25.0803,144.931,5.04651,-26.9184,143.36,0.90976,-38.2892,150.584,4.60638,-37.9258,148.071,0.543008,-54.2016,143.857,4.51893,-51.9356,124.837,5.18479,-34.3236,117.299,5.77167,-34.3236,117.299,5.77167,-18.9777,128.781,5.69262,-21.2437,147.802,5.02676,-38.8558,155.339,4.43988,-56.323,144.664,0.298949,-53.7737,123.266,1.04806,-33.9603,114.786,1.70829,-33.9603,114.786,1.70829,-16.6961,127.703,1.61935,-19.2454,149.101,0.870277,-39.0589,157.581,0.210027,-51.7753,124.566,-3.10846,-54.0414,143.586,-3.77432,-34.1634,117.028,-2.52161,-18.8175,128.51,-2.60061,-34.1634,117.028,-2.52161,-21.0836,147.53,-3.26652,-38.6955,155.068,-3.85337,-47.9388,127.436,-3.12817,-49.6384,141.701,-3.62762,-34.7299,121.783,-2.68805,-23.2205,130.395,-2.74732,-34.7299,121.783,-2.68805,-24.92,144.66,-3.24674,-38.129,150.313,-3.68685,-46.1007,129.007,1.00854,-47.517,140.895,0.592387,-35.0933,124.296,1.37533,-25.5021,131.472,1.32593,-35.0933,124.296,1.37533,-26.9184,143.36,0.90976,-37.9258,148.071,0.543008,-47.3203,141.589,0.669388,-46.7148,130.606,-17.3705,-46.9347,130.137,0.863368,-46.7148,142.067,-17.3705,-36.8535,124.73,0.172388,-36.7898,124.876,-17.3705,-27.1577,130.776,-0.712563,-26.8648,130.606,-17.3705,-26.8648,142.067,-17.3705,-27.5432,142.228,-0.906652,-36.7898,147.797,-17.3705,-37.6246,147.635,-0.215558,-46.7148,142.067,-17.3705,-47.3203,141.589,0.669388]},"normal":{"type":"float32","components":3,