{"model":{"version":3,"nodes":[{"name":"RootNode","position":[0,0,0],"rotation":[0,0,0],"scale":[0.0254,0.0254,0.0254],"scaleCompensation":false},{"name":"Plane009","position":[0,0,0],"rotation":[-90,-0,0],"scale":[1,1,1],"scaleCompensation":false}],"parents":[-1,0],"skins":[],"morphs":[],"vertices":[{"position":{"type":"float32","components":3,"data":[-249.323,-5.01566e-05,249.323,-249.323,3.10831e-05,-249.323,249.323,-5.01566e-05,249.323,249.323,3.10831e-05,-249.323]},"normal":{"type":"float32","components":3,"data":[0,-1,-1.62921e-07,0,-1,-1.62921e-07,0,-1,-1.62921e-07,0,-1,-1.62921e-07]},"texCoord0":{"type":"float32","components":2,"data":[0.0377562,0.932309,0.0377562,0.00250108,0.967564,0.932309,0.967564,0.00250108]}}],"meshes":[{"aabb":{"min":[-249.323,-5.01566e-05,-249.323],"max":[249.323,3.10831e-05,249.323]},"vertices":0,"indices":[0,1,2,3,2,1],"type":"triangles","base":0,"count":6}],"meshInstances":[{"node":1,"mesh":0}]}}