{"model":{"version":3,"nodes":[{"name":"RootNode","position":[0,0,0],"rotation":[0,0,0],"scale":[0.01,0.01,0.01],"scaleCompensation":false},{"name":"sandcastle_01part1_m_root","position":[0,0,0],"rotation":[0,0,0],"scale":[1,1,1],"scaleCompensation":false},{"name":"default","position":[0,0,0],"rotation":[0,0,0],"scale":[1,1,1],"scaleCompensation":false}],"parents":[-1,0,1],"skins":[],"morphs":[],"vertices":[{"position":{"type":"float32","components":3,"data":[-0.093666,0.238794,-0.169899,0.175641,0.2454,-0.082396,0.126953,0.2454,-0.149409,-0.014887,0.2454,-0.195496,0.244655,0.110536,0.079493,0.218765,0.210061,-0.071081,0.218765,0.221071,0.071081,0.244655,0.10503,-0.079493,-0.175641,0.238794,-0.057069,0.175641,0.2454,0.057069,0.093665,0.231086,0.169899,-0.175641,0.231086,0.082396,-0.126953,0.231086,0.149409,0.014886,0.231086,0.195496,-0.135205,0.212908,0.186093,-0.244655,0.110536,0.079493,-0.151206,0.106454,0.208116,-0.218766,0.221071,0.071081,-0.218766,0.221071,-0.071081,-0.244655,0.110536,-0.079493,-0.135205,0.221071,-0.186093,-0.151205,0.110536,-0.208116,0,0,-0.284468,0,0.10503,-0.257246,-0.167206,0,-0.230139,0.151205,0.10503,-0.208116,0.135204,0.210061,-0.186093,0,0.210061,-0.230024,0.135204,0.212908,0.186093,0.151205,0.106454,0.208116,0.244655,0.110536,0.079493,0.218765,0.221071,0.071081,0,0.106454,0.257246,0,0.212908,0.230024,0.135204,0.210061,-0.186093,0,0.210061,-0.230024,0.218765,0.210061,-0.071081,0.218765,0.221071,0.071081,0.135204,0.212908,0.186093,0,0.212908,0.230024,-0.135205,0.212908,0.186093,-0.218766,0.221071,0.071081,-0.218766,0.221071,-0.071081,-0.135205,0.221071,-0.186093,0,0,0.284468,-0.167206,0,0.230139,0.167206,0,0.230139,0.270545,0,0.087905,0.270545,0,-0.087905,0.167206,0,-0.230139,-0.270545,0,-0.087905,-0.270545,0,0.087905,0.270545,0,0.087905]},"normal":{"type":"float32","components":3,"data":[-0.161,0.9351,-0.3156,0.3844,0.904,-0.187,0.2835,0.901,-0.3283,-0.0307,0.9197,-0.3912,0.9225,0.2447,0.2986,0.8234,0.5038,-0.2611,0.7723,0.5835,0.2509,0.9203,0.2476,-0.303,-0.1992,0.9789,-0.046,0.2701,0.9571,0.1047,0.1293,0.9453,0.2994,-0.2152,0.9659,0.1437,-0.1598,0.9648,0.209,0.0282,0.9555,0.2937,-0.4542,0.5923,0.6655,-0.922,0.2415,0.3026,-0.5676,0.2453,0.7859,-0.7388,0.6304,0.2381,-0.7388,0.6301,-0.239,-0.9235,0.2391,-0.3,-0.4813,0.5867,-0.6513,-0.5671,0.2423,-0.7872,0.0017,0.2477,-0.9688,0.0038,0.2476,-0.9688,-0.5689,0.2421,-0.7859,0.569,0.2509,-0.7831,0.5043,0.4747,-0.7213,0.026,0.4889,-0.8719,0.4826,0.5728,0.6626,0.5676,0.2453,0.7859,0.9225,0.2447,0.2986,0.7723,0.5835,0.2509,0,0.2477,0.9688,-0.0129,0.5866,0.8097,0.5043,0.4747,-0.7213,0.026,0.4889,-0.8719,0.8234,0.5038,-0.2611,0.7723,0.5835,0.2509,0.4826,0.5728,0.6626,-0.0129,0.5866,0.8097,-0.4542,0.5923,0.6655,-0.7388,0.6304,0.2381,-0.7388,0.6301,-0.239,-0.4813,0.5867,-0.6513,0,0.2477,0.9688,-0.5688,0.2454,0.785,0.5688,0.2454,0.785,0.9223,0.2444,0.2992,0.9209,0.2477,-0.301,0.569,0.2509,-0.7831,-0.9235,0.2391,-0.3,-0.9225,0.2413,0.3011,0.9223,0.2444,0.2992]},"texCoord0":{"type":"float32","components":2,"data":[0.034626,0.941048,0.024414,0.937962,0.027307,0.936933,0.032579,0.938535,0.04865,0.922351,0.05446,0.926313,0.04865,0.926313,0.05446,0.922351,0.03472,0.946467,0.021328,0.942175,0.021249,0.947526,0.031616,0.950876,0.028568,0.951859,0.023135,0.950091,0.089411,0.926313,0.084136,0.922351,0.089411,0.922351,0.084136,0.926313,0.078322,0.926313,0.078322,0.922351,0.072512,0.926313,0.072512,0.922351,0.067234,0.918388,0.067234,0.922351,0.072512,0.918388,0.059738,0.922351,0.059738,0.926313,0.067234,0.926313,0.102183,0.926313,0.102183,0.922351,0.107996,0.922351,0.107996,0.926313,0.096907,0.922351,0.096907,0.926313,0.027728,0.934962,0.033341,0.936579,0.022485,0.936874,0.019417,0.941591,0.019389,0.947181,0.022677,0.951672,0.028022,0.953387,0.033269,0.951559,0.036537,0.947046,0.036508,0.941413,0.096907,0.918388,0.089411,0.918388,0.102183,0.918388,0.107996,0.918388,0.05446,0.918388,0.059738,0.918388,0.078322,0.918388,0.084136,0.918388,0.04865,0.918388]}}],"meshes":[{"aabb":{"min":[-0.270545,0,-0.284468],"max":[0.270545,0.2454,0.284468]},"vertices":0,"indices":[0,1,2,0,2,3,4,5,6,5,4,7,8,9,1,8,1,0,10,8,11,8,10,9,10,11,12,10,12,13,14,15,16,15,14,17,18,15,17,15,18,19,18,20,19,19,20,21,22,21,23,21,22,24,25,23,26,23,27,26,7,26,5,26,7,25,28,29,30,28,30,31,28,32,29,32,28,33,14,32,33,32,14,16,34,35,3,3,2,34,36,2,1,36,34,2,9,36,1,36,9,37,9,10,38,9,38,37,39,38,10,39,10,13,13,40,39,40,13,12,11,40,12,40,11,41,41,8,42,8,41,11,43,42,8,43,8,0,35,0,3,35,43,0,23,20,27,20,23,21,16,44,32,44,16,45,29,44,46,44,29,32,29,46,47,29,47,30,48,25,7,25,48,49,49,22,25,22,23,25,19,21,50,50,21,24,19,51,15,51,19,50,16,51,45,51,16,15,52,7,4,7,52,48],"type":"triangles","base":0,"count":204}],"meshInstances":[{"node":2,"mesh":0}]}}