{"model":{"version":3,"nodes":[{"name":"RootNode","position":[0,0,0],"rotation":[0,0,0],"scale":[0.0254,0.0254,0.0254],"scaleCompensation":false},{"name":"endless3","position":[0,0,0],"rotation":[-90,-0,0],"scale":[1,1,1],"scaleCompensation":false}],"parents":[-1,0],"skins":[],"morphs":[],"vertices":[{"position":{"type":"float32","components":3,"data":[-129.566,-1.02145e-05,40.0473,-129.566,-4.43073e-06,4.54691,12.4337,-8.80393e-06,40.0473,12.4337,-3.02019e-06,4.54691,13.4177,-1.991e-07,4.5469,111.272,9.15672e-08,4.54685,111.272,-5.69218e-06,40.0472,13.4177,-5.98285e-06,40.0473,12.4337,-8.80393e-06,40.0473,12.4337,-3.02019e-06,4.54691,129.519,6.72899e-07,4.54675,129.519,-5.11085e-06,40.0471,111.272,-5.69218e-06,40.0472,111.272,9.15672e-08,4.54685]},"normal":{"type":"float32","components":3,"data":[9.93342e-09,-1,-1.62921e-07,9.93342e-09,-1,-1.62921e-07,1.43848e-06,-1,-1.62921e-07,1.43849e-06,-1,-1.62921e-07,1.435e-06,-1,-1.62921e-07,1.74148e-08,-1,-1.62921e-07,1.74146e-08,-1,-1.62921e-07,1.43501e-06,-1,-1.62921e-07,1.43848e-06,-1,-1.62921e-07,1.43849e-06,-1,-1.62921e-07,3.18591e-08,-1,-1.62921e-07,3.1859e-08,-1,-1.62921e-07,1.74146e-08,-1,-1.62921e-07,1.74148e-08,-1,-1.62921e-07]},"color":{"type":"uint8","components":4,"data":[255,255,255,255,255,255,255,255,255,255,255,255,255,255,255,255,0,0,0,0,0,0,0,0,0,0,0,0,0,0,0,0,0,0,0,0,0,0,0,0,0,0,0,0,0,0,0,0,0,0,0,0,0,0,0,0]},"texCoord0":{"type":"float32","components":2,"data":[0,1,0,0.75,1,1,1,0.75,0,0.510888,0.689112,0.510888,0.689112,0.760888,0,0.760888,0,0.760888,0,0.510888,0.457074,0.25,0.457074,0.5,0.328571,0.5,0.328571,0.25]}}],"meshes":[{"aabb":{"min":[-129.566,-1.02145e-05,4.54675],"max":[129.519,6.72899e-07,40.0473]},"vertices":0,"indices":[0,1,2,3,2,1,4,5,6,6,7,4,8,9,4,4,7,8,10,11,12,12,13,10],"type":"triangles","base":0,"count":24}],"meshInstances":[{"node":1,"mesh":0}]}}