{"model":{"version":3,"nodes":[{"name":"RootNode","position":[0,0,0],"rotation":[0,0,0],"scale":[0.0254,0.0254,0.0254],"scaleCompensation":false},{"name":"stage1-mandala","position":[0,0,0],"rotation":[-90,-0,0],"scale":[1,1,1],"scaleCompensation":false}],"parents":[-1,0],"skins":[],"morphs":[],"vertices":[{"position":{"type":"float32","components":3,"data":[-350.64,-0.000114441,-343.61,350.64,-0.000110626,-343.61,350.638,0.000108719,343.61,350.638,0.000108719,343.61,-350.263,0.000114441,343.61,-350.64,-0.000114441,-343.61,1021.06,-0.000101089,-986.607,1021.06,9.72748e-05,1119.9,350.638,0.000108719,343.61,350.638,0.000108719,343.61,350.64,-0.000110626,-343.61,1021.06,-0.000101089,-986.607,-1058.54,0.000102997,1119.9,-1058.92,-0.000104904,-986.607,-350.64,-0.000114441,-343.61,-350.64,-0.000114441,-343.61,-350.263,0.000114441,343.61,-1058.54,0.000102997,1119.9,1021.06,9.72748e-05,1119.9,-1058.54,0.000102997,1119.9,-350.263,0.000114441,343.61,-350.263,0.000114441,343.61,350.638,0.000108719,343.61,1021.06,9.72748e-05,1119.9,-1058.92,-0.000104904,-986.607,1021.06,-0.000101089,-986.607,350.64,-0.000110626,-343.61,350.64,-0.000110626,-343.61,-350.64,-0.000114441,-343.61,-1058.92,-0.000104904,-986.607]},"normal":{"type":"float32","components":3,"data":[5.43963e-09,-1,3.19178e-07,5.43963e-09,-1,3.19178e-07,5.43963e-09,-1,3.19178e-07,-8.16384e-09,-1,3.33059e-07,-8.16384e-09,-1,3.33059e-07,-8.16384e-09,-1,3.33059e-07,-1.26108e-07,-1,9.41674e-08,-1.26108e-07,-1,9.41674e-08,-1.26108e-07,-1,9.41674e-08,3.20348e-07,-1,3.19178e-07,3.20348e-07,-1,3.19178e-07,3.20348e-07,-1,3.19178e-07,-1.0308e-07,-1,9.87132e-08,-1.0308e-07,-1,9.87132e-08,-1.0308e-07,-1,9.87132e-08,3.80965e-07,-1,3.32846e-07,3.80965e-07,-1,3.32846e-07,3.80965e-07,-1,3.32846e-07,-2.75152e-09,-1,-1.72525e-08,-2.75152e-09,-1,-1.72525e-08,-2.75152e-09,-1,-1.72525e-08,-8.16384e-09,-1,-7.6916e-09,-8.16384e-09,-1,-7.6916e-09,-8.16384e-09,-1,-7.6916e-09,1.83401e-09,-1,-1.29195e-08,1.83401e-09,-1,-1.29195e-08,1.83401e-09,-1,-1.29195e-08,5.43963e-09,-1,-2.08236e-08,5.43963e-09,-1,-2.08236e-08,5.43963e-09,-1,-2.08236e-08]},"texCoord0":{"type":"float32","components":2,"data":[0.0208341,0.0253683,0.989171,0.0253683,0.989169,0.973139,0.989169,0.973139,0.0213534,0.973139,0.0208341,0.0253683,0.96892,0.0346083,0.96892,0.034703,0.96892,0.034703,0.96892,0.034703,0.96892,0.0346083,0.96892,0.0346083,0.968823,0.034703,0.968823,0.0346083,0.968823,0.0346083,0.968823,0.0346083,0.968823,0.034703,0.968823,0.034703,0.96892,0.034703,0.968823,0.034703,0.968823,0.034703,0.968823,0.034703,0.96892,0.034703,0.96892,0.034703,0.968823,0.0346083,0.96892,0.0346083,0.96892,0.0346083,0.96892,0.0346083,0.968823,0.0346083,0.968823,0.0346083]}}],"meshes":[{"aabb":{"min":[-1058.92,-0.000114441,-986.607],"max":[1021.06,0.000114441,1119.9]},"vertices":0,"indices":[0,1,2,3,4,5,6,7,8,9,10,11,12,13,14,15,16,17,18,19,20,21,22,23,24,25,26,27,28,29],"type":"triangles","base":0,"count":30}],"meshInstances":[{"node":1,"mesh":0}]}}