{"model":{"version":3,"nodes":[{"name":"RootNode","position":[0,0,0],"rotation":[0,0,0],"scale":[0.01,0.01,0.01],"scaleCompensation":false},{"name":"beach_shell01_m_root","position":[0,0,0],"rotation":[0,0,0],"scale":[1,1,1],"scaleCompensation":false},{"name":"default","position":[0,0,0],"rotation":[0,0,0],"scale":[1,1,1],"scaleCompensation":false}],"parents":[-1,0,1],"skins":[],"morphs":[],"vertices":[{"position":{"type":"float32","components":3,"data":[-0.00018,0.018693,0.055544,-0.01743,0.016299,0.058997,-0.000267,0.011589,0.116324,0.01707,0.016299,0.058997,0.033731,0.018681,0.061097,0.01707,0.016299,0.058997,-0.000267,0.011589,0.116324,-0.01743,0.016299,0.058997,-0.034092,0.018681,0.061096,-0.000267,0.011589,0.116324,-0.044058,0.016274,0.071278,-0.044058,0.016274,0.071278,-0.047629,0.018386,0.085011,-0.000267,0.011589,0.116324,-0.043859,0.014055,0.100446,0.043697,0.016274,0.071279,0.047294,0.018386,0.085021,0.043697,0.016274,0.071279,-0.000267,0.011589,0.116324,0.043781,0.014017,0.100559,0.031804,0.011347,0.116768,0.016302,0.007876,0.123157,-0.030785,0.011651,0.11621,-0.015313,0.008166,0.122624,0.077588,0.020244,0.013002,0.058199,0.023603,-0.012089,-0.088836,0.010628,0.072723,-0.090497,0.023434,0.038549,0.077588,0.020244,0.013002,0.090315,0.023434,0.038555,-0.077784,0.020244,0.013,0.11148,0.0067,-0.045276,0.082667,0.011012,-0.085275,-0.077784,0.020244,0.013,-0.058394,0.023603,-0.01209,-0.133813,0.006311,0.045,-0.133365,0.010967,-0.007912,-0.030004,0.020273,-0.020795,0.11148,0.0067,-0.045276,0.133335,0.010967,-0.007911,0.029809,0.020273,-0.020794,-0.11151,0.0067,-0.045277,-0.030004,0.020273,-0.020795,-9.8e-05,0.023617,-0.029398,-0.042578,0.006733,-0.100586,-1.5e-05,0.011027,-0.11434,-0.11151,0.0067,-0.045277,-0.082697,0.011012,-0.085276,0.133783,0.006311,0.045014,0.088782,0.010609,0.072786,0.029809,0.020273,-0.020794,-0.042578,0.006733,-0.100586,0.042548,0.006733,-0.100586,0.042548,0.006733,-0.100586]},"normal":{"type":"float32","components":3,"data":[0,0.9963,0.0855,-0.1094,0.9901,0.0881,0,0.9932,0.1161,0.1094,0.9901,0.0883,-0.0256,0.9963,0.0823,-0.1394,0.9897,0.0317,-0.0479,0.994,0.0981,0.1394,0.9897,0.0321,0.0256,0.9963,0.0823,0.0479,0.994,0.0983,-0.0703,0.988,0.1373,0.1937,0.9788,-0.0672,-0.0281,0.9891,0.1446,0.0274,0.9792,0.2012,-0.0943,0.9515,0.2929,0.0702,0.988,0.1374,0.0269,0.9893,0.1436,-0.193,0.9789,-0.0672,-0.0245,0.9779,0.2078,0.0936,0.9513,0.2936,0.0036,0.9639,0.2662,0.0036,0.9639,0.2662,0.001,0.9668,0.2554,0.001,0.9668,0.2554,0.1457,0.9888,0.0325,0.0564,0.9971,-0.0506,-0.2937,0.9104,0.2913,-0.122,0.9905,0.0633,0.0081,0.9908,-0.1351,0.1215,0.9906,0.063,-0.0083,0.9908,-0.1353,0.2575,0.9632,-0.0772,0.0684,0.9874,-0.1427,-0.1459,0.9888,0.0324,-0.0567,0.9971,-0.0507,-0.3364,0.9224,0.1896,-0.1737,0.9827,-0.0643,0.0857,0.9926,-0.0866,0.0991,0.9803,-0.1707,0.1733,0.9828,-0.0642,-0.0857,0.9925,-0.0866,-0.0994,0.9803,-0.1708,-0.1254,0.9915,-0.0339,0,0.9982,-0.0599,-0.1476,0.9785,-0.144,0.0001,0.9894,-0.1455,-0.258,0.963,-0.0776,-0.0683,0.9874,-0.1428,0.3354,0.9229,0.1893,0.292,0.9115,0.2898,0.1254,0.9915,-0.0338,0.0464,0.9827,-0.1791,-0.0464,0.9827,-0.1791,0.1475,0.9786,-0.1437]},"texCoord0":{"type":"float32","components":2,"data":[0.563814,0.554154,0.562407,0.552172,0.569533,0.547953,0.565899,0.555403,0.567776,0.556769,0.565899,0.555403,0.569533,0.547953,0.562407,0.552172,0.560899,0.550407,0.569533,0.547953,0.560862,0.548437,0.560862,0.548437,0.561751,0.546672,0.569533,0.547953,0.56363,0.545408,0.569744,0.556653,0.571437,0.55563,0.569744,0.556653,0.569533,0.547953,0.572589,0.55367,0.572876,0.550872,0.571956,0.548689,0.566462,0.545056,0.568709,0.5458,0.567785,0.565699,0.563472,0.566429,0.556522,0.543677,0.553168,0.547356,0.567785,0.565699,0.571437,0.564256,0.552013,0.551107,0.565937,0.575049,0.559109,0.576309,0.552013,0.551107,0.551619,0.555463,0.549292,0.542239,0.544345,0.547833,0.553647,0.559051,0.565937,0.575049,0.57166,0.573104,0.559737,0.564686,0.542849,0.55369,0.553647,0.559051,0.555894,0.562731,0.544667,0.566017,0.547838,0.571455,0.542849,0.55369,0.542124,0.560595,0.576853,0.567737,0.574862,0.560633,0.559737,0.564686,0.544667,0.566017,0.553507,0.574194,0.553507,0.574194]}}],"meshes":[{"aabb":{"min":[-0.133813,0.006311,-0.11434],"max":[0.133783,0.023617,0.123157]},"vertices":0,"indices":[0,1,2,3,0,2,4,5,6,7,8,9,8,10,9,11,12,13,12,14,13,15,4,6,16,17,18,19,16,18,18,20,19,20,18,21,13,14,22,13,22,23,4,24,25,24,4,15,26,12,27,12,26,14,28,17,29,29,17,16,27,11,30,11,27,12,25,31,32,31,25,24,33,8,34,8,33,10,35,27,36,27,35,26,7,37,8,37,34,8,38,28,39,39,28,29,4,40,5,40,4,25,36,30,41,30,36,27,0,42,1,42,0,43,43,44,42,44,43,45,46,34,47,34,46,33,48,29,49,29,48,39,0,50,43,50,0,3,37,47,34,47,37,51,40,32,52,32,40,25,43,53,45,53,43,50,49,16,19,16,49,29],"type":"triangles","base":0,"count":162}],"meshInstances":[{"node":2,"mesh":0}]}}