{"model":{"version":3,"nodes":[{"name":"RootNode","position":[0,0,0],"rotation":[0,0,0],"scale":[0.0254,0.0254,0.0254],"scaleCompensation":false},{"name":"gema","position":[0,0,8.50712e-07],"rotation":[-90,-0,0],"scale":[1,1,1],"scaleCompensation":false}],"parents":[-1,0],"skins":[],"morphs":[],"vertices":[{"position":{"type":"float32","components":3,"data":[0,8.42608e-07,0.201408,7.98337,13.8276,24.9238,15.9667,-4.07743e-07,24.9238,0,8.42608e-07,0.201408,-7.98338,13.8276,24.9238,7.98337,13.8276,24.9238,0,8.42608e-07,0.201408,-15.9667,-1.8036e-06,24.9238,-7.98338,13.8276,24.9238,0,8.42608e-07,0.201408,-7.98337,-13.8276,24.9238,-15.9667,-1.8036e-06,24.9238,0,8.42608e-07,0.201408,7.98337,-13.8276,24.9238,-7.98337,-13.8276,24.9238,0,8.42608e-07,0.201408,15.9667,-4.07743e-07,24.9238,7.98337,-13.8276,24.9238,15.9667,-4.07743e-07,24.9238,3.78206,6.55073,34.3977,7.56413,-1.85715e-06,34.3977,15.9667,-4.07743e-07,24.9238,7.98337,13.8276,24.9238,3.78206,6.55073,34.3977,7.98337,13.8276,24.9238,-3.78206,6.55072,34.3977,3.78206,6.55073,34.3977,7.98337,13.8276,24.9238,-7.98338,13.8276,24.9238,-3.78206,6.55072,34.3977,-7.98338,13.8276,24.9238,-7.56413,-2.51843e-06,34.3977,-3.78206,6.55072,34.3977,-7.98338,13.8276,24.9238,-15.9667,-1.8036e-06,24.9238,-7.56413,-2.51843e-06,34.3977,-15.9667,-1.8036e-06,24.9238,-3.78206,-6.55073,34.3977,-7.56413,-2.51843e-06,34.3977,-15.9667,-1.8036e-06,24.9238,-7.98337,-13.8276,24.9238,-3.78206,-6.55073,34.3977,-7.98337,-13.8276,24.9238,3.78206,-6.55073,34.3977,-3.78206,-6.55073,34.3977,-7.98337,-13.8276,24.9238,7.98337,-13.8276,24.9238,7.98337,-13.8276,24.9238,7.56413,-1.85715e-06,34.3977,3.78206,-6.55073,34.3977,7.98337,-13.8276,24.9238,15.9667,-4.07743e-07,24.9238,7.56413,-1.85715e-06,34.3977,3.78206,-6.55073,34.3977,7.56413,-1.85715e-06,34.3977,3.78206,6.55073,34.3977,-3.78206,6.55072,34.3977,-7.56413,-2.51843e-06,34.3977,-3.78206,-6.55073,34.3977]},"normal":{"type":"float32","components":3,"data":[0.755833,0.436381,-0.488148,0.755833,0.436381,-0.488148,0.755833,0.436381,-0.488148,-5.21289e-08,0.872761,-0.488148,-5.21289e-08,0.872761,-0.488148,-5.21289e-08,0.872761,-0.488148,-0.755833,0.43638,-0.488148,-0.755833,0.43638,-0.488148,-0.755833,0.43638,-0.488148,-0.755833,-0.43638,-0.488148,-0.755833,-0.43638,-0.488148,-0.755833,-0.43638,-0.488148,0,-0.872761,-0.488148,0,-0.872761,-0.488148,0,-0.872761,-0.488148,0.755833,-0.43638,-0.488148,0.755833,-0.43638,-0.488148,0.755833,-0.43638,-0.488148,0.686808,0.396529,0.609146,0.686808,0.396529,0.609146,0.686808,0.396529,0.609146,0.686808,0.396529,0.609146,0.686808,0.396529,0.609146,0.686808,0.396529,0.609146,-9.99876e-08,0.793058,0.609146,-9.99876e-08,0.793058,0.609147,-9.99875e-08,0.793058,0.609146,-4.73684e-08,0.793058,0.609147,-4.73684e-08,0.793058,0.609147,-4.73684e-08,0.793058,0.609147,-0.686808,0.396529,0.609146,-0.686808,0.396529,0.609146,-0.686808,0.396529,0.609146,-0.686808,0.396529,0.609146,-0.686808,0.396529,0.609146,-0.686808,0.396529,0.609146,-0.686808,-0.396529,0.609146,-0.686808,-0.396529,0.609146,-0.686808,-0.396529,0.609146,-0.686808,-0.396529,0.609146,-0.686808,-0.396529,0.609146,-0.686808,-0.396529,0.609146,0,-0.793058,0.609146,0,-0.793058,0.609146,0,-0.793058,0.609146,0,-0.793058,0.609146,0,-0.793058,0.609146,0.686808,-0.396529,0.609146,0.686808,-0.396529,0.609146,0.686808,-0.396529,0.609146,0.686808,-0.396529,0.609146,0.686808,-0.396529,0.609146,0.686808,-0.396529,0.609146,9.17744e-15,-1.45583e-07,1,2.75323e-14,-1.45583e-07,1,2.06492e-14,-1.45583e-07,1,4.58872e-15,-1.45583e-07,1,-6.88308e-15,-1.45583e-07,1,0,-1.45583e-07,1]},"texCoord0":{"type":"float32","components":2,"data":[0.5,0.5,0.500025,0.50005,0.50005,0.5,0.5,0.5,0.499975,0.50005,0.500025,0.50005,0.5,0.5,0.49995,0.5,0.499975,0.50005,0.5,0.5,0.499975,0.49995,0.49995,0.5,0.5,0.5,0.500025,0.49995,0.499975,0.49995,0.5,0.5,0.50005,0.5,0.500025,0.49995,0.50005,0.5,0.500012,0.500024,0.500024,0.5,0.50005,0.5,0.500025,0.50005,0.500012,0.500024,0.500025,0.50005,0.499988,0.500024,0.500012,0.500024,0.500025,0.50005,0.499975,0.50005,0.499988,0.500024,0.499975,0.50005,0.499976,0.5,0.499988,0.500024,0.499975,0.50005,0.49995,0.5,0.499976,0.5,0.49995,0.5,0.499988,0.499976,0.499976,0.5,0.49995,0.5,0.499975,0.49995,0.499988,0.499976,0.499975,0.49995,0.500012,0.499976,0.499988,0.499976,0.499975,0.49995,0.500025,0.49995,0.500025,0.49995,0.500024,0.5,0.500012,0.499976,0.500025,0.49995,0.50005,0.5,0.500024,0.5,0.500012,0.499976,0.500024,0.5,0.500012,0.500024,0.499988,0.500024,0.499976,0.5,0.499988,0.499976]}}],"meshes":[{"aabb":{"min":[-15.9667,-13.8276,0.201408],"max":[15.9667,13.8276,34.3977]},"vertices":0,"indices":[0,1,2,3,4,5,6,7,8,9,10,11,12,13,14,15,16,17,18,19,20,21,22,23,24,25,26,27,28,29,30,31,32,33,34,35,36,37,38,39,40,41,42,43,44,45,46,43,47,48,49,50,51,52,53,54,55,53,55,56,53,56,57,53,57,58],"type":"triangles","base":0,"count":66}],"meshInstances":[{"node":1,"mesh":0}]}}