{"model":{"version":3,"nodes":[{"name":"RootNode","position":[0,0,0],"rotation":[0,0,0],"scale":[0.01,0.01,0.01],"scaleCompensation":false},{"name":"beach_kelp02_m_root","position":[0,0,0],"rotation":[0,0,0],"scale":[1,1,1],"scaleCompensation":false},{"name":"default","position":[0,0,0],"rotation":[0,0,0],"scale":[1,1,1],"scaleCompensation":false}],"parents":[-1,0,1],"skins":[],"morphs":[],"vertices":[{"position":{"type":"float32","components":3,"data":[-0.056582,0.439634,-0.024616,-0.044196,0.362659,-0.020738,-0.059853,0.360157,-0.021298,-0.041497,0.280759,-0.005451,-0.05354,0.28076,-0.03234,-0.034765,0.21042,-0.035135,-0.060697,0.205659,-0.009148,-0.046163,0.147213,-0.000988,-0.050193,0.148565,-0.042369,-0.034905,0.087414,-0.018912,-0.065002,0.084143,-0.02764,-0.036634,0.00061,-0.002065,-0.048074,-0.00061,-0.023653,-0.002226,0.294063,0.035493,0.001102,0.24213,0.036086,0.006226,0.242133,0.045708,0.01096,0.184827,0.032777,-0.000363,0.183791,0.049019,-0.005256,0.135538,0.044271,0.018044,0.129731,0.049976,0.008476,0.095815,0.026288,-0.013588,0.096231,0.039484,-0.006791,0.053905,0.031617,-0.011496,0.05916,0.011831,-0.01443,-0.000176,0.01307,-0.00567,0.001806,-0.000543]},"normal":{"type":"float32","components":3,"data":[0.0426,-0.0434,-0.9981,0.3863,-0.0136,-0.9222,0.4323,-0.0091,-0.9017,0.9663,0.0034,-0.2573,0.9655,0.0035,-0.2603,0.9601,-0.0096,0.2796,0.9588,-0.0089,0.2839,0.9911,-0.0077,-0.1331,0.9927,-0.0076,-0.1199,0.7226,-0.0272,-0.6907,0.7133,-0.0286,-0.7003,0.5921,-0.0452,-0.8046,0.5921,-0.0452,-0.8046,-0.8815,-0.0511,0.4694,-0.9901,-0.0423,0.1341,-0.9947,-0.041,0.0945,-0.7494,-0.0822,-0.6569,-0.7069,-0.0881,-0.7017,-0.2136,0.1259,-0.9687,-0.1986,0.1625,-0.9665,-0.5304,0.3661,-0.7645,-0.5236,0.3671,-0.7688,-0.95,0.1578,-0.2694,-0.9527,0.153,-0.2625,-0.9928,0.0468,-0.1104,-0.9928,0.0468,-0.1104]},"texCoord0":{"type":"float32","components":2,"data":[0.442771,0.963287,0.44313,0.966602,0.442455,0.966602,0.44313,0.970148,0.442455,0.970148,0.442455,0.973405,0.44313,0.973405,0.44313,0.97611,0.442455,0.97611,0.44313,0.978949,0.442455,0.978949,0.44313,0.982737,0.442455,0.982737,0.443001,0.963287,0.443298,0.965227,0.442455,0.965227,0.443298,0.967936,0.442455,0.967936,0.442455,0.970409,0.443298,0.970409,0.443298,0.972328,0.442455,0.972328,0.442455,0.974359,0.443298,0.974359,0.442455,0.977058,0.443298,0.977058]}}],"meshes":[{"aabb":{"min":[-0.065002,-0.00061,-0.042369],"max":[0.018044,0.439634,0.049976]},"vertices":0,"indices":[0,1,2,3,2,1,2,3,4,5,3,6,3,5,4,7,8,6,6,8,5,9,8,7,8,9,10,11,10,9,10,11,12,13,14,15,15,16,17,16,15,14,18,16,19,16,18,17,18,20,21,20,18,19,22,21,20,22,20,23,23,24,22,24,23,25],"type":"triangles","base":0,"count":66}],"meshInstances":[{"node":2,"mesh":0}]}}