{"model":{"version":3,"nodes":[{"name":"RootNode","position":[0,0,0],"rotation":[0,0,0],"scale":[0.001,0.001,0.001],"scaleCompensation":false},{"name":"Star001","position":[-34.5657,0,-0.996168],"rotation":[-90,18.1474,1.14992e-15],"scale":[1,1,1],"scaleCompensation":false}],"parents":[-1,0],"skins":[],"morphs":[],"vertices":[{"position":{"type":"float32","components":3,"data":[42.1275,-7.1882,0,45.7308,-5.35111,0,45.7308,-5.35111,17.5,42.1275,-7.1882,17.5,48.1331,-3.29734,0,48.1331,-3.29734,17.5,49.3342,-1.11356,0,49.3342,-1.11356,17.5,49.3342,1.11356,0,49.3342,1.11356,17.5,48.1331,3.29734,0,48.1331,3.29734,17.5,45.7308,5.35111,0,45.7308,5.35111,17.5,42.1275,7.1882,0,42.1275,7.1882,17.5,21.4189,15.5617,0,21.4189,15.5617,17.5,21.4189,15.5617,0,19.8545,37.8443,0,19.8545,37.8443,17.5,21.4189,15.5617,17.5,19.2208,41.839,0,19.2208,41.839,17.5,18.0099,44.7584,0,18.0099,44.7584,17.5,16.3042,46.5755,0,16.3042,46.5755,17.5,14.1861,47.2637,0,14.1861,47.2637,17.5,11.738,46.7962,0,11.738,46.7962,17.5,9.0424,45.1462,0,9.0424,45.1462,17.5,6.18172,42.2869,0,6.18172,42.2869,17.5,-8.18129,25.1794,0,-8.18129,25.1794,17.5,-8.18129,25.1794,0,-29.8567,30.5773,0,-29.8567,30.5773,17.5,-8.18129,25.1794,17.5,-33.8517,31.209,0,-33.8517,31.209,17.5,-37.0024,30.9595,0,-37.0024,30.9595,17.5,-39.2577,29.8988,0,-39.2577,29.8988,17.5,-40.5667,28.097,0,-40.5667,28.097,17.5,-40.8786,25.6243,0,-40.8786,25.6243,17.5,-40.1423,22.5508,0,-40.1423,22.5508,17.5,-38.307,18.9465,0,-38.307,18.9465,17.5,-26.4752,-2.31454e-06,0,-26.4752,-2.31454e-06,17.5,-26.4752,-2.31454e-06,0,-38.307,-18.9465,0,-38.307,-18.9465,17.5,-26.4752,-2.31454e-06,17.5,-40.1423,-22.5508,0,-40.1423,-22.5508,17.5,-40.8786,-25.6243,0,-40.8786,-25.6243,17.5,-40.5667,-28.097,0,-40.5667,-28.097,17.5,-39.2577,-29.8988,0,-39.2577,-29.8988,17.5,-37.0024,-30.9595,0,-37.0024,-30.9595,17.5,-33.8517,-31.2091,0,-33.8517,-31.2091,17.5,-29.8567,-30.5773,0,-29.8567,-30.5773,17.5,-8.18128,-25.1794,0,-8.18128,-25.1794,17.5,-8.18128,-25.1794,0,6.18173,-42.2869,0,6.18173,-42.2869,17.5,-8.18128,-25.1794,17.5,9.04241,-45.1462,0,9.04241,-45.1462,17.5,11.738,-46.7962,0,11.738,-46.7962,17.5,14.1861,-47.2637,0,14.1861,-47.2637,17.5,16.3042,-46.5755,0,16.3042,-46.5755,17.5,18.0099,-44.7583,0,18.0099,-44.7583,17.5,19.2208,-41.839,0,19.2208,-41.839,17.5,19.8545,-37.8443,0,19.8545,-37.8443,17.5,21.4189,-15.5617,0,21.4189,-15.5617,17.5,21.4189,-15.5617,0,21.4189,-15.5617,17.5,14.1861,-47.2637,0,18.0099,-44.7583,0,16.3042,-46.5755,0,11.738,-46.7962,0,9.04241,-45.1462,0,19.2208,-41.839,0,6.18173,-42.2869,0,19.8545,-37.8443,0,-8.18128,-25.1794,0,21.4189,-15.5617,0,-40.8786,-25.6243,0,-39.2577,-29.8988,0,-40.5667,-28.097,0,-37.0024,-30.9595,0,-40.1423,-22.5508,0,-33.8517,-31.2091,0,-29.8567,-30.5773,0,-38.307,-18.9465,0,-26.4752,-2.31454e-06,0,42.1275,-7.1882,0,-38.307,18.9465,0,-40.1423,22.5508,0,-40.8786,25.6243,0,-40.5667,28.097,0,-39.2577,29.8988,0,-37.0024,30.9595,0,-33.8517,31.209,0,-29.8567,30.5773,0,-8.18129,25.1794,0,45.7308,-5.35111,0,48.1331,-3.29734,0,49.3342,-1.11356,0,49.3342,1.11356,0,48.1331,3.29734,0,45.7308,5.35111,0,42.1275,7.1882,0,21.4189,15.5617,0,6.18172,42.2869,0,19.8545,37.8443,0,19.2208,41.839,0,9.0424,45.1462,0,11.738,46.7962,0,18.0099,44.7584,0,14.1861,47.2637,0,16.3042,46.5755,0,14.1861,-47.2637,17.5,16.3042,-46.5755,17.5,18.0099,-44.7583,17.5,11.738,-46.7962,17.5,9.04241,-45.1462,17.5,19.2208,-41.839,17.5,6.18173,-42.2869,17.5,19.8545,-37.8443,17.5,-8.18128,-25.1794,17.5,21.4189,-15.5617,17.5,-40.8786,-25.6243,17.5,-40.5667,-28.097,17.5,-39.2577,-29.8988,17.5,-37.0024,-30.9595,17.5,-40.1423,-22.5508,17.5,-33.8517,-31.2091,17.5,-29.8567,-30.5773,17.5,-38.307,-18.9465,17.5,-26.4752,-2.31454e-06,17.5,42.1275,-7.1882,17.5,-38.307,18.9465,17.5,-40.1423,22.5508,17.5,-40.8786,25.6243,17.5,-40.5667,28.097,17.5,-39.2577,29.8988,17.5,-37.0024,30.9595,17.5,-33.8517,31.209,17.5,-29.8567,30.5773,17.5,-8.18129,25.1794,17.5,45.7308,-5.35111,17.5,48.1331,-3.29734,17.5,49.3342,-1.11356,17.5,49.3342,1.11356,17.5,48.1331,3.29734,17.5,45.7308,5.35111,17.5,42.1275,7.1882,17.5,21.4189,15.5617,17.5,6.18172,42.2869,17.5,19.8545,37.8443,17.5,19.2208,41.839,17.5,9.0424,45.1462,17.5,11.738,46.7962,17.5,18.0099,44.7584,17.5,14.1861,47.2637,17.5,16.3042,46.5755,17.5]},"normal":{"type":"float32","components":3,"data":[0.414929,-0.909854,0,0.555875,-0.831266,0,0.555876,-0.831266,0,0.414929,-0.909854,0,0.775588,-0.631239,0,0.775588,-0.631239,0,0.968558,-0.248787,0,0.968558,-0.248787,0,0.968558,0.248789,0,0.968558,0.24879,0,0.775588,0.631239,0,0.775588,0.63124,0,0.555876,0.831265,0,0.555876,0.831265,0,0.414929,0.909854,0,0.414929,0.909854,0,0.374866,0.927079,0,0.374866,0.927079,0,0.997545,0.0700353,0,0.993542,0.113461,0,0.993542,0.113461,0,0.997545,0.0700353,0,0.962355,0.271794,0,0.962356,0.271794,0,0.840014,0.542564,0,0.840014,0.542564,0,0.535912,0.844274,0,0.535912,0.844274,0,0.0626882,0.998033,0,0.0626882,0.998033,0,-0.360674,0.932692,0,-0.360674,0.932692,0,-0.618805,0.785544,0,-0.618805,0.785544,0,-0.737103,0.675781,0,-0.737102,0.675781,0,-0.765865,0.643002,0,-0.765865,0.643002,0,0.241651,0.970363,0,0.199114,0.979976,0,0.199114,0.979976,0,0.241651,0.970363,0,0.0388927,0.999243,0,0.0388927,0.999243,0,-0.25643,0.966563,0,-0.25643,0.966563,0,-0.637346,0.770578,0,-0.637346,0.770578,0,-0.929814,0.368029,0,-0.929814,0.368029,0,-0.998497,-0.0548045,0,-0.998497,-0.0548046,0,-0.938319,-0.345772,0,-0.938318,-0.345772,0,-0.870483,-0.492198,0,-0.870483,-0.492198,0,-0.848196,-0.529682,0,-0.848196,-0.529682,0,-0.848196,0.529682,0,-0.870483,0.492198,0,-0.870483,0.492198,0,-0.848196,0.529682,0,-0.938319,0.345772,0,-0.938319,0.345772,0,-0.998497,0.0548044,0,-0.998497,0.0548043,0,-0.929814,-0.36803,0,-0.929814,-0.36803,0,-0.637344,-0.770579,0,-0.637344,-0.770579,0,-0.25643,-0.966563,0,-0.25643,-0.966563,0,0.0388925,-0.999243,0,0.0388925,-0.999243,0,0.199114,-0.979976,0,0.199114,-0.979976,0,0.241651,-0.970363,0,0.241651,-0.970363,0,-0.765865,-0.643001,0,-0.737102,-0.675781,0,-0.737102,-0.675781,0,-0.765865,-0.643002,0,-0.618805,-0.785544,0,-0.618805,-0.785544,0,-0.360674,-0.932692,0,-0.360674,-0.932692,0,0.062689,-0.998033,0,0.062689,-0.998033,0,0.535913,-0.844273,0,0.535913,-0.844273,0,0.840015,-0.542563,0,0.840015,-0.542563,0,0.962355,-0.271794,0,0.962355,-0.271794,0,0.993542,-0.113461,0,0.993542,-0.113461,0,0.997545,-0.070035,0,0.997545,-0.070035,0,0.374866,-0.927079,0,0.374866,-0.927079,0,0,0,-1,0,0,-1,0,0,-1,0,0,-1,0,0,-1,0,0,-1,0,0,-1,0,0,-1,0,0,-1,0,0,-1,0,0,-1,0,0,-1,0,0,-1,0,0,-1,0,0,-1,0,0,-1,0,0,-1,0,0,-1,0,0,-1,0,0,-1,0,0,-1,0,0,-1,0,0,-1,0,0,-1,0,0,-1,0,0,-1,0,0,-1,0,0,-1,0,0,-1,0,0,-1,0,0,-1,0,0,-1,0,0,-1,0,0,-1,0,0,-1,0,0,-1,0,0,-1,0,0,-1,0,0,-1,0,0,-1,0,0,-1,0,0,-1,0,0,-1,0,0,-1,0,0,-1,0,0,1,0,0,1,0,0,1,0,0,1,0,0,1,0,0,1,0,0,1,0,0,1,0,0,1,0,0,1,0,0,1,0,0,1,0,0,1,0,0,1,0,0,1,0,0,1,0,0,1,0,0,1,0,0,1,0,0,1,0,0,1,0,0,1,0,0,1,0,0,1,0,0,1,0,0,1,0,0,1,0,0,1,0,0,1,0,0,1,0,0,1,0,0,1,0,0,1,0,0,1,0,0,1,0,0,1,0,0,1,0,0,1,0,0,1,0,0,1,0,0,1,0,0,1,0,0,1,0,0,1,0,0,1]}}],"meshes":[{"aabb":{"min":[-40.8786,-47.2637,0],"max":[49.3342,47.2637,17.5]},"vertices":0,