{"model":{"version":3,"nodes":[{"name":"RootNode","position":[0,0,0],"rotation":[0,0,0],"scale":[0.01,0.01,0.01],"scaleCompensation":false},{"name":"obstacle-ropefence_02_start_H1_shadow","position":[0,0,0],"rotation":[2.50448e-06,-0,0],"scale":[1,1,1],"scaleCompensation":false}],"parents":[-1,0],"skins":[],"morphs":[],"vertices":[{"position":{"type":"float32","components":3,"data":[-101.758,2,95.445,-94.1188,2,46.2631,-105.321,2,35.9665,-105.321,2,35.9665,-122.226,2,50.8056,-126.361,2,84.2346,-126.361,2,84.2346,-132.789,2,93.1668,-118.147,2,103.432,-136.093,2,135.495,-132.417,2,152.452,-132.417,2,152.452,-120.833,2,157.719,-93.6754,2,145.829,-86.9214,2,130.447,-86.9214,2,130.447,-2.9613,2,-8.71906,-101.758,2,95.445,11.8468,2,5.2785,12.0402,2,-4.68305,4.46208,2,-9.82758,-4.01983,-2.38067e-15,-12.3216,-93.1201,2,73.9425,-101.758,2,95.445,-101.758,2,95.445,-2.9613,2,-8.71906,-4.01983,-2.38067e-15,-12.3216,-93.1201,2,73.9425,-82.5237,2,43.3384,-94.1188,2,46.2631,-105.167,2,22.5254,-131.683,2,45.801,-135.971,2,80.4691,-146.819,2,95.5429,-131.286,2,106.433,-146.668,2,133.914,-136.093,2,135.495,-141.127,2,159.477,-120.909,2,168.669,-86.0886,2,153.423,-120.833,2,157.719,-86.0886,2,153.423,-78.1878,2,135.43,-78.1878,2,135.43,14.8169,-3.5041e-15,6.02539,11.8468,2,5.2785,11.8468,2,5.2785,14.8169,-3.5041e-15,6.02539,15.1949,-2.75126e-15,-6.26945,12.0402,2,-4.68305,12.0402,2,-4.68305,11.8468,2,5.2785,14.8169,-3.5041e-15,6.02539,15.1949,-2.75126e-15,-6.26945,5.88195,-2.26045e-15,-14.285,4.46208,2,-9.82758,4.46208,2,-9.82758,12.0402,2,-4.68305,15.1949,-2.75126e-15,-6.26945,5.88195,-2.26045e-15,-14.285,-4.01983,-2.38067e-15,-12.3216,-2.9613,2,-8.71906,-2.9613,2,-8.71906,4.46208,2,-9.82758,5.88195,-2.26045e-15,-14.285]},"normal":{"type":"float32","components":3,"data":[0,1,6.12323e-17,0,1,6.12323e-17,0,1,6.12323e-17,0,1,6.12323e-17,0,1,6.12323e-17,0,1,6.12323e-17,0,1,6.12323e-17,0,1,6.12323e-17,0,1,6.12323e-17,0,1,6.12323e-17,0,1,6.12323e-17,0,1,6.12323e-17,0,1,6.12323e-17,0,1,6.12323e-17,0,1,6.12323e-17,0,1,6.12323e-17,0,1,6.12323e-17,0,1,6.12323e-17,0,1,6.12323e-17,0,1,6.12323e-17,0,1,6.12323e-17,0.0367035,0.999217,0.0147438,0.0367035,0.999217,0.0147438,0.0367035,0.999217,0.0147438,-0.380499,0.851456,-0.360892,-0.380499,0.851456,-0.360892,-0.380499,0.851456,-0.360892,0,1,6.12323e-17,0,1,6.12323e-17,0,1,6.12323e-17,0,1,6.12323e-17,0,1,6.12323e-17,0,1,6.12323e-17,0,1,6.12323e-17,0,1,6.12323e-17,0,1,6.12323e-17,0,1,6.12323e-17,0,1,6.12323e-17,0,1,6.12323e-17,0,1,6.12323e-17,0,1,6.12323e-17,0,1,6.12323e-17,0,1,6.12323e-17,0.470469,0.820206,0.325455,0.470469,0.820206,0.325455,0.470469,0.820206,0.325455,0,1,6.12323e-17,0.541321,0.840652,0.0166423,0.541321,0.840652,0.0166423,0.541321,0.840652,0.0166423,0.556647,0.830679,0.0108057,0.556647,0.830679,0.0108057,0.556647,0.830679,0.0108057,0.274868,0.906895,-0.319358,0.274868,0.906895,-0.319358,0.274868,0.906895,-0.319358,0.305579,0.839049,-0.450131,0.305579,0.839049,-0.450131,0.305579,0.839049,-0.450131,-0.0917242,0.881813,-0.462594,-0.0917242,0.881813,-0.462594,-0.0917242,0.881813,-0.462594,-0.0635116,0.902814,-0.425315,-0.0635116,0.902814,-0.425315,-0.0635116,0.902814,-0.425315]},"color":{"type":"uint8","components":4,"data":[255,255,255,255,255,255,255,255,255,255,255,255,255,255,255,255,255,255,255,255,255,255,255,255,255,255,255,255,255,255,255,255,255,255,255,255,255,255,255,255,255,255,255,255,255,255,255,255,255,255,255,255,255,255,255,255,255,255,255,255,255,255,255,255,255,255,255,255,255,255,255,255,255,255,255,255,255,255,255,255,255,255,255,255,255,255,255,0,255,255,255,0,255,255,255,255,255,255,255,255,255,255,255,255,255,255,255,0,255,255,255,0,255,255,255,0,255,255,255,255,255,255,255,0,255,255,255,0,255,255,255,0,255,255,255,0,255,255,255,0,255,255,255,0,255,255,255,255,255,255,255,0,255,255,255,0,255,255,255,0,255,255,255,255,255,255,255,0,255,255,255,0,255,255,255,0,255,255,255,0,255,255,255,255,255,255,255,255,255,255,255,0,255,255,255,0,255,255,255,255,255,255,255,255,255,255,255,255,255,255,255,0,255,255,255,0,255,255,255,0,255,255,255,255,255,255,255,255,255,255,255,255,255,255,255,0,255,255,255,0,255,255,255,0,255,255,255,255,255,255,255,255,255,255,255,255,255,255,255,0]},"texCoord0":{"type":"float32","components":2,"data":[1,1,1,1,1,1,1,1,1,1,1,1,1,1,1,1,1,1,1,1,1,1,1,1,1,1,1,1,1,1,1,1,1,1,1,1,1,1,1,1,1,1,1,1,1,1,1,1,1,1,1,1,1,1,1,1,1,1,1,1,1,1,1,1,1,1,1,1,1,1,1,1,1,1,1,1,1,1,1,1,1,1,1,1,1,1,1,1,1,1,1,1,1,1,1,1,1,1,1,1,1,1,1,1,1,1,1,1,1,1,1,1,1,1,1,1,1,1,1,1,1,1,1,1,1,1,1,1,1,1]}}],"meshes":[{"aabb":{"min":[-146.819,-3.5041e-15,-14.285],"max":[15.1949,2,168.669]},"vertices":0,"indices":[0,1,2,3,4,5,0,2,6,5,7,8,0,5,8,8,9,10,11,12,13,8,11,13,8,13,14,0,8,15,16,17,14,16,15,18,16,18,19,16,19,20,21,22,23,24,25,26,27,28,29,29,17,27,28,30,2,3,29,28,30,31,4,4,3,30,31,32,5,5,4,31,32,33,7,7,5,32,33,34,8,8,7,33,34,35,9,36,8,34,35,37,10,10,36,35,37,38,12,12,10,37,38,39,13,13,40,38,41,42,15,15,13,39,43,44,45,46,14,42,47,48,49,50,51,52,53,54,55,56,57,58,59,60,61,62,63,64],"type":"triangles","base":0,"count":138}],"meshInstances":[{"node":1,"mesh":0}]}}