{"model":{"version":3,"nodes":[{"name":"RootNode","position":[0,0,0],"rotation":[0,0,0],"scale":[0.0254,0.0254,0.0254],"scaleCompensation":false},{"name":"glow","position":[15.4549,-0.577061,0],"rotation":[90,0,0],"scale":[-1,-1,-1],"scaleCompensation":false}],"parents":[-1,0],"skins":[],"morphs":[],"vertices":[{"position":{"type":"float32","components":3,"data":[-114,-493.226,-9.91821e-05,-80,-493.226,-9.91821e-05,-80.0001,493.226,9.91821e-05,-80.0001,493.226,9.91821e-05,-114,493.226,9.91821e-05,-114,-493.226,-9.91821e-05,145.007,-493.226,-9.91821e-05,111.007,493.226,9.91821e-05,111.007,-493.226,-9.91821e-05,111.007,493.226,9.91821e-05,145.007,-493.226,-9.91821e-05,145.007,493.226,9.91821e-05]},"normal":{"type":"float32","components":3,"data":[0,-2.01089e-07,1,0,-2.01089e-07,1,0,-2.01089e-07,1,-3.60985e-13,-2.01089e-07,1,-3.60985e-13,-2.01089e-07,1,-3.60985e-13,-2.01089e-07,1,0,-2.01089e-07,1,0,-2.01089e-07,1,0,-2.01089e-07,1,0,-2.01089e-07,1,0,-2.01089e-07,1,0,-2.01089e-07,1]},"texCoord0":{"type":"float32","components":2,"data":[0.806698,0.732257,0.806698,0.780202,0.806694,0.780202,0.806694,0.780202,0.806694,0.732257,0.806698,0.732257,0.806698,0.732257,0.806694,0.780202,0.806698,0.780202,0.806694,0.780202,0.806698,0.732257,0.806694,0.732257]}}],"meshes":[{"aabb":{"min":[-114,-493.226,-9.91821e-05],"max":[145.007,493.226,9.91821e-05]},"vertices":0,"indices":[0,1,2,3,4,5,6,7,8,9,10,11],"type":"triangles","base":0,"count":12}],"meshInstances":[{"node":1,"mesh":0}]}}