{"model":{"version":3,"nodes":[{"name":"RootNode","position":[0,0,0],"rotation":[0,0,0],"scale":[0.01,0.01,0.01],"scaleCompensation":false},{"name":"obstacle-ropefence_02_H1_shadow","position":[0,0,0],"rotation":[2.50448e-06,-0,0],"scale":[1,1,1],"scaleCompensation":false}],"parents":[-1,0],"skins":[],"morphs":[],"vertices":[{"position":{"type":"float32","components":3,"data":[-126.399,2,374.538,-139.421,2,389.028,-130.231,2,399.622,-109.166,2,293.214,-149.777,2,422.82,-156.497,2,443.282,-156.497,2,443.282,-145.667,2,454.191,-118.276,2,442.908,-118.276,2,442.908,-120.159,2,679.541,-131.727,2,693.908,-117.981,2,708.394,-109.523,2,611.992,-103.907,2,554.131,-109.523,2,611.992,-117.981,2,708.394,-130.225,2,722.013,-131.614,2,746.607,-119.377,2,755.651,-97.6911,2,750.946,-131.614,2,746.607,-85.3142,2,741.448,-80.2615,2,726.839,-80.2615,2,726.839,14.8957,2,603.159,12.187,2,595.34,4.79613,2,592.404,-2.35175,2,594.193,-110.028,2,699.843,-94.0227,2,613.447,-89.5174,2,555.524,-110.028,2,699.843,-89.5174,2,555.524,-105.404,2,498.784,-92.8651,2,494.721,-107.232,2,431.514,9.8567,2,304.493,9.46197,2,296.075,9.46197,2,296.075,4.56756,2,290.556,-7.17377,2,292.025,-7.17377,2,292.025,-113.751,2,389.768,-109.166,2,293.214,-113.751,2,389.768,-100.855,2,203.689,-94.7791,2,296.088,-89.0309,2,196.114,-109.561,-1.15643e-14,137.659,-100.855,2,203.689,-89.0309,2,196.114,-109.561,-1.15643e-14,137.659,-89.0309,2,196.114,-97.0783,-1.13388e-14,133.976,-118.638,-1.16677e-14,139.347,-110.911,2,203.824,-100.855,2,203.689,-100.855,2,203.689,-109.561,-1.15643e-14,137.659,-118.638,-1.16677e-14,139.347,-110.911,2,203.824,-119.069,2,291.71,-110.911,2,203.824,-119.069,2,291.71,-135.627,2,369.845,-126.399,2,374.538,-152.761,2,388.912,-143.387,2,399.717,-158.673,2,417.858,-158.673,2,417.858,-167.908,2,445.98,-149.777,2,422.82,-167.908,2,445.98,-148.048,2,465.987,-125.373,2,456.646,-115.373,2,500.054,-113.92,2,553.782,-119.447,2,610.73,-129.622,2,675.349,-129.622,2,675.349,-145,2,694.449,-131.727,2,693.908,-131.593,2,708.577,-140.011,2,717.941,-131.593,2,708.577,-141.903,2,751.437,-121.681,2,766.384,-119.377,2,755.651,-93.3808,2,760.244,-76.8448,2,747.554,-71.2804,2,731.466,-76.8448,2,747.554,-71.2804,2,731.466,20.2184,-4.00494e-14,602.855,14.8957,2,603.159,20.2184,-4.00494e-14,602.855,16.6727,-3.93908e-14,592.099,12.187,2,595.34,12.187,2,595.34,14.8957,2,603.159,20.2184,-4.00494e-14,602.855,16.6727,-3.93908e-14,592.099,5.20244,-3.90424e-14,586.41,4.79613,2,592.404,4.79613,2,592.404,12.187,2,595.34,16.6727,-3.93908e-14,592.099,5.20244,-3.90424e-14,586.41,-5.15861,-3.92106e-14,589.157,-2.35175,2,594.193,-2.35175,2,594.193,4.79613,2,592.404,5.20244,-3.90424e-14,586.41,-5.15861,-3.92106e-14,589.157,-94.7063,2,672.037,-110.028,2,699.843,-110.028,2,699.843,-2.35175,2,594.193,-5.15861,-3.92106e-14,589.157,-94.7063,2,672.037,-84.0938,2,614.749,-94.0227,2,613.447,-79.496,2,555.637,-82.9266,2,493.328,-96.3577,2,434.238,-82.9266,2,493.328,-96.3577,2,434.238,14.6961,-2.1882e-14,306.158,9.8567,2,304.493,14.6961,-2.1882e-14,306.158,15.3206,-2.1111e-14,293.568,9.46197,2,296.075,9.46197,2,296.075,9.8567,2,304.493,14.6961,-2.1882e-14,306.158,15.3206,-2.1111e-14,293.568,7.02023,-2.06081e-14,285.356,4.56756,2,290.556,4.56756,2,290.556,9.46197,2,296.075,15.3206,-2.1111e-14,293.568,7.02023,-2.06081e-14,285.356,-9.78459,-2.06783e-14,286.501,-7.17377,2,292.025,-7.17377,2,292.025,4.56756,2,290.556,7.02023,-2.06081e-14,285.356,-9.78459,-2.06783e-14,286.501,-98.1292,2,363.01,-113.751,2,389.768,-113.751,2,389.768,-7.17377,2,292.025,-9.78459,-2.06783e-14,286.501,-98.1292,2,363.01,-84.8365,2,297.374,-94.7791,2,296.088,-98.1292,2,363.01,-84.8365,2,297.374,-78.9976,2,195.821,-78.9976,2,195.821,-86.6592,-1.109e-14,129.912,-97.0783,-1.13388e-14,133.976,-97.0783,-1.13388e-14,133.976,-89.0309,2,196.114,-78.9976,2,195.821]},"normal":{"type":"float32","components":3,"data":[0,1,6.12323e-17,0,1,6.12323e-17,0,1,6.12323e-17,0,1,6.12323e-17,0,1,6.12323e-17,0,1,6.12323e-17,0,1,6.12323e-17,0,1,6.12323e-17,0,1,6.12323e-17,0,1,6.12323e-17,0,1,6.12323e-17,0,1,6.12323e-17,0,1,6.12323e-17,0,1,6.12323e-17,0,1,6.12323e-17,0,1,6.12323e-17,0,1,6.12323e-17,0,1,6.12323e-17,0,1,6.12323e-17,0,1,6.12323e-17,0,1,6.12323e-17,0,1,6.12323e-17,0,1,6.12323e-17,0,1,6.12323e-17,0,1,6.12323e-17,0,1,6.12323e-17,0,1,6.12323e-17,0,1,6.12323e-17,0,1,6.12323e-17,0,1,6.12323e-17,0,1,6.12323e-17,0,1,6.12323e-17,0,1,6.12323e-17,0,1,6.12323e-17,0,1,6.12323e-17,0,1,6.12323e-17,0,1,6.12323e-17,0,1,6.12323e-17,0,1,6.12323e-17,0,1,6.12323e-17,0,1,6.12323e-17,0,1,6.12323e-17,0,1,6.12323e-17,0,1,6.12323e-17,0,1,6.12323e-17,0,1,6.12323e-17,0,1,6.12323e-17,0,1,6.12323e-17,0,1,6.12323e-17,-0.0178842,0.99945,-0.0279146,-0.0178842,0.99945,-0.0279146,-0.0178842,0.99945,-0.0279146,-0.00914147,0.999478,-0.0309861,-0.00914147,0.999478,-0.0309861,-0.00914147,0.999478,-0.0309861,-0.000413589,0.999521,-0.0309544,-0.000413589,0.999521,-0.0309544,-0.000413589,0.999521,-0.0309544,-0.00549336,0.999548,-0.0295512,-0.00549336,0.999548,-0.0295512,-0.00549336,0.999548,-0.0295512,0,1,6.12323e-17,0,1,6.12323e-17,0,1,6.12323e-17,0,1,6.12323e-17,0,1,6.12323e-17,0,1,6.12323e-17,0,1,6.12323e-17,0,1,6.12323e-17,0,1,6.12323e-17,0,1,6.12323e-17,0,1,6.12323e-17,0,1,6.12323e-17,0,1,6.12323e-17,0,1,6.12323e-17,0,1,6.12323e-17,0,1,6.12323e-17,0,1,6.12323e-17,0,1,6.12323e-17,0,1,6.12323e-17,0,1,6.12323e-17,0,1,6.12323e-17,0,1,6.12323e-17,0,1,6.12323e-17,0,1,6.12323e-17,0,1,6.12323e-17,0,1,6.12323e-17,0,1,6.12323e-17,0,1,6.12323e-17,0,1,6.12323e-17,0,1,6.12323e-17,0,1,6.12323e-17,0,1,6.12323e-17,0.353533,0.904783,0.237449,0.353533,0.904783,0.237449,0.353533,0.904783,0.237449,0.336718,0.93504,-0.111,0.336718,0.93504,-0.111,0.336718,0.93504,-0.111,0.343283,0.931674,-0.118911,0.343283,0.931674,-0.118911,0.343283,0.931674,-0.118911,0.150626,0.940786,-0.303698,0.150626,0.940786,-0.303698,0.150626,0.940786,-0.303698,0.145382,0.919158,-0.366078,0.145382,0.919158,-0.366078,0.145382,0.919158,-0.366078,-0.0863418,0.941506,-0.325747,-0.0863418,0.941506,-0.325747,-0.0863418,0.941506,-0.325747,-0.0801803,0.94389,-0.320379,-0.0801803,0.94389,-0.320379,-0.0801803,0.94389,-0.320379,0.0455164,0.998649,0.0250796,0.0455164,0.998649,0.0250796,0.0455164,0.998649,0.0250796,-0.237023,0.940991,-0.241569,-0.237023,0.940991,-0.241569,-0.237023,0.940991,-0.241569,0,1,6.12323e-17,0,1,6.12323e-17,0,1,6.12323e-17,0,1,6.12323e-17,0,1,6.12323e-17,0,1,6.12323e-17,0,1,6.12323e-17,0.297631,0.923065,0.243652,0.297631,0.923065,0.243652,0.297631,0.923065,0.243652,0.32928,0.944091,0.0163315,0.32928,0.944091,0.0163315,0.32928,0.944091,0.0163315,0.387207,0.921814,-0.0181564,0.387207,0.921814,-0.0181564,0.387207,0.921814,-0.0181564,0.243416,0.938203,-0.246015,0.243416,0.938203,-0.246015,0.243416,0.938203,-0.246015,0.234954,0.949411,-0.208365,0.234954,0.949411,-0.208365,0.234954,0.949411,-0.208365,-0.0225521,0.943391,-0.330914,-0.0225521,0.943391,-0.330914,-0.0225521,0.943391,-0.330914,-0.0472677,0.924641,-0.377894,-0.0472677,0.924641,-0.377894,-0.0472677,0.924641,-0.377894,0.0457271,0.998597,0.0266967,0.0457271,0.998597,0.0266967,0.0457271,0.998597,0.0266967,-0.219134,0.945985,-0.238939,-0.219134,0.945985,-0.238939,-0.219134,0.945985,-0.238939,0,1,6.12323e-17,0,1,6.12323e-17,0,1,6.12323e-17,0,1,6.12323e-17,0,1,6.12323e-17,0,1,6.12323e-17,-0.0113182,0.999515,-0.0290144,-0.0113182,0.999515,-0.0290144,-0.0113182,0.999515,-0.0290144,-0.00093441,0.999486,-0.0320492,-0.000934409,0.999486,-0.0320492,-0.000934409,0.999486,-0.0320492]},"color":{"type":"uint8","components":4,