{"model":{"version":3,"nodes":[{"name":"RootNode","position":[0,0,0],"rotation":[0,0,0],"scale":[0.01,0.01,0.01],"scaleCompensation":false},{"name":"obstacle-ropefence_01_down_H1","position":[0,0,0],"rotation":[2.50448e-06,-0,0],"scale":[1,1,1],"scaleCompensation":false}],"parents":[-1,0],"skins":[],"morphs":[],"vertices":[{"position":{"type":"float32","components":3,"data":[3.32521,-259.348,563.267,3.84938,-239.718,553.185,17.528,-258.978,569.73,23.9351,-239.194,562.326,-11.2941,-258.737,568.702,-16.8255,-238.853,560.871,-25.9784,-237.107,580.882,-17.7662,-257.502,582.852,-12.2998,-256.368,597.428,-18.2477,-235.503,601.496,1.83807,-234.979,610.637,1.903,-255.998,603.892,16.5223,-256.609,598.457,22.5129,-235.844,602.951,31.6658,-237.59,582.94,22.9944,-257.843,584.307,17.9872,-218.329,566.394,3.78446,-218.699,559.93,-10.8349,-218.088,565.365,-17.307,-216.854,579.515,-11.8405,-215.719,594.092,2.36224,-215.349,600.556,16.9816,-215.96,595.121,23.4536,-217.195,580.97,3.16846,-208.605,579.552,-8.75041,-258.425,572.126,-17.4308,-262.665,583.289,-13.0884,-257.482,583.014,-11.946,-263.857,569.523,-8.75978,-256.547,594.999,-11.9578,-261.483,598.443,1.85844,-261.19,603.923,2.16769,-256.315,599.333,13.3709,-256.732,595.789,16.0234,-261.717,599.442,23.5417,-263.008,584.752,19.3173,-257.753,584.17,14.1707,-258.616,572.944,17.0346,-264.1,570.558,3.25317,-264.475,564.083,14.1707,-258.616,572.944,17.0346,-264.1,570.558,3.27081,-258.914,567.823,-18.9731,-260.949,603.994,10.6353,-453.862,610.707,22.633,-261.297,605.479,-10.5987,-453.685,609.949,22.633,-261.297,605.479,24.0847,-264.717,564.011,-18.9731,-260.949,603.994,-17.5214,-264.369,562.526,-9.85785,-455.43,588.785,-17.5214,-264.369,562.526,11.3762,-455.608,589.543,24.0847,-264.717,564.011,11.3762,-455.608,589.543,24.0847,-264.717,564.011,10.6353,-453.862,610.707,22.633,-261.297,605.479,-18.9731,-260.949,603.994,-9.85785,-455.43,588.785,-10.5987,-453.685,609.949,-17.5214,-264.369,562.526,-11.2942,-40.2321,284.1,-12.6261,-19.6953,276.116,3.12998,-39.4545,290.014,7.7728,-18.5956,284.48,-25.6537,-41.2764,290.129,-32.9334,-21.1721,284.643,-41.2534,-22.1611,305.065,-31.5368,-41.9756,304.57,-25.4973,-41.9203,318.963,-32.7123,-22.0828,325.42,-12.3134,-20.9831,333.784,-11.0731,-41.1427,324.877,3.28633,-40.0984,318.848,7.99391,-19.5063,325.257,16.3139,-18.5173,304.835,9.16945,-39.3991,304.407,0.557798,1.24187,290.937,-13.8664,0.464294,285.023,-28.2258,-0.580002,291.052,-34.109,-1.2793,305.493,-28.0695,-1.22392,319.886,-13.6453,-0.44635,325.8,0.714146,0.597931,319.771,6.59726,1.29721,305.33,-14.2886,8.43745,305.602,-30.8171,-47.1165,304.451,-22.983,-41.1234,293.467,-25.903,-46.4881,290.435,-26.8697,-41.6205,304.553,-22.0694,-41.5856,316.394,-24.7478,-47.0723,319.423,-10.7487,-46.2996,324.366,-10.9973,-40.9744,320.304,0.0318174,-40.1867,316.306,3.19607,-45.3036,319.311,10.1007,-44.5266,304.287,5.4928,-39.5721,304.423,-0.0925188,-39.6746,293.375,3.03887,-44.6562,290.319,-10.9656,-45.4066,284.377,-0.0925188,-39.6746,293.375,3.03887,-44.6562,290.319,-11.1688,-40.2681,288.675,-31.5196,-47.6329,325.266,8.92419,-237.457,310.596,10.0309,-45.003,325.1,-12.2815,-238.8,310.681,9.80525,-44.0735,283.477,-31.5196,-47.6329,325.266,10.0309,-45.003,325.1,-31.7453,-46.7034,283.643,-9.37998,-238.325,289.438,9.80525,-44.0735,283.477,11.8257,-236.983,289.353,-31.7453,-46.7034,283.643,11.8257,-236.983,289.353,9.80525,-44.0735,283.477,8.92419,-237.457,310.596,10.0309,-45.003,325.1,-12.2815,-238.8,310.681,-31.7453,-46.7034,283.643,-9.37998,-238.325,289.438,-31.5196,-47.6329,325.266,-8.91421,139.185,7.51492,-0.101623,69.9632,74.6809,-0.115136,142.919,11.0366,-13.0237,66.0314,70.878,-0.380298,21.6587,121.866,-11.2276,17.4502,118.866,-1.15839,-16.7585,172.021,-11.1143,-21.749,169.617,-3.05603,-47.9366,228.265,-11.8942,-53.1699,226.317,-7.07501,-72.4254,292.73,-15.9409,-78.3842,292.541,-8.869,131.775,0.525347,-12.965,58.296,63.2799,-11.1825,8.93198,112.983,-11.0999,-32.0539,165.015,-11.937,-64.2716,222.758,-16.0578,-91.125,292.98,-0.0247062,128.099,-2.94257,0.0157209,54.4923,59.4847,-0.289983,4.62232,110.099,-1.12963,-37.3683,162.816,-3.14165,-70.14,221.148,-7.30887,-97.9069,293.608,12.9378,58.4241,63.2877,8.77437,131.832,0.579088,10.5574,8.83082,113.099,8.8263,-32.3779,165.22,5.69651,-64.9067,223.096,1.55699,-91.9481,293.797,8.72915,139.242,7.56866,12.8791,66.1595,70.8858,10.5122,17.349,118.982,8.81191,-22.0729,169.822,5.73932,-53.805,226.655,1.67392,-79.2073,293.358,-0.115136,142.919,11.0366,-0.101623,69.9632,74.6809,-0.380298,21.6587,121.866,-1.15839,-16.7585,172.021,-3.05603,-47.9366,228.265,-7.07501,-72.4254,292.73,-14.528,-110.743,314.157,-18.0209,-157.208,367.209,-14.528,-99.4208,320.061,-18.0641,-166.324,359.115,-15.7734,-205.533,415.323,-15.7686,-216.363,408.817,-13.0173,-244.496,465.07,-12.6052,-257.07,460.182,-8.61452,-271.871,515.183,-8.15427,-283.698,510.796,-4.39169,-293.736,577.1,-4.00506,-306.126,575.933,-3.46956,-116.404,311.205,-3.43466,-170.705,354.917,-2.50166,-221.507,405.405,-0.761273,-262.651,457.394,1.37195,-288.539,508.209,4.74854,-311.166,574.583,11.2379,-165.97,358.813,7.5889,-110.743,314.157,10.7604,-215.82,408.499,10.6163,-255.595,459.456,10.4375,-281.553,510.01,13.1155,-303.817,574.4,7.5889,-99.4208,320.061,11.281,-156.854,366.908,10.7556,-204.989,415.006,10.2246,-243.045,464.359,9.97766,-269.727,514.398,12.7289,-291.426,575.567,-3.46955,-93.7596,323.013,-3.34839,-152.473,371.106,-2.5113,-199.846,418.417,-1.59697,-237.49,467.163,0.451896,-264.886,516.985,3.97528,-286.386,576.917,-3.34839,-152.473,371.106,-3.46955,-93.7596,323.013,-2.5113,-199.846,418.417,-1.59697,-237.49,467.163,0.451896,-264.886,516.985,3.97528,-286.386,576.917]},"normal":{"type":"float32","components":3,