{"model":{"version":3,"nodes":[{"name":"RootNode","position":[0,0,0],"rotation":[0,0,0],"scale":[0.0254,0.0254,0.0254],"scaleCompensation":false},{"name":"mandala","position":[0,0,0],"rotation":[-90,-0,0],"scale":[1,1,1],"scaleCompensation":false}],"parents":[-1,0],"skins":[],"morphs":[],"vertices":[{"position":{"type":"float32","components":3,"data":[-404.469,-6.58963e-05,404.469,-404.469,6.58963e-05,-404.469,404.469,-6.58963e-05,404.469,404.469,6.58963e-05,-404.469]},"normal":{"type":"float32","components":3,"data":[0,-1,-1.62921e-07,0,-1,-1.62921e-07,0,-1,-1.62921e-07,0,-1,-1.62921e-07]},"texCoord0":{"type":"float32","components":2,"data":[0.0524531,0.912358,0.0524531,0.00388903,0.960922,0.912358,0.960922,0.00388903]}}],"meshes":[{"aabb":{"min":[-404.469,-6.58963e-05,-404.469],"max":[404.469,6.58963e-05,404.469]},"vertices":0,"indices":[0,1,2,3,2,1],"type":"triangles","base":0,"count":6}],"meshInstances":[{"node":1,"mesh":0}]}}