{"model":{"version":3,"nodes":[{"name":"RootNode","position":[0,0,0],"rotation":[0,0,0],"scale":[0.01,0.01,0.01],"scaleCompensation":false},{"name":"beachtoy02_m_root","position":[0,0,0],"rotation":[0,0,0],"scale":[1,1,1],"scaleCompensation":false},{"name":"default","position":[0,0,0],"rotation":[0,0,0],"scale":[1,1,1],"scaleCompensation":false}],"parents":[-1,0,1],"skins":[],"morphs":[],"vertices":[{"position":{"type":"float32","components":3,"data":[0.012509,0.029545,-0.00383,-4e-06,0.132154,-0.007006,0.011845,0.134273,-0.005664,0,0.029545,-0.007285,0.012509,0.029545,0.00308,0.011845,0.134273,-0.005664,0.011839,0.134263,0.005662,0.012509,0.029545,-0.00383,-4e-06,0.132123,0.007002,0.012509,0.029545,0.00308,0.011839,0.134263,0.005662,0,0.029545,0.006534,-0.012509,0.029545,0.00308,-0.011847,0.13426,0.005662,-0.012509,0.029545,0.00308,-0.011847,0.13426,0.005662,-0.011853,0.134269,-0.005664,-0.012509,0.029545,-0.00383,-0.012509,0.029545,-0.00383,-0.011853,0.134269,-0.005664,-0.034828,0.023834,0.002747,0,0.023834,0.005869,0.034828,0.023834,0.002747,0.034828,0.023834,-0.003498,-0.034828,0.023834,0.002747,-0.034828,0.023834,-0.003498,0,0.023834,-0.00662,0.034828,0.023834,-0.003498,0.034828,0.023834,0.002747,-0.034828,0.023834,-0.003498,0,0.011362,-0.009229,-0.04938,0.011362,-0.004802,-0.04938,0.011362,0.004052,0.04938,0.011362,-0.004802,0.04938,0.011362,0.004052,-0.04938,0.011362,-0.004802,-0.04938,0.011362,0.004052,0,0.011362,-0.006512,0.04938,0.011362,0.004052,0.04938,0.011362,-0.004802,-0.041681,-0.042192,0.003539,-0.041681,-0.042192,-0.005834,0.041681,-0.042192,0.003539,0,-0.042192,-0.006311,0.041681,-0.042192,-0.005834,0,-0.042192,-0.015778,-0.041681,-0.042192,-0.005834,-0.041681,-0.042192,0.003539,0.041681,-0.042192,0.003539,0.041681,-0.042192,-0.005834,-0.022287,-0.093834,0.004177,-0.000401,-0.112231,0.008353,0.022287,-0.093834,-0.004177,0.022287,-0.093834,0.004177,-0.022287,-0.093834,-0.004177,-0.022287,-0.093834,0.004177,0.022287,-0.093834,0.004177,0,-0.111897,-0.000513,0.022287,-0.093834,-0.004177,-0.022287,-0.093834,-0.004177,0,-0.111897,-0.000513,-0.000401,-0.112231,0.008353,0,-0.111897,-0.000513,-0.000401,-0.112231,0.008353,-0.031668,0.144281,-0.010201,-0.011853,0.134269,-0.005664,-0.031658,0.135322,-0.005136,-4e-06,0.142318,-0.014045,-4e-06,0.153084,-0.006493,-0.031678,0.153018,-0.00496,-4e-06,0.153084,0.006493,-0.031668,0.144281,0.010201,-4e-06,0.142318,0.014045,-0.031678,0.153018,0.00496,-0.031658,0.135322,0.005136,-0.011847,0.13426,0.005662,-4e-06,0.153084,-0.006493,-0.031678,0.153018,-0.00496,0.031662,0.144287,0.010201,0.031662,0.144287,-0.010201,0.031966,0.153023,0.00496,0.031966,0.153023,-0.00496,0.031349,0.13533,-0.005137,0.031349,0.13533,0.005137,-0.031668,0.144281,0.010201,-0.031658,0.135322,-0.005136,-0.031658,0.135322,0.005136,-0.031668,0.144281,-0.010201,-0.031678,0.153018,-0.00496,-0.031678,0.153018,0.00496,0.011839,0.134263,0.005662,-4e-06,0.132123,0.007002,0.011845,0.134273,-0.005664,-4e-06,0.132154,-0.007006,0.031349,0.13533,0.005137,0.031349,0.13533,-0.005137,0.031662,0.144287,0.010201,0.031966,0.153023,0.00496,0.031662,0.144287,-0.010201,0.031966,0.153023,-0.00496,0.031966,0.153023,-0.00496]},"normal":{"type":"float32","components":3,"data":[0.157,0.1131,-0.9811,0.0001,-0.2782,-0.9605,0.1444,-0.6405,-0.7542,0,0.0871,-0.9962,0.7938,0.6082,0.0002,1,0.0064,0.0003,1,0.0064,0.0003,0.7928,0.6095,0.0002,0.0001,-0.2812,0.9597,0.1573,0.1106,0.9813,0.1446,-0.6415,0.7534,0,0.0834,0.9965,-0.1573,0.1106,0.9813,-0.144,-0.6412,0.7537,-0.7938,0.6081,0.0002,-1,0.0063,0.0003,-1,0.0063,0.0003,-0.7928,0.6095,0.0002,-0.157,0.1131,-0.9811,-0.1438,-0.6402,-0.7546,-0.0921,0.2016,0.9751,0,-0.2199,0.9755,0.4648,0.8854,0,0.4648,0.8854,0,-0.4648,0.8854,0,-0.4648,0.8854,0,0,0.193,-0.9812,0.0921,0.2016,-0.9751,0.0921,0.2016,0.9751,-0.0921,0.2016,-0.9751,0,0.132,-0.9912,-0.133,0.1079,-0.9852,0.152,-0.06,0.9866,0.9413,0.3375,0,0.9396,0.3422,0,-0.9413,0.3375,0,-0.9396,0.3422,0,0,-0.3582,0.9336,-0.152,-0.06,0.9866,0.133,0.1079,-0.9852,-0.9686,-0.2485,0,-0.9688,-0.248,0,-0.1813,0.0678,0.9811,0.0001,0.0788,0.9969,0.1503,-0.0324,-0.9881,0,-0.0502,-0.9987,-0.1503,-0.0324,-0.9881,0.1819,0.0676,0.981,0.9686,-0.2485,0,0.9688,-0.248,0,0.1291,0.1435,0.9812,0.0002,0.1451,0.9894,0.8194,-0.5732,-0.0002,0.8038,-0.5949,-0.0002,-0.8206,-0.5712,-0.0146,-0.8051,-0.593,-0.0161,-0.1277,0.1442,0.9813,0,-0.1604,-0.9871,0.1408,-0.1588,-0.9772,-0.1408,-0.1588,-0.9772,-0.6331,-0.7735,-0.0297,-0.6331,-0.7735,-0.0297,0.6297,-0.7768,-0.0004,0.6297,-0.7768,-0.0004,-0.0938,0.0083,-0.9956,-0.1438,-0.6402,-0.7546,-0.0879,-0.8838,-0.4596,0.0001,-0.0342,-0.9994,-0.0001,0.8738,-0.4862,-0.0315,0.8855,-0.4637,-0.0001,0.8738,0.4862,-0.0939,0.0084,0.9955,0.0001,-0.0339,0.9994,-0.0315,0.8855,0.4637,-0.0879,-0.8839,0.4594,-0.144,-0.6412,0.7537,-0.0001,0.8738,-0.4862,-0.0315,0.8855,-0.4637,0.9994,-0.0349,0,0.9994,-0.0349,0,0.9994,-0.0348,0,0.9994,-0.0348,0,0.9994,-0.0349,0,0.9994,-0.0349,0,-1,-0.0011,0,-1,-0.0011,0,-1,-0.0011,0,-1,-0.0011,0,-1,-0.0012,0,-1,-0.0012,0,0.1446,-0.6415,0.7534,0.0001,-0.2812,0.9597,0.1444,-0.6405,-0.7542,0.0001,-0.2782,-0.9605,0.0891,-0.8819,0.463,0.0891,-0.8818,-0.4632,0.0935,0.0196,0.9954,0.0309,0.8876,0.4595,0.0935,0.0195,-0.9954,0.0309,0.8876,-0.4595,0.0309,0.8876,-0.4595]},"texCoord0":{"type":"float32","components":2,"data":[0.216029,0.980296,0.223046,0.979532,0.223178,0.980348,0.216045,0.97941,0.223692,0.973302,0.215223,0.973771,0.215236,0.97304,0.223397,0.973857,0.215381,0.972273,0.223692,0.973302,0.215236,0.97304,0.223539,0.972189,0.223698,0.971066,0.215221,0.971509,0.223698,0.971066,0.215221,0.971509,0.215194,0.970779,0.223382,0.970525,0.21606,0.978525,0.223206,0.97872,0.224731,0.969564,0.223924,0.97219,0.224668,0.97478,0.224399,0.97507,0.224731,0.969564,0.224443,0.969212,0.215646,0.979403,0.215598,0.981789,0.224668,0.97478,0.21568,0.977018,0.214776,0.979388,0.214837,0.976031,0.225718,0.969046,0.225466,0.975893,0.225636,0.975297,0.225608,0.968472,0.225718,0.969046,0.225421,0.972201,0.225636,0.975297,0.214721,0.982746,0.228987,0.969426,0.229157,0.968843,0.228926,0.975058,0.22885,0.972237,0.21112,0.982179,0.21117,0.979326,0.211219,0.976473,0.228987,0.969426,0.228926,0.975058,0.22908,0.975652,0.232064,0.970934,0.232638,0.972256,0.232404,0.974044,0.23204,0.973616,0.232431,0.970514,0.232064,0.970934,0.23204,0.973616,0.206395,0.979243,0.207633,0.980789,0.207686,0.977741,0.23326,0.972272,0.232638,0.972256,0.23326,0.972272,0.232638,0.972256,0.227528,0.982432,0.228243,0.981038,0.228266,0.982402,0.2275,0.980281,0.226599,0.980272,0.226809,0.982517,0.230543,0.980316,0.229732,0.982403,0.229701,0.980306,0.230441,0.982457,0.229,0.982396,0.228988,0.981024,0.231425,0.98033,0.231128,0.982517,0.210212,0.973001,0.208835,0.973001,0.209859,0.972411,0.209189,0.972411,0.209177,0.973606,0.20987,0.973606,0.210212,0.973015,0.209177,0.972411,0.20987,0.972411,0.208835,0.973015,0.209189,0.973605,0.209859,0.973605,0.229004,0.979571,0.229002,0.980298,0.228259,0.97954,0.228229,0.980289,0.229044,0.978217,0.228309,0.978197,0.229779,0.978203,0.23049,0.978143,0.227572,0.978129,0.226857,0.978009,0.231183,0.978096]}}],"meshes":[{"aabb":{"min":[-0.04938,-0.112231,-0.015778],"max":[0.04938,0.153084,0.014045]},"vertices":0,