{"model":{"version":3,"nodes":[{"name":"RootNode","position":[0,0,0],"rotation":[0,0,0],"scale":[0.0254,0.0254,0.0254],"scaleCompensation":false},{"name":"completed-100","position":[0,0,0],"rotation":[-90,-0,0],"scale":[1,1,1],"scaleCompensation":false}],"parents":[-1,0],"skins":[],"morphs":[],"vertices":[{"position":{"type":"float32","components":3,"data":[21.1987,-4.22901e-05,3.6336,46.9286,-4.19742e-05,3.62215,21.1987,-4.25099e-05,40.4519,46.9286,-4.21242e-05,40.4518,-23.3438,-4.29617e-05,40.452,-1.11729,-4.25204e-05,3.65651,-1.11729,-4.28796e-05,40.452,-23.3438,-4.26024e-05,3.65651,-38.06,-4.30161e-05,40.452,-38.0601,-4.26568e-05,3.65651,-1.11729,-4.28796e-05,40.452,21.1987,-4.22901e-05,3.6336,21.1987,-4.25099e-05,40.4519,-1.11729,-4.25204e-05,3.65651]},"normal":{"type":"float32","components":3,"data":[1.23787e-08,-1,-7.2072e-09,1.3332e-08,-1,-5.23263e-09,1.5253e-08,-1,-5.3889e-09,1.4992e-08,-1,-4.07293e-09,3.69346e-09,-1,-9.76412e-09,7.00068e-09,-1,-9.76412e-09,9.04436e-09,-1,-8.52477e-09,3.69346e-09,-1,-9.76412e-09,3.69353e-09,-1,-9.76412e-09,3.69353e-09,-1,-9.76412e-09,9.04436e-09,-1,-8.52477e-09,1.23787e-08,-1,-7.2072e-09,1.5253e-08,-1,-5.3889e-09,7.00068e-09,-1,-9.76412e-09]},"texCoord0":{"type":"float32","components":2,"data":[0.44706,0.20459,0.44706,0.00065548,0.698577,0.20459,0.698577,0.00065548,0.0939524,0.998859,0.259989,0.734922,0.259989,0.998859,0.0939524,0.734922,-0.0164711,0.998859,-0.0164711,0.734922,0.102166,0.998859,0.268202,0.734922,0.268202,0.998859,0.102166,0.734922]}}],"meshes":[{"aabb":{"min":[-38.0601,-4.30161e-05,3.62215],"max":[46.9286,-4.19742e-05,40.452]},"vertices":0,"indices":[0,1,2,3,2,1,4,5,6,7,8,9,5,4,7,8,7,4,10,11,12,11,10,13],"type":"triangles","base":0,"count":24}],"meshInstances":[{"node":1,"mesh":0}]}}