{"model":{"version":3,"nodes":[{"name":"RootNode","position":[0,0,0],"rotation":[0,0,0],"scale":[0.0254,0.0254,0.0254],"scaleCompensation":false},{"name":"endless-omega","position":[0,0,0],"rotation":[-90,-0,0],"scale":[1,1,1],"scaleCompensation":false}],"parents":[-1,0],"skins":[],"morphs":[],"vertices":[{"position":{"type":"float32","components":3,"data":[134.568,-1.99098e-07,4.54681,134.568,-5.98285e-06,40.0472,106.714,-5.98285e-06,40.0473,106.714,-1.99103e-07,4.54693,8.85857,-1.99103e-07,4.54693,8.85857,-5.98285e-06,40.0474,7.87247,-7.39339e-06,40.0474,7.87247,-1.60964e-06,4.54694,-134.125,-1.02145e-05,40.0474,-134.125,-4.43073e-06,4.54694,7.87247,-7.39339e-06,40.0474,7.87247,-1.60964e-06,4.54694]},"normal":{"type":"float32","components":3,"data":[-4.03496e-13,-1,-1.62921e-07,-2.53055e-13,-1,-1.62921e-07,-1.98456e-13,-1,-1.62921e-07,-2.57015e-13,-1,-1.62921e-07,7.15212e-07,-1,-1.62921e-07,7.15214e-07,-1,-1.6292e-07,7.25146e-07,-1,-1.6292e-07,7.25146e-07,-1,-1.6292e-07,1.98672e-08,-1,-1.6292e-07,1.98672e-08,-1,-1.6292e-07,7.25146e-07,-1,-1.6292e-07,7.25146e-07,-1,-1.6292e-07]},"color":{"type":"uint8","components":4,"data":[0,0,0,0,0,0,0,0,0,0,0,0,0,0,0,0,0,0,0,0,0,0,0,0,0,0,0,0,0,0,0,0,255,255,255,255,255,255,255,255,255,255,255,255,255,255,255,255]},"texCoord0":{"type":"float32","components":2,"data":[0.885266,0.510888,0.885266,0.760888,0.689112,0.760888,0.689112,0.510888,0,0.510888,0,0.760888,0,0.760888,0,0.510888,0,1,0,0.75,1,1,1,0.75]}}],"meshes":[{"aabb":{"min":[-134.125,-1.02145e-05,4.54681],"max":[134.568,-1.99098e-07,40.0474]},"vertices":0,"indices":[0,1,2,2,3,0,4,3,2,2,5,4,6,7,4,4,5,6,8,9,10,11,10,9],"type":"triangles","base":0,"count":24}],"meshInstances":[{"node":1,"mesh":0}]}}