{
  "animation": {
    "version": 4,
    "name": "aparece",
    "duration": 0.3,
    "nodes": [
      {
        "name": "Dummy035",
        "defaults": {
          "p": [
            0,
            0,
            0.00000171215
          ],
          "r": [
            0.00000762939,
            0,
            0
          ]
        },
        "keys": [
          {
            "t": 0,
            "s": [
              0.00287255,
              1,
              1
            ]
          },
          {
            "t": 0.1,
            "s": [
              0.604859,
              1,
              1
            ]
          },
          {
            "t": 0.2,
            "s": [
              1.20684,
              1,
              1
            ]
          },
          {
            "t": 0.3,
            "s": [
              1,
              1,
              1
            ]
          }
        ]
      }
    ]
  }
}