{"model":{"version":3,"nodes":[{"name":"RootNode","position":[0,0,0],"rotation":[0,0,0],"scale":[0.01,0.01,0.01],"scaleCompensation":false},{"name":"obstacle-ropefence_01_start_H1","position":[0,0,0],"rotation":[9.33467e-06,-0,0],"scale":[1,1,1],"scaleCompensation":false}],"parents":[-1,0],"skins":[],"morphs":[],"vertices":[{"position":{"type":"float32","components":3,"data":[-0.0012131,177.173,-20.3955,-0.0012131,197.567,-28.843,14.4195,177.173,-14.4223,20.3928,197.567,-20.3955,-14.4219,177.173,-14.4223,-20.3952,197.567,-20.3955,-28.8427,197.567,-0.00154875,-20.3952,177.173,-0.00154875,-14.4219,177.173,14.4192,-20.3952,197.567,20.3925,-0.0012131,197.567,28.8399,-0.0012131,177.173,20.3925,14.4195,177.173,14.4192,20.3928,197.567,20.3925,28.8403,197.567,-0.00154875,20.3928,177.173,-0.00154875,14.4195,217.961,-14.4223,-0.0012131,217.961,-20.3955,-14.4219,217.961,-14.4223,-20.3952,217.961,-0.00154875,-14.4219,217.961,14.4192,-0.0012131,217.961,20.3925,14.4195,217.961,14.4192,20.3928,217.961,-0.00154875,-0.0012131,226.408,-0.00154875,20.9988,171.995,-0.00154875,13.9988,171.995,14.9985,13.9988,171.995,-14.0015,13.9988,171.995,14.9985,-0.0012131,171.995,19.9984,13.9988,171.995,-14.0015,-0.0012131,171.995,-20.0015,-15.0012,171.995,-14.0015,-20.0012,171.995,-0.00154875,-14.0012,171.995,14.9985,-20.0012,171.995,-0.00154875,-20.0012,171.995,-0.00154875,-11.7604,177.232,-11.0743,-15.0012,171.995,-14.0015,-15.715,177.232,-0.00154875,-10.9695,177.232,11.8622,-14.0012,171.995,14.9985,-0.0012131,171.995,19.9984,0.10333,177.232,15.8167,11.1761,177.232,11.8622,13.9988,171.995,14.9985,20.9988,171.995,-0.00154875,16.7125,177.232,-0.00154875,11.1761,177.232,-11.0743,13.9988,171.995,-14.0015,-0.0012131,171.995,-20.0015,0.10333,177.232,-15.8198,-20.8182,171.995,20.8154,-10.6254,-20.4754,10.6226,20.8158,171.995,20.8154,10.6229,-20.4754,10.6226,20.8158,171.995,20.8154,20.8158,171.995,-20.8185,-20.8182,171.995,20.8154,-20.8182,171.995,-20.8185,-10.6254,-20.4754,-10.6257,-20.8182,171.995,-20.8185,10.6229,-20.4754,-10.6257,20.8158,171.995,-20.8185,10.6229,-20.4754,-10.6257,20.8158,171.995,-20.8185,10.6229,-20.4754,10.6226,20.8158,171.995,20.8154,-20.8182,171.995,20.8154,-10.6254,-20.4754,-10.6257,-10.6254,-20.4754,10.6226,-20.8182,171.995,-20.8185,1.27597,153.95,-50.4872,10.6588,139.207,-56.7065,1.36795,141.814,-63.9466,10.5469,147.99,-47.2631,10.2045,127.117,-56.458,1.36795,141.814,-63.9466,10.6588,139.207,-56.7065,-0.94841,124.395,-63.5357,-2.69806,111.095,-48.7885,10.6902,117.552,-45.8541,-0.277836,111.203,-28.8312,12.044,117.723,-31.8347,0.294236,126.225,-16.8832,11.3235,128.305,-23.3582,9.96409,142.366,-24.6934,-0.400636,145.928,-18.5751,0.596373,157.083,-32.2051,10.0655,150.005,-34.2639,-8.73966,148.704,-48.1024,-9.56955,139.955,-57.5867,-12.0775,127.942,-57.4276,-14.4474,118.482,-46.948,-12.9625,118.648,-32.9229,-10.9065,129.128,-24.3256,-9.87665,143.101,-25.5568,-9.14519,150.716,-35.0999,15.3098,134.327,-40.229,15.3098,134.327,-40.229,-15.631,135.472,-41.5755]},"normal":{"type":"float32","components":3,"data":[0,-0.382683,-0.92388,0,2.42581e-07,-1,0.653281,-0.382683,-0.653282,0.707107,2.66839e-07,-0.707107,-0.653282,-0.382683,-0.653282,-0.707107,2.30452e-07,-0.707107,-1,2.42581e-07,-1.2129e-08,-0.92388,-0.382683,-1.85764e-08,-0.653282,-0.382683,0.653281,-0.707107,2.30452e-07,0.707107,-1.2129e-08,2.5471e-07,1,-1.85764e-08,-0.382683,0.92388,0.653281,-0.382683,0.653282,0.707107,2.30452e-07,0.707107,1,2.18323e-07,-1.2129e-08,0.92388,-0.382683,0,0.529351,0.663004,-0.529351,-1.15043e-08,0.663004,-0.748616,-0.529351,0.663004,-0.529351,-0.748616,0.663004,-2.30087e-08,-0.529351,0.663004,0.529351,1.15043e-08,0.663004,0.748616,0.529351,0.663004,0.529351,0.748616,0.663004,-2.58848e-08,2.82439e-08,1,4.23659e-09,0,-1,0,0,-1,0,0,-1,0,0,-1,0,0,-1,0,0,-1,0,0,-1,0,0,-1,0,0,-1,0,0,-1,0,0,-1,0,-0.773791,0.633312,0.0127896,-0.549498,0.640145,-0.536903,-0.555532,0.640291,-0.530483,-0.77374,0.633271,0.0171268,-0.532824,0.640002,0.553621,-0.533178,0.640003,0.55328,-0.0021845,0.624002,0.78142,0.00325276,0.623933,0.781471,0.524929,0.627387,0.575183,0.523844,0.627391,0.576166,0.773823,0.633339,-0.00899382,0.773789,0.633311,-0.0129343,0.540799,0.613268,-0.575706,0.542594,0.613282,-0.574001,0.00591111,0.623893,-0.781488,0.0152315,0.623718,-0.781501,0,-0.0528837,0.998601,0,-0.0528837,0.998601,0,-0.0528837,0.998601,0,-0.0528837,0.998601,0,1,0,0,1,0,0,1,0,0,1,0,0,-0.0528837,-0.998601,0,-0.0528837,-0.998601,0,-0.0528837,-0.998601,0,-0.0528837,-0.998601,0.998601,-0.0528838,0,0.998601,-0.0528838,0,0.998601,-0.0528838,0,0.998601,-0.0528838,0,-0.998601,-0.0528838,0,-0.998601,-0.0528838,0,-0.998601,-0.0528838,0,-0.998601,-0.0528838,0,0.0589557,0.899877,-0.43214,0.799896,0.217455,-0.559356,0.0806427,0.389257,-0.917592,0.789494,0.560058,-0.251066,0.763859,-0.29929,-0.57179,0.0806427,0.389257,-0.917592,0.799896,0.217455,-0.559356,0.00744405,-0.403042,-0.915151,-0.0630851,-0.932293,-0.356159,0.742355,-0.615664,-0.264324,-0.0196911,-0.894444,0.446746,0.777474,-0.575123,0.254496,-0.0201037,-0.277443,0.960532,0.772038,-0.148142,0.618071,0.760852,0.316867,0.566304,-0.0365517,0.473701,0.879927,0.0205793,0.963807,0.265806,0.779897,0.59901,0.181513,-0.70412,0.640101,-0.307384,-0.711498,0.349622,-0.609537,-0.769589,-0.15171,-0.620255,-0.830888,-0.512576,-0.216543,-0.802054,-0.50138,0.324541,-0.780146,-0.127173,0.612535,-0.778096,0.331306,0.53367,-0.74331,0.656502,0.128437,0.998827,0.0451622,-0.0174565,0.998827,0.0451622,-0.0174565,-0.986835,0.161633,-0.00558464]},"texCoord0":{"type":"float32","components":2,"data":[0.18829,0.405467,0.189669,0.422579,0.229203,0.426473,0.218081,0.439549,0.144504,0.419545,0.157581,0.430666,0.14061,0.459078,0.123503,0.460457,0.137581,0.504243,0.148703,0.491167,0.177109,0.508137,0.178494,0.525244,0.222274,0.511166,0.209198,0.500044,0.226168,0.471638,0.24328,0.470253,0.202426,0.453539,0.188496,0.443541,0.171575,0.446321,0.161573,0.460251,0.164352,0.477172,0.178282,0.487174,0.195208,0.484395,0.205206,0.470465,0.183389,0.465358,0.491802,0.498962,0.500857,0.520514,0.502055,0.479414,0.500857,0.520514,0.515925,0.52835,0.502055,0.479414,0.517747,0.471749,0.538527,0.481103,0.545048,0.500838,0.535802,0.521746,0.545048,0.500838,0.545048,0.500838,0.543983,0.475402,0.538527,0.481103,0.553273,0.501029,0.541415,0.527285,0.535802,0.521746,0.515925,0.52835,0.515989,0.536615,0.495269,0.526219,0.500857,0.520514,0.491802,0.498962,0.484123,0.499011,0.496173,0.47365,0.502055,0.479414,0.517747,0.471749,0.517551,0.463696,0.458209,0.835114,0.0960295,0.835142,0.458209,0.749395,0.0960156,0.749395,0.525565,0.836396,0.527761,0.910131,0.458209,0.835114,0.458074,0.9102,0.0960152,0.576686,0.458221,0.575458,0.0960158,0.654452,0.458202,0.654448,0.0960158,0.654452,0.458202,0.654448,0.0960156,0.749395,0.458209,0.749395,0.458209,0.835114,0.0960474,0.909667,0.0960295,0.835142,0.458074,0.9102,0.39929,0.517456,0.392126,0.538761,0.418165,0.526368,0.381986,0.525145,0.408924,0.440079,0.438887,0.46054,0.422796,0.432257,0.420031,0.458286,0.398804,0.457181,0.387967,0.444189,0.377277,0.461861,0.36673,0.45289,0.361967,0.473994,0.348134,0.470032,0.357046,0.495865,0.367437,0.49392,0.38043,0.508263,0.369234,0.512241,0.407642,0.503972,0.427937,0.4931,0.420591,0.478256,0.405609,0.472222,0.390309,0.473395,0.379654,0.480181,0.381092,0.491603,0.390594,0.500726,0.349774,0.522351,0.375603,0.424793,0.404539,0.489427]}}],"meshes":[{"aabb":{"min":[-28.8427,-20.4754,-63.9466],"max":[28.8403,226.408,28.8399]},"vertices":0,