{"model":{"version":3,"nodes":[{"name":"RootNode","position":[0,0,0],"rotation":[0,0,0],"scale":[0.0254,0.0254,0.0254],"scaleCompensation":false},{"name":"completed-40","position":[0,0,0],"rotation":[-90,-0,0],"scale":[1,1,1],"scaleCompensation":false}],"parents":[-1,0],"skins":[],"morphs":[],"vertices":[{"position":{"type":"float32","components":3,"data":[-30.9521,-4.28099e-05,40.4048,-30.9521,-4.25993e-05,3.63047,12.4602,-4.27176e-05,40.4048,12.4602,-4.25769e-05,3.63009,12.4602,-4.25769e-05,3.63009,38.2259,-4.2385e-05,3.62934,12.4602,-4.27176e-05,40.4048,38.2259,-4.23861e-05,40.4048]},"normal":{"type":"float32","components":3,"data":[2.12509e-09,-1,-5.7258e-09,1.40549e-09,-1,-4.8763e-09,5.99826e-09,-1,-3.09199e-09,3.98295e-09,-1,-3.82715e-09,3.98295e-09,-1,-3.82715e-09,9.55773e-09,-1,-2.34977e-09,5.99826e-09,-1,-3.09199e-09,1.28688e-08,-1,-2.99731e-11]},"texCoord0":{"type":"float32","components":2,"data":[0.013161,0.734922,0.013161,0.470985,0.338681,0.734922,0.338681,0.470985,0.44706,0.20459,0.44706,0.00065548,0.698577,0.20459,0.698577,0.00065548]}}],"meshes":[{"aabb":{"min":[-30.9521,-4.28099e-05,3.62934],"max":[38.2259,-4.2385e-05,40.4048]},"vertices":0,"indices":[0,1,2,3,2,1,4,5,6,7,6,5],"type":"triangles","base":0,"count":12}],"meshInstances":[{"node":1,"mesh":0}]}}