{"model":{"version":3,"nodes":[{"name":"RootNode","position":[0,0,0],"rotation":[0,0,0],"scale":[0.0254,0.0254,0.0254],"scaleCompensation":false},{"name":"Tube008","position":[-4.95989,0.0873685,-4.43255],"rotation":[2.50448e-06,1.6167e-14,-84.9279],"scale":[1,1,1],"scaleCompensation":false}],"parents":[-1,0],"skins":[],"morphs":[],"vertices":[{"position":{"type":"float32","components":3,"data":[-5.19088,5.16727,0,-5.19088,5.16727,8.20903,-1.40938,5.05724,8.20903,-1.40938,5.05724,0,-5.19088,5.16727,8.20903,-5.19087,-3.52251,8.20903,-1.91464,-3.61784,8.20903,-1.40938,5.05724,8.20903,-5.19087,-3.52251,8.20903,-5.19087,-3.52251,0,-1.91464,-3.61784,0,-1.91464,-3.61784,8.20903,-5.19087,-3.52251,0,-5.19088,5.16727,0,-1.40938,5.05724,0,-1.91464,-3.61784,0,2.35933,4.72752,8.20903,2.35933,4.72752,0,1.3505,-3.9035,8.20903,2.35933,4.72752,8.20903,1.3505,-3.9035,0,1.3505,-3.9035,8.20903,2.35933,4.72752,0,1.3505,-3.9035,0,6.10249,4.17922,8.20903,6.10249,4.17922,0,4.59352,-4.37854,8.20903,6.10249,4.17922,8.20903,4.59352,-4.37854,0,4.59352,-4.37854,8.20903,6.10249,4.17922,0,4.59352,-4.37854,0,-5.19087,-3.52251,8.20903,-5.19088,5.16727,8.20903,-5.19088,5.16727,0,-5.19087,-3.52251,0,6.10249,4.17922,0,6.10249,4.17922,8.20903,4.59352,-4.37854,8.20903,4.59352,-4.37854,0]},"normal":{"type":"float32","components":3,"data":[0.0290849,0.999577,0,0.0290849,0.999577,0,0.058145,0.998308,0,0.058145,0.998308,0,0,0,1,0,0,1,0,0,1,0,0,1,-0.0290849,-0.999577,0,-0.0290849,-0.999577,0,-0.058145,-0.998308,0,-0.058145,-0.998308,0,0,0,-1,0,0,-1,0,0,-1,0,0,-1,0.116093,0.993238,0,0.116093,0.993238,0,0,0,1,0,0,1,-0.116093,-0.993238,0,-0.116093,-0.993238,0,0,0,-1,0,0,-1,0.144932,0.989442,0,0.144932,0.989442,0,0,0,1,0,0,1,-0.144932,-0.989442,0,-0.144932,-0.989442,0,0,0,-1,0,0,-1,-1,-4.37114e-08,0,-1,-4.37114e-08,0,-1,-4.37114e-08,0,-1,-4.37114e-08,0,0.984808,-0.173649,0,0.984808,-0.173649,0,0.984808,-0.173649,0,0.984808,-0.173649,0]},"texCoord0":{"type":"float32","components":2,"data":[0,0,0.25,0,0.25,0.25,0,0.25,0.25,0,0.5,0,0.5,0.25,0.25,0.25,0.5,0,0.75,0,0.75,0.25,0.5,0.25,0.75,0,1,0,1,0.25,0.75,0.25,0.25,0.5,0,0.5,0.5,0.5,0.25,0.5,0.75,0.5,0.5,0.5,1,0.5,0.75,0.5,0.25,0.75,0,0.75,0.5,0.75,0.25,0.75,0.75,0.75,0.5,0.75,1,0.75,0.75,0.75,0.5,0,0.25,0,0,0,0.75,0,1,0.75,1.25,0.25,1,0.25,0.75,0.75]}}],"meshes":[{"aabb":{"min":[-5.19088,-4.37854,0],"max":[6.10249,5.16727,8.20903]},"vertices":0,"indices":[0,1,2,2,3,0,4,5,6,6,7,4,8,9,10,10,11,8,12,13,14,14,15,12,3,2,16,16,17,3,7,6,18,18,19,7,11,10,20,20,21,11,15,14,22,22,23,15,17,16,24,24,25,17,19,18,26,26,27,19,21,20,28,28,29,21,23,22,30,30,31,23,32,33,34,34,35,32,36,37,38,38,39,36],"type":"triangles","base":0,"count":84}],"meshInstances":[{"node":1,"mesh":0}]}}