{
  "model": {
    "version": 3,
    "nodes": [
      {
        "name": "RootNode",
        "position": [
          0,
          0,
          0
        ],
        "rotation": [
          0,
          0,
          0
        ],
        "scale": [
          0.01,
          0.01,
          0.01
        ],
        "scaleCompensation": false
      },
      {
        "name": "Object026",
        "position": [
          0,
          0,
          0.00000379227
        ],
        "rotation": [
          -90,
          0,
          0
        ],
        "scale": [
          1,
          1,
          1
        ],
        "scaleCompensation": false
      },
      {
        "name": "Dummy034",
        "position": [
          0,
          0,
          0.00000171215
        ],
        "rotation": [
          0.00000762939,
          0,
          0
        ],
        "scale": [
          1,
          1,
          1
        ],
        "scaleCompensation": false
      },
      {
        "name": "Dummy039",
        "position": [
          -26.8536,
          -0.00000186184,
          0.0000038147
        ],
        "rotation": [
          0,
          0,
          0
        ],
        "scale": [
          0.233127,
          0.233127,
          0.233127
        ],
        "scaleCompensation": false
      }
    ],
    "parents": [
      -1,
      0,
      0,
      2
    ],
    "skins": [
      {
        "inverseBindMatrices": [
          [
            1,
            0,
            0,
            0,
            0,
            1,
            -1.62921e-7,
            0,
            0,
            1.62921e-7,
            1,
            0,
            0,
            -2.78945e-13,
            -0.00000171215,
            1
          ]
        ],
        "boneNames": [
          "Dummy034"
        ]
      }
    ],
    "morphs": [],
    "vertices": [
      {
        "position": {
          "type": "float32",
          "components": 3,
          "data": [
            -32.2279,
            -21.4832,
            -0.00000420989,
            -32.2279,
            6.33029,
            5.29962e-7,
            -45.7067,
            6.33051,
            1.80536e-7,
            -45.7067,
            6.33051,
            1.80536e-7,
            -45.7067,
            -21.4832,
            -0.00000229515,
            -32.2279,
            -21.4832,
            -0.00000420989,
            0.0187836,
            -36.1475,
            0.00000127843,
            -31.7151,
            24.8862,
            0.00000730526,
            -32.2276,
            20.9942,
            0.00000220253,
            -30.2128,
            28.5131,
            0.00000725038,
            -27.8228,
            31.6276,
            0.00000704701,
            -24.7081,
            34.0172,
            0.00000670901,
            -21.081,
            35.5195,
            0.00000625942,
            -17.1886,
            36.032,
            0.0000057289,
            0.0187836,
            -36.1475,
            0.00000127843,
            0.0187836,
            36.0326,
            0.00000328452,
            -17.1886,
            36.032,
            0.0000057289,
            0.0187836,
            -36.1475,
            0.00000127843,
            -32.2276,
            20.9942,
            0.00000220253,
            -32.2276,
            -36.1469,
            0.0000058592
          ]
        },
        "normal": {
          "type": "float32",
          "components": 3,
          "data": [
            -2.59268e-8,
            -1.70415e-7,
            1,
            -2.59268e-8,
            -1.70415e-7,
            1,
            -2.59268e-8,
            -1.70415e-7,
            1,
            1.42055e-7,
            -8.90096e-8,
            1,
            1.42055e-7,
            -8.90096e-8,
            1,
            1.42055e-7,
            -8.90096e-8,
            1,
            -1.12268e-7,
            -1.58025e-7,
            1,
            -2.98273e-7,
            -2.5383e-7,
            1,
            -0.00000186047,
            -0.00000106608,
            1,
            1.26005e-7,
            -3.34459e-8,
            1,
            1.30534e-7,
            -3.14912e-8,
            1,
            1.34406e-7,
            -3.00314e-8,
            1,
            1.38047e-7,
            -2.8859e-8,
            1,
            1.40023e-7,
            -2.82773e-8,
            1,
            1.42055e-7,
            -2.77928e-8,
            1,
            1.42055e-7,
            -2.77928e-8,
            1,
            1.42055e-7,
            -2.77928e-8,
            1,
            1.42057e-7,
            6.39937e-8,
            1,
            1.42057e-7,
            6.39937e-8,
            1,
            1.42057e-7,
            6.39937e-8,
            1
          ]
        },
        "blendIndices": {
          "type": "uint8",
          "components": 4,
          "data": [
            0,
            0,
            0,
            0,
            0,
            0,
            0,
            0,
            0,
            0,
            0,
            0,
            0,
            0,
            0,
            0,
            0,
            0,
            0,
            0,
            0,
            0,
            0,
            0,
            0,
            0,
            0,
            0,
            0,
            0,
            0,
            0,
            0,
            0,
            0,
            0,
            0,
            0,
            0,
            0,
            0,
            0,
            0,
            0,
            0,
            0,
            0,
            0,
            0,
            0,
            0,
            0,
            0,
            0,
            0,
            0,
            0,
            0,
            0,
            0,
            0,
            0,
            0,
            0,
            0,
            0,
            0,
            0,
            0,
            0,
            0,
            0,
            0,
            0,
            0,
            0,
            0,
            0,
            0,
            0
          ]
        },
        "blendWeight": {
          "type": "float32",
          "components": 4,
          "data": [
            1,
            0,
            0,
            0,
            1,
            0,
            0,
            0,
            1,
            0,
            0,
            0,
            1,
            0,
            0,
            0,
            1,
            0,
            0,
            0,
            1,
            0,
            0,
            0,
            1,
            0,
            0,
            0,
            1,
            0,
            0,
            0,
            1,
            0,
            0,
            0,
            1,
            0,
            0,
            0,
            1,
            0,
            0,
            0,
            1,
            0,
            0,
            0,
            1,
            0,
            0,
            0,
            1,
            0,
            0,
            0,
            1,
            0,
            0,
            0,
            1,
            0,
            0,
            0,
            1,
            0,
            0,
            0,
            1,
            0,
            0,
            0,
            1,
            0,
            0,
            0,
            1,
            0,
            0,
            0
          ]
        },
        "texCoord0": {
          "type": "float32",
          "components": 2,