{"model":{"version":3,"nodes":[{"name":"RootNode","position":[0,0,0],"rotation":[0,0,0],"scale":[0.01,0.01,0.01],"scaleCompensation":false},{"name":"Icosphere","position":[0,0,0],"rotation":[-90,0,0],"scale":[100,100,100],"scaleCompensation":false},{"name":"Lamp","position":[407.625,590.386,-100.545],"rotation":[47.5336,107.221,10.7437],"scale":[100,100,100],"scaleCompensation":false},{"name":"Camera","position":[748.113,534.367,650.764],"rotation":[22.7688,142.108,34.3485],"scale":[100,100,100],"scaleCompensation":false}],"parents":[-1,0,0,0],"skins":[],"morphs":[],"vertices":[{"position":{"type":"float32","components":3,"data":[-0.58149,0.610506,3.37154e-08,-1.02689,0.431693,-0.431693,-1.02689,0.610506,7.01044e-08,-0.58149,0.431693,-0.431693,-0.58149,1.30198e-07,-0.610506,-1.02689,-3.38554e-08,-0.610506,-0.58149,-0.431693,-0.431693,-1.02689,-0.431693,-0.431693,-0.58149,-0.610506,-7.54516e-08,-1.02689,-0.610506,-3.90626e-08,-1.02689,-0.431693,-0.431693,-0.58149,-0.431693,-0.431693,-0.58149,-0.431693,0.431693,-1.02689,-0.431693,0.431693,-1.02689,-0.610506,-3.90626e-08,-0.58149,-0.610506,-7.54516e-08,-0.58149,0.431693,0.431693,-1.02689,0.610506,7.01044e-08,-1.02689,0.431693,0.431693,-0.58149,0.610506,3.37154e-08,-1.02689,-1.63943e-07,0.610506,-0.58149,1.10834e-10,0.610506,-0.58149,1.30198e-07,-0.610506,-0.58149,0.431693,-0.431693,-0.58149,-0.431693,-0.431693,-0.58149,0.431693,0.431693,-0.58149,0.610506,3.37154e-08,-0.58149,-0.610506,-7.54516e-08,-0.58149,-0.431693,0.431693,-0.58149,1.10834e-10,0.610506,-0.58149,1.10834e-10,0.610506,-1.02689,-1.63943e-07,0.610506,-1.02689,-3.38554e-08,-0.610506,-1.02689,-0.610506,-3.90626e-08,-1.02689,-0.431693,0.431693,-1.02689,-1.63943e-07,0.610506,-1.02689,0.610506,7.01044e-08,-1.02689,0.431693,-0.431693,-1.02689,-0.431693,-0.431693,-1.02689,0.431693,0.431693,1.16036,0.162579,-3.16722e-09,-1.16036,0.11496,-0.114961,-1.16036,0.162579,6.52322e-09,1.16036,0.11496,-0.114961,1.16036,3.12555e-08,-0.162579,-1.16036,-1.24323e-08,-0.162579,-1.16036,-0.114961,-0.114961,1.16036,-0.11496,-0.114961,-1.16036,-0.162579,-2.25481e-08,1.16036,-0.11496,-0.114961,1.16036,-0.162579,-3.22386e-08,-1.16036,-0.114961,-0.114961,1.16036,-0.114961,0.11496,-1.16036,-0.114961,0.11496,-1.16036,-0.162579,-2.25481e-08,1.16036,-0.162579,-3.22386e-08,1.16036,-3.38703e-09,0.162579,-1.16036,-4.70748e-08,0.162579,1.16036,3.12555e-08,-0.162579,1.16036,0.11496,-0.114961,1.16036,-0.11496,-0.114961,1.16036,0.11496,0.11496,1.16036,0.162579,-3.16722e-09,1.16036,-0.162579,-3.22386e-08,1.16036,-0.114961,0.11496,1.16036,-3.38703e-09,0.162579,-1.16036,0.11496,0.114961,1.16036,-3.38703e-09,0.162579,1.16036,0.11496,0.11496,-1.16036,-4.70748e-08,0.162579,-1.16036,0.162579,6.52322e-09,1.16036,0.162579,-3.16722e-09,-1.16036,-1.24323e-08,-0.162579,-1.16036,-0.162579,-2.25481e-08,-1.16036,-0.114961,0.11496,-1.16036,-4.70748e-08,0.162579,-1.16036,0.162579,6.52322e-09,-1.16036,0.11496,-0.114961,-1.16036,-0.114961,-0.114961,-1.16036,0.11496,0.114961,1.00427,0.610506,3.37154e-08,0.55887,0.431693,-0.431693,0.55887,0.610506,7.01044e-08,1.00427,0.431693,-0.431693,1.00427,1.30198e-07,-0.610506,0.55887,-3.38554e-08,-0.610506,1.00427,-0.431693,-0.431693,0.55887,-0.431693,-0.431693,1.00427,-0.610506,-7.54516e-08,0.55887,-0.610506,-3.90626e-08,0.55887,-0.431693,-0.431693,1.00427,-0.431693,-0.431693,1.00427,-0.431693,0.431693,0.55887,-0.431693,0.431693,0.55887,-0.610506,-3.90626e-08,1.00427,-0.610506,-7.54516e-08,1.00427,0.431693,0.431693,0.55887,0.610506,7.01044e-08,0.55887,0.431693,0.431693,1.00427,0.610506,3.37154e-08,0.55887,-1.63943e-07,0.610506,1.00427,1.10834e-10,0.610506,1.00427,1.30198e-07,-0.610506,1.00427,0.431693,-0.431693,1.00427,-0.431693,-0.431693,1.00427,0.431693,0.431693,1.00427,0.610506,3.37154e-08,1.00427,-0.610506,-7.54516e-08,1.00427,-0.431693,0.431693,1.00427,1.10834e-10,0.610506,1.00427,1.10834e-10,0.610506,0.55887,-1.63943e-07,0.610506,0.55887,-3.38554e-08,-0.610506,0.55887,-0.610506,-3.90626e-08,0.55887,-0.431693,0.431693,0.55887,-1.63943e-07,0.610506,0.55887,0.610506,7.01044e-08,0.55887,0.431693,-0.431693,0.55887,-0.431693,-0.431693,0.55887,0.431693,0.431693]},"normal":{"type":"float32","components":3,"data":[0.630238,0.77636,0,-0.630238,0.548967,-0.548967,-0.630238,0.77636,0,0.630238,0.548967,-0.548967,0.630238,0,-0.77636,-0.630238,0,-0.77636,0.630238,-0.548967,-0.548967,-0.630238,-0.548967,-0.548967,0.630238,-0.77636,0,-0.630238,-0.77636,0,-0.630238,-0.548967,-0.548967,0.630238,-0.548967,-0.548967,0.630238,-0.548967,0.548967,-0.630238,-0.548967,0.548967,-0.630238,-0.77636,0,0.630238,-0.77636,0,0.630238,0.548967,0.548967,-0.630238,0.77636,0,-0.630238,0.548967,0.548967,0.630238,0.77636,0,-0.630238,0,0.77636,0.630238,0,0.77636,0.630238,0,-0.77636,0.630238,0.548967,-0.548967,0.630238,-0.548967,-0.548967,0.630238,0.548967,0.548967,0.630238,0.77636,0,0.630238,-0.77636,0,0.630238,-0.548967,0.548967,0.630238,0,0.77636,0.630238,0,0.77636,-0.630238,0,0.77636,-0.630238,0,-0.77636,-0.630238,-0.77636,0,-0.630238,-0.548967,0.548967,-0.630238,0,0.77636,-0.630238,0.77636,0,-0.630238,0.548967,-0.548967,-0.630238,-0.548967,-0.548967,-0.630238,0.548967,0.548967,0.630238,0.77636,0,-0.630238,0.548967,-0.548967,-0.630238,0.77636,0,0.630238,0.548967,-0.548967,0.630238,0,-0.77636,-0.630238,0,-0.77636,-0.630238,-0.548967,-0.548967,0.630238,-0.548967,-0.548967,-0.630238,-0.77636,0,0.630238,-0.548967,-0.548967,0.630238,-0.77636,0,-0.630238,-0.548967,-0.548967,0.630238,-0.548967,0.548967,-0.630238,-0.548967,0.548967,-0.630238,-0.77636,0,0.630238,-0.77636,0,0.630238,0,0.77636,-0.630238,0,0.77636,0.630238,0,-0.77636,0.630238,0.548967,-0.548967,0.630238,-0.548967,-0.548967,0.630238,0.548967,0.548967,0.630238,0.77636,0,0.630238,-0.77636,0,0.630238,-0.548967,0.548967,0.630238,0,0.77636,-0.630238,0.548967,0.548967,0.630238,0,0.77636,0.630238,0.548967,0.548967,-0.630238,0,0.77636,-0.630238,0.77636,0,0.630238,0.77636,0,-0.630238,0,-0.77636,-0.630238,-0.77636,0,-0.630238,-0.548967,0.548967,-0.630238,0,0.77636,-0.630238,0.77636,0,-0.630238,0.548967,-0.548967,-0.630238,-0.548967,-0.548967,-0.630238,0.548967,0.548967,0.630238,0.77636,0,-0.630238,0.548967,-0.548967,-0.630238,0.77636,0,0.630238,0.548967,-0.548967,0.630238,0,-0.77636,-0.630238,0,-0.77636,0.630238,-0.548967,-0.548967,-0.630238,-0.548967,-0.548967,0.630238,-0.77636,0,-0.630238,-0.77636,0,-0.630238,-0.548967,-0.548967,0.630238,-0.548967,-0.548967,0.630238,-0.548967,0.548967,-0.630238,-0.548967,0.548967,-0.630238,-0.77636,0,0.630238,-0.77636,0,0.630238,0.548967,0.548967,-0.630238,0.77636,0,-0.630238,0.548967,0.548967,0.630238,0.77636,0,-0.630238,0,0.77636,0.630238,0,0.77636,0.630238,0,-0.77636,0.630238,0.548967,-0.548967,0.630238,-0.548967,-0.548967,0.630238,0.548967,0.548967,0.630238,0.77636,0,0.630238,-0.77636,0,0.630238,-0.548967,0.548967,0.630238,0,0.77636,0.630238,0,0.77636,-0.630238,0,0.77636,-0.630238,0,-0.77636,-0.630238,-0.77636,0,-0.630238,-0.548967,0.548967,-0.630238,0,0.77636,-0.630238,0.77636,0,-0.630238,0.548967,-0.548967,-0.630238,-0.548967,-0.548967,-0.630238,0.548967,0.548967]},"texCoord0":{"type":"float32","components":2,