{"model":{"version":3,"nodes":[{"name":"RootNode","position":[0,0,0],"rotation":[0,0,0],"scale":[0.01,0.01,0.01],"scaleCompensation":false},{"name":"beach_shell04_m_root","position":[0,0,0],"rotation":[0,0,0],"scale":[1,1,1],"scaleCompensation":false},{"name":"default","position":[0,0,0],"rotation":[0,0,0],"scale":[1,1,1],"scaleCompensation":false}],"parents":[-1,0,1],"skins":[],"morphs":[],"vertices":[{"position":{"type":"float32","components":3,"data":[-0.00018,0.018693,0.055544,-0.01743,0.016299,0.058997,-0.000267,0.011589,0.116324,0.01707,0.016299,0.058997,0.033731,0.018681,0.061097,0.01707,0.016299,0.058997,-0.000267,0.011589,0.116324,-0.01743,0.016299,0.058997,-0.034092,0.018681,0.061096,-0.000267,0.011589,0.116324,-0.044058,0.016274,0.071278,-0.044058,0.016274,0.071278,-0.047629,0.018386,0.085011,-0.000267,0.011589,0.116324,-0.043859,0.014055,0.100446,0.043697,0.016274,0.071279,0.047294,0.018386,0.085021,0.043697,0.016274,0.071279,-0.000267,0.011589,0.116324,0.043781,0.014017,0.100559,0.031804,0.011347,0.116768,0.016302,0.007876,0.123157,-0.030785,0.011651,0.11621,-0.015313,0.008166,0.122624,0.10726,0.022929,0.021636,0.088099,0.011616,0.009491,0.088099,0.011616,0.009491,0.067859,0.023196,-0.011014,0.133335,0.010967,-0.025226,0.133783,0.006311,0.003432,0.104829,0.010954,0.053922,-0.104949,0.010953,0.053893,-0.107442,0.022927,0.02163,0.11148,0.0067,-0.045459,-0.08828,0.011614,0.009486,0.11148,0.0067,-0.045459,0.082667,0.011012,-0.067118,-0.08828,0.011614,0.009486,-0.068041,0.023195,-0.011016,-0.133813,0.006311,0.003424,-0.133365,0.010967,-0.025227,-0.033628,0.011813,-0.011358,-0.11151,0.0067,-0.04546,0.042548,0.006733,-0.075408,-9.1e-05,0.023289,-0.021907,0.033448,0.011813,-0.011357,-1.5e-05,0.011027,-0.082856,-0.11151,0.0067,-0.04546,-0.082697,0.011012,-0.067118,-0.033628,0.011813,-0.011358,0.042548,0.006733,-0.075408,0.033448,0.011813,-0.011357,-0.042578,0.006733,-0.075409,-0.042578,0.006733,-0.075409]},"normal":{"type":"float32","components":3,"data":[-0.0001,0.9977,0.068,-0.1883,0.9796,0.0705,0,0.9932,0.1161,0.1883,0.9796,0.0709,-0.0048,0.9978,0.066,-0.1967,0.9802,-0.0213,-0.0479,0.994,0.0981,0.1968,0.9802,-0.0209,0.0045,0.9978,0.0661,0.0479,0.994,0.0983,-0.1655,0.9723,0.1648,0.2579,0.9469,-0.192,-0.0249,0.993,0.1157,0.0274,0.9792,0.2012,-0.0959,0.9515,0.2924,0.1653,0.9723,0.1651,0.0236,0.9931,0.1146,-0.2571,0.9471,-0.1919,-0.0245,0.9779,0.2078,0.0953,0.9513,0.2932,0.0036,0.9639,0.2662,0.0036,0.9639,0.2662,0.001,0.9668,0.2554,0.001,0.9668,0.2554,0.2107,0.9773,0.0243,-0.2243,0.9447,-0.2391,0.3009,0.9503,0.0802,0.0656,0.9967,-0.0467,0.0384,0.9905,-0.1324,0.6234,0.7489,0.2247,0.3744,0.8703,0.3201,-0.3764,0.8688,0.3218,-0.2122,0.9769,0.0249,-0.1719,0.955,-0.2418,0.2247,0.9447,-0.2388,0.3321,0.9427,-0.031,0.0466,0.9922,-0.1157,-0.3014,0.9502,0.0797,-0.0659,0.9967,-0.0468,-0.6258,0.7468,0.2249,-0.0382,0.9904,-0.1325,0.2226,0.9664,-0.1288,0.1722,0.955,-0.2414,0.2281,0.9665,-0.1174,-0.0001,0.9983,-0.0589,0.2434,0.9691,-0.0398,0.0001,0.9927,-0.1208,-0.3326,0.9425,-0.0317,-0.0464,0.9922,-0.1158,-0.2436,0.969,-0.0403,-0.183,0.9673,-0.1754,-0.2226,0.9663,-0.1292,0.183,0.9674,-0.175,-0.2282,0.9665,-0.1179]},"texCoord0":{"type":"float32","components":2,"data":[0.349699,0.598025,0.351171,0.596714,0.355147,0.602076,0.348862,0.59981,0.347935,0.601447,0.348862,0.59981,0.355147,0.602076,0.351171,0.596714,0.352476,0.595359,0.355147,0.602076,0.354054,0.595162,0.354054,0.595162,0.355542,0.595761,0.355147,0.602076,0.356703,0.597162,0.348197,0.603017,0.349194,0.604276,0.348197,0.603017,0.355147,0.602076,0.350862,0.605018,0.353118,0.605,0.354776,0.604073,0.357212,0.599393,0.356799,0.601245,0.339978,0.605614,0.339935,0.603015,0.339935,0.603015,0.339476,0.599818,0.334171,0.605157,0.336637,0.607311,0.342798,0.607801,0.357084,0.588644,0.354189,0.586562,0.333568,0.601854,0.351687,0.587261,0.333568,0.601854,0.333442,0.597712,0.351687,0.587261,0.348492,0.587732,0.354857,0.582889,0.352091,0.58114,0.346064,0.590653,0.348753,0.581501,0.335252,0.59337,0.342923,0.592983,0.341585,0.596657,0.337499,0.588946,0.348753,0.581501,0.344746,0.58256,0.346064,0.590653,0.335252,0.59337,0.341585,0.596657,0.3411,0.585532,0.3411,0.585532]}}],"meshes":[{"aabb":{"min":[-0.133813,0.006311,-0.082856],"max":[0.133783,0.023289,0.123157]},"vertices":0,"indices":[0,1,2,3,0,2,4,5,6,7,8,9,8,10,9,11,12,13,12,14,13,15,4,6,16,17,18,19,16,18,18,20,19,20,18,21,13,14,22,13,22,23,17,24,25,24,17,16,4,26,27,26,4,15,28,24,29,30,29,24,31,12,32,12,31,14,25,28,33,28,25,24,32,11,34,11,32,12,27,35,36,35,27,26,37,8,38,8,37,10,39,32,40,32,39,31,38,8,41,7,41,8,40,34,42,34,40,32,43,44,45,44,43,46,3,45,0,0,45,44,47,38,48,38,47,37,0,49,1,49,0,44,27,50,51,50,27,36,41,52,38,52,48,38,4,51,5,51,4,27,44,53,49,53,44,46,24,16,30,19,30,16],"type":"triangles","base":0,"count":162}],"meshInstances":[{"node":2,"mesh":0}]}}