{"model":{"version":3,"nodes":[{"name":"RootNode","position":[0,0,0],"rotation":[0,0,0],"scale":[0.01,0.01,0.01],"scaleCompensation":false},{"name":"prop-generic_shadow","position":[0,0,0],"rotation":[2.50448e-06,-0,0],"scale":[1,1,1],"scaleCompensation":false}],"parents":[-1,0],"skins":[],"morphs":[],"vertices":[{"position":{"type":"float32","components":3,"data":[140.145,2,139.96,150,2,120,130,2,120,125.794,2,126.27,130,2,120,120,2,130,125.794,2,126.27,130,2,1.22465e-16,0,2,1.22465e-16,0,2,130,120,2,130,0,2,130,0,2,150,120,2,150,130,2,1.22465e-16,150,2,1.22465e-16,-150,2,120,-140.145,2,139.96,-130,2,120,-125.794,2,126.27,-120,2,130,-130,2,1.22465e-16,-130,2,120,-125.794,2,126.27,-120,2,150,-120,2,130,-150,2,1.22465e-16,-130,2,1.22465e-16,130,2,-120,150,2,-120,140.145,2,-139.96,125.794,2,-126.27,120,2,-130,130,2,-120,125.794,2,-126.27,0,2,-130,0,2,-150,120,2,-130,120,2,-150,0,2,-130,-125.794,2,-126.27,-140.145,2,-139.96,-130,2,-120,-150,2,-120,-130,2,-120,-120,2,-130,-125.794,2,-126.27,-120,2,-150,-120,2,-130]},"normal":{"type":"float32","components":3,"data":[0,1,6.12323e-17,0,1,6.12323e-17,0,1,6.12323e-17,0,1,6.12323e-17,0,1,6.12323e-17,0,1,6.12323e-17,0,1,6.12323e-17,0,1,6.12323e-17,0,1,6.12323e-17,0,1,6.12323e-17,0,1,6.12323e-17,0,1,6.12323e-17,0,1,6.12323e-17,0,1,6.12323e-17,0,1,6.12323e-17,0,1,6.12323e-17,0,1,6.12323e-17,0,1,6.12323e-17,0,1,6.12323e-17,0,1,6.12323e-17,0,1,6.12323e-17,0,1,6.12323e-17,0,1,6.12323e-17,0,1,6.12323e-17,0,1,6.12323e-17,0,1,6.12323e-17,0,1,6.12323e-17,0,1,6.12323e-17,0,1,6.12323e-17,0,1,6.12323e-17,0,1,6.12323e-17,0,1,6.12323e-17,0,1,6.12323e-17,0,1,6.12323e-17,0,1,6.12323e-17,0,1,6.12323e-17,0,1,6.12323e-17,0,1,6.12323e-17,0,1,6.12323e-17,0,1,6.12323e-17,0,1,6.12323e-17,0,1,6.12323e-17,0,1,6.12323e-17,0,1,6.12323e-17,0,1,6.12323e-17,0,1,6.12323e-17,0,1,6.12323e-17,0,1,6.12323e-17,0,1,6.12323e-17]},"color":{"type":"uint8","components":4,"data":[0,0,0,255,0,0,0,255,255,255,255,255,255,255,255,255,255,255,255,255,255,255,255,255,255,255,255,255,255,255,255,255,255,255,255,255,255,255,255,255,255,255,255,255,255,255,255,255,0,0,0,255,0,0,0,255,255,255,255,255,0,0,0,255,0,0,0,255,0,0,0,255,255,255,255,255,255,255,255,255,255,255,255,255,255,255,255,255,255,255,255,255,255,255,255,255,0,0,0,255,255,255,255,255,0,0,0,255,255,255,255,255,255,255,255,255,0,0,0,255,0,0,0,255,255,255,255,255,255,255,255,255,255,255,255,255,255,255,255,255,255,255,255,255,0,0,0,255,255,255,255,255,0,0,0,255,255,255,255,255,255,255,255,255,0,0,0,255,255,255,255,255,0,0,0,255,255,255,255,255,255,255,255,255,255,255,255,255,0,0,0,255,255,255,255,255]},"texCoord0":{"type":"float32","components":2,"data":[0.973376,0.49329,0.973376,0.528675,0.0907586,0.528675,0.0907586,0.49329,0.0850135,0.817032,0.0903167,0.76753,0.0883385,0.796211,0.0213755,0.817032,0.0213755,0.173514,0.0903167,0.173514,0.0907586,0.457897,0.0907586,0.177447,0.973376,0.177447,0.973376,0.457897,0.0907586,0.807868,0.973376,0.807868,0.973376,0.528675,0.973376,0.49329,0.0907586,0.528675,0.0907586,0.49329,0.0903167,0.76753,0.0213755,0.817032,0.0850135,0.817032,0.0883385,0.796211,0.973376,0.457897,0.0907586,0.457897,0.973376,0.807868,0.0907586,0.807868,0.0907586,0.528675,0.973376,0.528675,0.973376,0.49329,0.0907586,0.49329,0.0903167,0.76753,0.0850135,0.817032,0.0883385,0.796211,0.0903167,0.173514,0.973376,0.177447,0.0907586,0.457897,0.973376,0.457897,0.0907586,0.177447,0.0907586,0.49329,0.973376,0.49329,0.0907586,0.528675,0.973376,0.528675,0.0850135,0.817032,0.0903167,0.76753,0.0883385,0.796211,0.973376,0.457897,0.0907586,0.457897]}}],"meshes":[{"aabb":{"min":[-150,2,-150],"max":[150,2,150]},"vertices":0,"indices":[0,1,2,0,2,3,4,5,6,7,5,4,8,5,7,5,8,9,10,11,12,10,12,13,14,2,15,15,2,1,10,13,0,10,0,3,16,17,18,18,17,19,20,21,22,20,22,23,8,20,9,20,8,21,24,12,25,11,25,12,26,18,27,18,26,16,25,17,24,17,25,19,28,29,30,28,30,31,32,7,33,32,33,34,32,8,7,8,32,35,36,37,38,37,36,39,15,29,28,28,14,15,31,30,37,30,38,37,40,41,42,42,41,43,44,45,46,21,45,44,45,8,35,8,45,21,36,47,48,36,48,39,43,26,42,42,26,27,48,41,40,47,41,48],"type":"triangles","base":0,"count":144}],"meshInstances":[{"node":1,"mesh":0}]}}