{
  "model": {
    "version": 3,
    "nodes": [
      {
        "name": "RootNode",
        "position": [
          0,
          0,
          0
        ],
        "rotation": [
          0,
          0,
          0
        ],
        "scale": [
          0.01,
          0.01,
          0.01
        ],
        "scaleCompensation": false
      },
      {
        "name": "Cylinder006",
        "position": [
          0,
          0,
          0
        ],
        "rotation": [
          -90,
          0,
          0
        ],
        "scale": [
          1,
          1,
          1
        ],
        "scaleCompensation": false
      },
      {
        "name": "Dummy032",
        "position": [
          0,
          0,
          0.00000570748
        ],
        "rotation": [
          0.00000762939,
          0,
          0
        ],
        "scale": [
          1,
          1,
          1
        ],
        "scaleCompensation": false
      },
      {
        "name": "Dummy037",
        "position": [
          26.7418,
          -12.018,
          0.00000143265
        ],
        "rotation": [
          0,
          0,
          0
        ],
        "scale": [
          0.233127,
          0.233127,
          0.233127
        ],
        "scaleCompensation": false
      }
    ],
    "parents": [
      -1,
      0,
      0,
      2
    ],
    "skins": [
      {
        "inverseBindMatrices": [
          [
            100,
            0,
            0,
            0,
            0,
            100,
            -0.0000162921,
            0,
            0,
            0.0000162921,
            100,
            0,
            0,
            -9.29866e-13,
            -0.00000570748,
            1
          ]
        ],
        "boneNames": [
          "Dummy032"
        ]
      }
    ],
    "morphs": [],
    "vertices": [
      {
        "position": {
          "type": "float32",
          "components": 3,
          "data": [
            -0.000687256,
            -0.000722504,
            2.83656e-7,
            -0.000673218,
            -0.530239,
            4.09013e-7,
            0.102635,
            -0.520069,
            4.12074e-7,
            0.201972,
            -0.489939,
            4.12044e-7,
            0.293522,
            -0.441008,
            4.08925e-7,
            0.373765,
            -0.375158,
            4.02837e-7,
            0.439618,
            -0.294918,
            3.94014e-7,
            0.488551,
            -0.203372,
            4.22804e-7,
            0.518682,
            -0.104039,
            4.07969e-7,
            0.528855,
            -0.000735321,
            3.481e-7
          ]
        },
        "normal": {
          "type": "float32",
          "components": 3,
          "data": [
            -1.35679e-7,
            2.23076e-7,
            1,
            -5.29282e-8,
            2.36738e-7,
            1,
            -6.16874e-8,
            2.34996e-7,
            1,
            -7.86963e-8,
            2.29835e-7,
            1,
            -9.43712e-8,
            2.21456e-7,
            1,
            -1.0811e-7,
            2.1018e-7,
            1,
            -2.26971e-7,
            3.54233e-8,
            1,
            -2.68615e-7,
            3.81528e-8,
            1,
            -1.59699e-7,
            4.00421e-7,
            1,
            -1.21683e-7,
            5.91529e-7,
            1
          ]
        },
        "blendIndices": {
          "type": "uint8",
          "components": 4,
          "data": [
            0,
            0,
            0,
            0,
            0,
            0,
            0,
            0,
            0,
            0,
            0,
            0,
            0,
            0,
            0,
            0,
            0,
            0,
            0,
            0,
            0,
            0,
            0,
            0,
            0,
            0,
            0,
            0,
            0,
            0,
            0,
            0,
            0,
            0,
            0,
            0,
            0,
            0,
            0,
            0
          ]
        },
        "blendWeight": {
          "type": "float32",
          "components": 4,
          "data": [
            1,
            0,
            0,
            0,
            1,
            0,
            0,
            0,
            1,
            0,
            0,
            0,
            1,
            0,
            0,
            0,
            1,
            0,
            0,
            0,
            1,
            0,
            0,
            0,
            1,
            0,
            0,
            0,
            1,
            0,
            0,
            0,
            1,
            0,
            0,
            0,
            1,
            0,
            0,
            0
          ]
        },
        "texCoord0": {
          "type": "float32",
          "components": 2,
          "data": [
            0.00369966,
            0.76541,
            0.00369958,
            0.455027,
            0.0644837,
            0.460991,
            0.122932,
            0.478653,
            0.176798,
            0.507336,
            0.224012,
            0.545936,
            0.26276,
            0.59297,
            0.291552,
            0.646631,
            0.309282,
            0.704857,
            0.315269,
            0.76541
          ]
        }
      }
    ],
    "meshes": [
      {
        "aabb": {
          "min": [
            -0.000687256,
            -0.530239,
            2.83656e-7
          ],
          "max": [
            0.528855,
            -0.000722504,
            4.22804e-7
          ]
        },
        "vertices": 0,
        "skin": 0,
        "indices": [
          0,
          1,
          2,
          0,
          2,
          3,
          0,
          3,
          4,
          0,
          4,
          5,
          0,
          5,
          6,
          0,
          6,
          7,
          0,
          7,
          8,
          0,
          8,
          9
        ],
        "type": "triangles",
        "base": 0,
        "count": 24
      }
    ],
    "meshInstances": [
      {
        "node": 1,
        "mesh": 0
      }
    ]
  }
}