{"model":{"version":3,"nodes":[{"name":"RootNode","position":[0,0,0],"rotation":[0,0,0],"scale":[0.01,0.01,0.01],"scaleCompensation":false},{"name":"obstacle-ropefence_01_rope_H1","position":[-300,0,600],"rotation":[7.62939e-06,0,0],"scale":[1,1,1],"scaleCompensation":false}],"parents":[-1,0],"skins":[],"morphs":[],"vertices":[{"position":{"type":"float32","components":3,"data":[224.847,117.551,2.80531,290.004,143.623,4.03001,290.165,148.756,-4.76758,222.885,122.219,-6.03384,176.916,105.786,2.21672,175.797,110.749,-6.60852,126.65,104.643,2.091,126.545,109.742,-6.7267,71.4671,120.904,-5.8372,70.6124,115.887,2.98674,17.8032,141.568,-4.1333,16.3542,136.72,4.70738,290.005,133.437,3.98473,229.103,108.296,2.84344,179.364,95.898,2.22496,126.908,94.4594,2.08302,68.6332,105.895,2.9933,12.785,127.18,4.75888,231.397,103.709,-5.95764,290.167,128.383,-4.85808,180.692,90.9724,-6.59206,127.06,89.3753,-6.74269,67.5086,100.92,-5.82416,10.6647,122.487,-4.03038,290.328,133.515,-13.6557,229.436,108.377,-14.7968,179.572,95.935,-15.4173,126.954,94.4744,-15.5605,68.3633,105.937,-14.6482,12.1135,127.336,-12.8712,225.18,117.631,-14.8349,290.327,143.702,-13.6105,177.125,105.823,-15.4255,126.696,104.658,-15.5524,70.3425,115.929,-14.6547,15.6828,136.876,-12.9227,290.165,148.756,-4.76758,222.885,122.219,-6.03384,175.797,110.749,-6.60852,126.545,109.742,-6.7267,71.4671,120.904,-5.8372,17.8032,141.568,-4.1333,232.566,47.3345,5.52025,288.171,59.6567,3.10466,288.171,69.6282,3.10466,237.072,38.3263,5.32301,184.467,25.8713,7.02199,181.943,35.5506,7.14987,129.756,24.3982,8.20792,129.768,34.3681,8.51216,75.085,35.9302,8.71245,77.3651,45.7145,9.02371,9.23146,61.9552,8.63359,12.8873,71.3028,8.84001,238.954,33.8443,-3.40396,287.697,54.671,-5.51918,185.405,21.0698,-1.67192,129.727,19.4856,-0.552139,74.3363,31.0792,-0.0255737,8.12963,57.2163,-0.0774384,287.222,59.6567,-14.143,236.329,38.3704,-11.9336,183.819,25.9477,-10.238,129.756,24.5432,-8.97005,75.8683,36.0124,-8.45204,10.684,61.825,-8.582,231.823,47.3785,-11.7364,287.222,69.6282,-14.143,181.295,35.6271,-10.1101,129.75,34.513,-8.67992,78.148,45.7967,-8.14119,14.34,71.1726,-8.37561,287.697,74.6139,-5.51918,229.942,51.8606,-3.00941,180.357,40.4286,-1.41618,129.76,39.4255,0.0645142,78.8961,50.6478,0.596573,15.4416,75.9116,0.335449,287.697,74.6139,-5.51918,229.942,51.8606,-3.00941,180.357,40.4286,-1.41618,129.76,39.4255,0.0645142,78.8961,50.6478,0.596573,15.4416,75.9116,0.335449]},"normal":{"type":"float32","components":3,"data":[-0.145939,0.461122,0.875253,-0.220772,0.555001,0.802019,-0.369129,0.929371,0.00370927,-0.301759,0.953379,0.00303608,-0.0536149,0.469313,0.881403,-0.126618,0.991951,0.00114538,0.0625629,0.472439,0.87914,0.0922308,0.995729,-0.00403955,0.28056,0.95974,-0.0136422,0.179845,0.457925,0.870609,0.35852,0.933493,-0.00728146,0.2396,0.456966,0.856606,0.161256,-0.388434,0.907257,0.165861,-0.497998,0.851168,0.0790805,-0.522844,0.848752,-0.024728,-0.526741,0.849666,-0.10148,-0.508691,0.854948,-0.116878,-0.476578,0.871328,0.317155,-0.948361,-0.00484193,0.384244,-0.923221,-0.00448882,0.140151,-0.990121,-0.00424586,-0.0780368,-0.996949,-0.00197853,-0.272159,-0.962251,0.00151085,-0.354468,-0.934941,0.0154604,0.158846,-0.380675,-0.910963,0.159462,-0.492076,-0.855823,0.0607488,-0.5194,-0.852369,-0.0652574,-0.52246,-0.850163,-0.186071,-0.492542,-0.850165,-0.237478,-0.458246,-0.856513,-0.15279,0.465431,-0.871796,-0.222563,0.561196,-0.797198,-0.0736761,0.470053,-0.879558,0.0174274,0.472025,-0.881413,0.0859621,0.46573,-0.880742,0.121042,0.482473,-0.867507,-0.369129,0.929371,0.00370927,-0.301759,0.953379,0.00303608,-0.126618,0.991951,0.00114538,0.0922308,0.995729,-0.00403955,0.28056,0.95974,-0.0136422,0.35852,0.933493,-0.00728146,-0.112512,0.458322,0.881636,0.200394,-0.381812,0.902254,-0.185373,0.555122,0.810849,0.193497,-0.498836,0.84482,0.0903453,-0.52726,0.844887,-0.0354265,0.461955,0.886196,-0.0373248,-0.539498,0.841159,0.0569785,0.449342,0.891541,-0.153163,-0.515116,0.843325,0.136577,0.435961,0.889542,-0.187964,-0.472148,0.861247,0.170693,0.434942,0.884132,0.314753,-0.949064,-0.0144597,0.388495,-0.921304,-0.0164686,0.133747,-0.99097,-0.00951972,-0.0868286,-0.996161,-0.0111556,-0.285977,-0.958073,-0.0177225,-0.367421,-0.930052,0.00220338,0.122176,-0.383113,-0.915586,0.127503,-0.495058,-0.859454,0.0409166,-0.512924,-0.857458,-0.061504,-0.509293,-0.858393,-0.146816,-0.47707,-0.866516,-0.177283,-0.45355,-0.87342,-0.179936,0.465518,-0.866554,-0.256861,0.559801,-0.78781,-0.0868065,0.480175,-0.872867,0.0302706,0.487295,-0.872713,0.142111,0.480116,-0.865617,0.198924,0.493175,-0.846881,-0.368495,0.929362,0.0223206,-0.294294,0.955562,0.0171085,-0.119552,0.992759,0.0116762,0.100806,0.994772,0.0163565,0.294433,0.955406,0.0225407,0.369066,0.928148,0.0482914,-0.368495,0.929362,0.0223206,-0.294294,0.955562,0.0171085,-0.119552,0.992759,0.0116762,0.100806,0.994772,0.0163565,0.294433,0.955406,0.0225407,0.369066,0.928148,0.0482914]},"texCoord0":{"type":"float32","components":2,"data":[0.207809,0.0711014,0.122372,0.0705017,0.11913,0.0548177,0.2083,0.0551141,0.28616,0.0704562,0.28667,0.0544741,0.366663,0.0690504,0.36728,0.0530671,0.45932,0.0521933,0.45847,0.0681537,0.573605,0.0542489,0.572878,0.0701666,0.12862,0.0852057,0.206343,0.0869493,0.284671,0.0863132,0.36502,0.0848552,0.456892,0.0839659,0.572422,0.0860617,0.205461,0.102804,0.131577,0.101092,0.283997,0.102317,0.36425,0.100822,0.455967,0.0998651,0.572134,0.102033,0.127986,0.116782,0.205961,0.118609,0.284916,0.118287,0.365211,0.116804,0.456436,0.11584,0.571841,0.118059,0.207301,0.134323,0.120927,0.131096,0.286813,0.134067,0.367287,0.132597,0.457837,0.131759,0.571554,0.134082,0.116688,0.146532,0.207667,0.150229,0.287903,0.150003,0.368669,0.148531,0.458876,0.147752,0.57141,0.150083,0.207738,0.201941,0.130592,0.215651,0.124331,0.20131,0.206205,0.217424,0.284433,0.216864,0.285887,0.201347,0.364767,0.215711,0.366436,0.200248,0.456959,0.215601,0.458665,0.200154,0.573736,0.219321,0.574391,0.203727,0.205382,0.232928,0.133729,0.231182,0.284022,0.232546,0.364349,0.231372,0.456358,0.2312,0.573191,0.234975,0.130299,0.246561,0.206028,0.248359,0.285171,0.248147,0.365633,0.246972,0.457104,0.246828,0.572621,0.250649,0.207442,0.263703,0.123216,0.260472,0.287,0.263604,0.367578,0.26245,0.458284,0.262449,0.572117,0.266294,0.118802,0.275522,0.207722,0.279284,0.287717,0.279253,0.368366,0.278116,0.458609,0.278143,0.571785,0.281921,0.121233,0.185926,0.208362,0.186297,0.286702,0.185727,0.367587,0.184667,0.460195,0.184631,0.575297,0.188153]}}],"meshes":[{"aabb":{"min":[8.12963,19.4856,-15.5605],"max":[290.328,148.756,9.02371]},"vertices":0,"indices":[0,1,2,2,3,0,4,0,3,3,5,4,6,4,5,5,7,6,6,8,9,8,6,7,9,10,11,10,9,8,0,12,1,12,0,13,14,13,0,0,4,14,15,14,4,4,6,15,16,15,6,6,9,16,17,16,9,17,9,11,18,19,12,12,13,18,20,18,13,13,14,20,21,20,14,14,15,21,21,16,22,16,21,15,22,17,23,17,22,16,24,18,25,18,24,19,25,20,26,20,25,18,26,21,27,21,26,20,28,27,21,21,22,28,29,28,22,22,23,29,30,31,24,30,24,25,30,26,32,26,30,25,32,27,33,27,32,26,33,28,34,28,33,27,29,34,28,34,29,35,36,30,37,30,36,31,37,32,38,32,37,30,38,33,39,33,38,32,40,39,33,33,34,40,41,40,34,34,35,41,42,43,44,43,42,45,46,45,42,42,47,46,48,46,47,47,49,48,50,48,49,49,51,50,52,50,51,52,51,53,54,55,43,43,45,54,56,54,45,45,46,56,57,56,46,46,48,57,57,50,58,50,57,48,58,52,59,52,58,50,60,54,61,54,60,55,61,56,62,56,61,54,62,57,63,57,62,56,64,63,57,57,58,64,65,64,58,58,59,65,66,67,60,66,60,61,66,62,68,62,66,61,68,63,69,63,68,62,69,64,70,64,69,63,70,65,71,65,70,64,72,66,73,66,72,67,73,68,74,68,73,66,74,69,75,69,74,68,76,75,69,69,70,76,77,76,70,70,71,77,42,44,78,78,79,42,47,42,79,79,80,47,49,47,80,80,81,49,49,82,51,82,49,81,51,83,53,83,51,82],"type":"triangles","base":0,"count":360}],"meshInstances":[{"node":1,"mesh":0}]}}