{"animation":{"version":4,"name":"stand","duration":0.0333333,"nodes":[{"name":"Pyramid003","defaults":{"p":[0,0,9.07652e-07],"r":[-90,0,0],"s":[1,1,1]},"keys":[{"t":0},{"t":0.0333333}]},{"name":"Dummy768","defaults":{"p":[0,20.0024,-3.27805e-06],"r":[0,0,0],"s":[1.1121,1.11416,1.1121]},"keys":[{"t":0},{"t":0.0333333}]}]}}